Student ID,Signup Date,Year,Month,City,City Tier,Age Group,Gender,Course Name,Subject Category,Grade Level,Plan Type,Mode of Learning,Enrollment Status,Completion %,Revenue (INR),Course Rating
STU12728,2021-01-01,2021,Jan,Mumbai,Tier 1,18+,Male,Spoken English Mastery,Skill Development,All,Annual,Online,Completed,100.0,4749.56,4.0
STU10424,2021-01-01,2021,Jan,Mumbai,Tier 1,18+,Female,Class 6 Foundation,School Curriculum,6,Monthly,Online,Active,51.3,834.21,4.6
STU14019,2021-01-01,2021,Jan,Guwahati,Tier 3,6-10,Male,Robotics & AI Basics,Coding,6-8,Annual,Online,Churned,34.3,12204.14,4.5
STU10181,2021-01-02,2021,Jan,Ahmedabad,Tier 1,11-14,Female,Class 10 CBSE Complete,School Curriculum,10,Annual,Online,Completed,100.0,13597.32,3.6
STU13262,2021-01-02,2021,Jan,Chennai,Tier 1,15-17,Male,Spoken English Mastery,Skill Development,All,Annual,Online,Churned,45.2,4579.1,4.3
STU10879,2021-01-02,2021,Jan,Guwahati,Tier 3,6-10,Female,UPSC Prelims Foundation,Competitive Exam,Graduate,Monthly,Offline,Trial - Not Converted,18.5,0.0,
STU11398,2021-01-02,2021,Jan,Pune,Tier 1,15-17,Male,Class 8 Maths & Science,School Curriculum,8,Monthly,Offline,Churned,36.7,909.64,4.0
STU12578,2021-01-02,2021,Jan,Surat,Tier 2,6-10,Female,Class 10 CBSE Complete,School Curriculum,10,Monthly,Online,Completed,100.0,1415.62,4.0
STU12780,2021-01-02,2021,Jan,Pune,Tier 1,15-17,Male,Class 6 Foundation,School Curriculum,6,Annual,Online,Completed,100.0,8732.88,4.4
STU15708,2021-01-03,2021,Jan,Nagpur,Tier 2,11-14,Female,Python for Beginners,Coding,6-8,Quarterly,Offline,Trial - Not Converted,22.4,0.0,
STU14358,2021-01-03,2021,Jan,Bengaluru,Tier 1,18+,Male,UPSC Prelims Foundation,Competitive Exam,Graduate,Annual,Offline,Trial - Not Converted,1.3,0.0,
STU11586,2021-01-04,2021,Jan,Jaipur,Tier 2,18+,Female,Class 10 CBSE Complete,School Curriculum,10,Quarterly,Online,Active,81.9,4619.8,4.7
STU12388,2021-01-04,2021,Jan,Nagpur,Tier 2,11-14,Female,Robotics & AI Basics,Coding,6-8,Annual,Online,Churned,47.6,12643.67,4.8
STU12020,2021-01-04,2021,Jan,Pune,Tier 1,11-14,Female,NEET Crash Course,Competitive Exam,11-12,Monthly,Online,Churned,56.9,3934.74,3.0
STU12482,2021-01-04,2021,Jan,Mumbai,Tier 1,6-10,Female,JEE Main Foundation,Competitive Exam,11-12,Monthly,Online,Trial - Not Converted,23.3,0.0,
STU14115,2021-01-04,2021,Jan,Kanpur,Tier 2,6-10,Male,Class 8 Maths & Science,School Curriculum,8,Annual,Offline,Trial - Not Converted,20.3,0.0,
STU15164,2021-01-04,2021,Jan,Indore,Tier 2,11-14,Male,Coding for Kids - Scratch,Coding,3-5,Annual,Online,Trial - Not Converted,1.9,0.0,
STU15597,2021-01-04,2021,Jan,Kolkata,Tier 1,15-17,Female,Spoken English Mastery,Skill Development,All,Quarterly,Online,Churned,12.1,1493.87,3.8
STU14397,2021-01-04,2021,Jan,Jodhpur,Tier 3,11-14,Female,Python for Beginners,Coding,6-8,Monthly,Online,Active,73.5,775.19,4.2
STU12101,2021-01-05,2021,Jan,Bengaluru,Tier 1,6-10,Male,Spoken English Mastery,Skill Development,All,Annual,Online,Active,83.0,5136.3,4.8
STU12307,2021-01-05,2021,Jan,Bengaluru,Tier 1,6-10,Female,Python for Beginners,Coding,6-8,Quarterly,Online,Active,41.2,2433.17,4.1
STU15062,2021-01-05,2021,Jan,Pune,Tier 1,18+,Male,Class 8 Maths & Science,School Curriculum,8,Annual,Online,Active,89.4,9223.04,4.2
STU13572,2021-01-06,2021,Jan,Bengaluru,Tier 1,6-10,Female,NEET Crash Course,Competitive Exam,11-12,Monthly,Offline,Completed,100.0,4067.96,4.4
STU10272,2021-01-06,2021,Jan,Hyderabad,Tier 1,11-14,Male,Class 8 Maths & Science,School Curriculum,8,Monthly,Online,Churned,52.7,1033.66,3.2
STU15664,2021-01-06,2021,Jan,Ahmedabad,Tier 1,11-14,Male,Class 6 Foundation,School Curriculum,6,Annual,Online,Active,57.3,8475.49,4.5
STU14891,2021-01-06,2021,Jan,Varanasi,Tier 3,15-17,Male,NEET Crash Course,Competitive Exam,11-12,Quarterly,Online,Churned,35.6,13401.8,3.6
STU10659,2021-01-06,2021,Jan,Meerut,Tier 3,6-10,Female,Python for Beginners,Coding,6-8,Annual,Offline,Completed,100.0,7939.79,4.4
STU14588,2021-01-07,2021,Jan,Hyderabad,Tier 1,11-14,Female,Robotics & AI Basics,Coding,6-8,Monthly,Online,Active,86.2,1286.69,4.7
STU11008,2021-01-07,2021,Jan,Kanpur,Tier 2,15-17,Female,Class 10 CBSE Complete,School Curriculum,10,Annual,Online,Active,87.8,15238.16,3.7
STU14769,2021-01-07,2021,Jan,Ranchi,Tier 3,11-14,Female,Robotics & AI Basics,Coding,6-8,Monthly,Online,Active,42.7,1255.02,4.6
STU14553,2021-01-08,2021,Jan,Jaipur,Tier 2,11-14,Female,UPSC Prelims Foundation,Competitive Exam,Graduate,Monthly,Online,Active,93.8,4611.91,4.0
STU14417,2021-01-08,2021,Jan,Bengaluru,Tier 1,15-17,Female,Python for Beginners,Coding,6-8,Annual,Online,Active,89.7,8018.25,4.8
STU12228,2021-01-08,2021,Jan,Ranchi,Tier 3,15-17,Male,UPSC Prelims Foundation,Competitive Exam,Graduate,Annual,Offline,Trial - Not Converted,9.5,0.0,
STU12952,2021-01-09,2021,Jan,Ahmedabad,Tier 1,15-17,Male,Class 8 Maths & Science,School Curriculum,8,Annual,Online,Trial - Not Converted,10.8,0.0,
STU13845,2021-01-09,2021,Jan,Patna,Tier 2,15-17,Male,JEE Main Foundation,Competitive Exam,11-12,Annual,Online,Completed,100.0,35812.26,3.5
STU13444,2021-01-09,2021,Jan,Hyderabad,Tier 1,18+,Female,Class 10 CBSE Complete,School Curriculum,10,Annual,Online,Churned,27.4,14895.92,4.5
STU13883,2021-01-09,2021,Jan,Ahmedabad,Tier 1,11-14,Female,UPSC Prelims Foundation,Competitive Exam,Graduate,Annual,Offline,Churned,23.0,45705.81,4.9
STU11431,2021-01-09,2021,Jan,Bengaluru,Tier 1,18+,Female,Class 6 Foundation,School Curriculum,6,Annual,Offline,Trial - Not Converted,15.7,0.0,
STU14427,2021-01-10,2021,Jan,Hyderabad,Tier 1,15-17,Male,Python for Beginners,Coding,6-8,Annual,Online,Active,48.3,7718.5,4.4
STU14266,2021-01-10,2021,Jan,Kota,Tier 3,15-17,Male,JEE Main Foundation,Competitive Exam,11-12,Annual,Offline,Churned,23.8,37207.27,4.6
STU15657,2021-01-10,2021,Jan,Chennai,Tier 1,11-14,Female,Python for Beginners,Coding,6-8,Annual,Online,Trial - Not Converted,13.2,0.0,
STU14629,2021-01-11,2021,Jan,Lucknow,Tier 2,15-17,Male,Robotics & AI Basics,Coding,6-8,Monthly,Offline,Active,63.6,1238.96,3.8
STU11868,2021-01-11,2021,Jan,Delhi,Tier 1,15-17,Female,Python for Beginners,Coding,6-8,Annual,Online,Active,42.4,8223.21,4.5
STU10490,2021-01-11,2021,Jan,Ahmedabad,Tier 1,11-14,Male,JEE Main Foundation,Competitive Exam,11-12,Quarterly,Offline,Active,67.4,11797.88,3.2
STU12360,2021-01-11,2021,Jan,Hyderabad,Tier 1,6-10,Male,NEET Crash Course,Competitive Exam,11-12,Quarterly,Online,Completed,100.0,13509.17,3.3
STU12805,2021-01-11,2021,Jan,Nagpur,Tier 2,11-14,Female,NEET Crash Course,Competitive Exam,11-12,Annual,Offline,Active,73.4,41915.25,4.3
STU10697,2021-01-11,2021,Jan,Surat,Tier 2,6-10,Male,Class 6 Foundation,School Curriculum,6,Annual,Online,Trial - Not Converted,9.3,0.0,
STU12993,2021-01-11,2021,Jan,Ranchi,Tier 3,6-10,Male,Class 6 Foundation,School Curriculum,6,Monthly,Online,Active,25.7,785.41,3.9
STU14821,2021-01-11,2021,Jan,Delhi,Tier 1,6-10,Male,Class 8 Maths & Science,School Curriculum,8,Annual,Online,Trial - Not Converted,11.8,0.0,
STU15376,2021-01-11,2021,Jan,Patna,Tier 2,11-14,Male,UPSC Prelims Foundation,Competitive Exam,Graduate,Annual,Offline,Trial - Not Converted,11.9,0.0,
STU12560,2021-01-12,2021,Jan,Varanasi,Tier 3,18+,Male,Coding for Kids - Scratch,Coding,3-5,Quarterly,Online,Churned,38.9,1808.9,4.2
STU10218,2021-01-12,2021,Jan,Bhopal,Tier 2,18+,Male,Class 8 Maths & Science,School Curriculum,8,Annual,Online,Active,39.3,10220.15,3.3
STU13945,2021-01-12,2021,Jan,Varanasi,Tier 3,6-10,Female,Class 8 Maths & Science,School Curriculum,8,Quarterly,Offline,Active,70.4,3094.97,4.5
STU13965,2021-01-13,2021,Jan,Bhopal,Tier 2,6-10,Female,Coding for Kids - Scratch,Coding,3-5,Monthly,Online,Completed,100.0,645.03,5.0
STU14988,2021-01-13,2021,Jan,Hyderabad,Tier 1,15-17,Male,Python for Beginners,Coding,6-8,Monthly,Online,Active,97.6,716.48,4.1
STU13099,2021-01-13,2021,Jan,Hyderabad,Tier 1,11-14,Female,Class 8 Maths & Science,School Curriculum,8,Monthly,Offline,Active,96.1,936.68,3.7
STU13869,2021-01-13,2021,Jan,Chennai,Tier 1,11-14,Female,UPSC Prelims Foundation,Competitive Exam,Graduate,Quarterly,Online,Completed,100.0,13728.37,3.7
STU12334,2021-01-14,2021,Jan,Nagpur,Tier 2,6-10,Female,Class 8 Maths & Science,School Curriculum,8,Annual,Online,Active,25.7,9904.32,4.0
STU13212,2021-01-14,2021,Jan,Kolkata,Tier 1,18+,Male,NEET Crash Course,Competitive Exam,11-12,Annual,Offline,Active,44.4,41208.48,4.2
STU10499,2021-01-15,2021,Jan,Bengaluru,Tier 1,15-17,Male,Class 8 Maths & Science,School Curriculum,8,Monthly,Offline,Completed,100.0,948.9,3.7
STU10385,2021-01-15,2021,Jan,Nagpur,Tier 2,6-10,Male,Class 6 Foundation,School Curriculum,6,Monthly,Online,Completed,100.0,868.12,4.2
STU14694,2021-01-15,2021,Jan,Ahmedabad,Tier 1,6-10,Male,Python for Beginners,Coding,6-8,Monthly,Online,Trial - Not Converted,1.5,0.0,
STU13639,2021-01-15,2021,Jan,Jodhpur,Tier 3,6-10,Male,Spoken English Mastery,Skill Development,All,Annual,Offline,Active,51.0,5127.37,4.3
STU13777,2021-01-15,2021,Jan,Mumbai,Tier 1,18+,Female,Robotics & AI Basics,Coding,6-8,Annual,Online,Active,88.8,11428.19,4.1
STU14853,2021-01-15,2021,Jan,Kolkata,Tier 1,6-10,Female,Class 10 CBSE Complete,School Curriculum,10,Quarterly,Offline,Active,79.1,4084.43,4.0
STU12117,2021-01-15,2021,Jan,Varanasi,Tier 3,11-14,Female,Robotics & AI Basics,Coding,6-8,Quarterly,Online,Active,85.9,3429.3,5.0
STU12348,2021-01-15,2021,Jan,Hyderabad,Tier 1,15-17,Male,Class 8 Maths & Science,School Curriculum,8,Annual,Offline,Active,87.7,10161.9,3.6
STU15998,2021-01-16,2021,Jan,Lucknow,Tier 2,11-14,Female,Robotics & AI Basics,Coding,6-8,Annual,Offline,Trial - Not Converted,23.2,0.0,
STU15410,2021-01-16,2021,Jan,Mumbai,Tier 1,6-10,Female,Spoken English Mastery,Skill Development,All,Quarterly,Online,Completed,100.0,1411.5,4.9
STU11421,2021-01-16,2021,Jan,Pune,Tier 1,11-14,Male,Python for Beginners,Coding,6-8,Quarterly,Online,Trial - Not Converted,0.4,0.0,
STU13978,2021-01-16,2021,Jan,Mumbai,Tier 1,18+,Female,Class 10 CBSE Complete,School Curriculum,10,Monthly,Online,Active,31.9,1519.34,3.7
STU13699,2021-01-16,2021,Jan,Indore,Tier 2,11-14,Female,Class 6 Foundation,School Curriculum,6,Monthly,Online,Active,75.7,833.59,4.5
STU11083,2021-01-17,2021,Jan,Lucknow,Tier 2,18+,Female,Class 6 Foundation,School Curriculum,6,Monthly,Online,Completed,100.0,869.93,3.5
STU14940,2021-01-17,2021,Jan,Jodhpur,Tier 3,15-17,Male,UPSC Prelims Foundation,Competitive Exam,Graduate,Annual,Online,Churned,37.3,48118.69,3.7
STU15400,2021-01-17,2021,Jan,Jaipur,Tier 2,15-17,Male,Spoken English Mastery,Skill Development,All,Quarterly,Online,Completed,100.0,1355.17,3.6
STU15983,2021-01-17,2021,Jan,Varanasi,Tier 3,11-14,Male,Robotics & AI Basics,Coding,6-8,Monthly,Online,Active,80.0,1126.57,3.7
STU10866,2021-01-17,2021,Jan,Pune,Tier 1,15-17,Female,Class 6 Foundation,School Curriculum,6,Quarterly,Offline,Completed,100.0,2330.91,4.2
STU14032,2021-01-17,2021,Jan,Kolkata,Tier 1,6-10,Female,JEE Main Foundation,Competitive Exam,11-12,Monthly,Offline,Completed,100.0,3744.32,3.4
STU13030,2021-01-18,2021,Jan,Ahmedabad,Tier 1,18+,Female,Class 10 CBSE Complete,School Curriculum,10,Quarterly,Offline,Active,63.7,4226.64,4.4
STU13280,2021-01-18,2021,Jan,Chennai,Tier 1,11-14,Male,Python for Beginners,Coding,6-8,Quarterly,Online,Trial - Not Converted,5.8,0.0,
STU14704,2021-01-18,2021,Jan,Surat,Tier 2,6-10,Female,Class 10 CBSE Complete,School Curriculum,10,Annual,Offline,Active,40.8,14608.71,4.8
STU12457,2021-01-18,2021,Jan,Meerut,Tier 3,11-14,Female,JEE Main Foundation,Competitive Exam,11-12,Quarterly,Online,Active,35.6,10201.2,3.6
STU15391,2021-01-18,2021,Jan,Ahmedabad,Tier 1,15-17,Male,Class 6 Foundation,School Curriculum,6,Quarterly,Offline,Active,52.5,2533.49,4.2
STU12739,2021-01-19,2021,Jan,Kanpur,Tier 2,11-14,Male,Python for Beginners,Coding,6-8,Quarterly,Online,Active,40.1,2182.82,5.0
STU10269,2021-01-19,2021,Jan,Lucknow,Tier 2,6-10,Male,UPSC Prelims Foundation,Competitive Exam,Graduate,Monthly,Offline,Completed,100.0,4974.17,4.1
STU12969,2021-01-20,2021,Jan,Kanpur,Tier 2,6-10,Female,Coding for Kids - Scratch,Coding,3-5,Quarterly,Online,Trial - Not Converted,3.5,0.0,
STU11685,2021-01-20,2021,Jan,Indore,Tier 2,6-10,Male,Robotics & AI Basics,Coding,6-8,Quarterly,Online,Active,56.2,3598.13,4.4
STU12240,2021-01-20,2021,Jan,Surat,Tier 2,15-17,Female,Class 10 CBSE Complete,School Curriculum,10,Annual,Offline,Active,45.8,13728.5,4.4
STU14051,2021-01-20,2021,Jan,Hyderabad,Tier 1,11-14,Male,Class 6 Foundation,School Curriculum,6,Annual,Online,Active,82.9,7955.57,4.9
STU12691,2021-01-20,2021,Jan,Patna,Tier 2,15-17,Female,NEET Crash Course,Competitive Exam,11-12,Annual,Online,Active,40.1,41171.88,4.0
STU15873,2021-01-20,2021,Jan,Bengaluru,Tier 1,6-10,Female,Robotics & AI Basics,Coding,6-8,Quarterly,Online,Trial - Not Converted,13.0,0.0,
STU15403,2021-01-21,2021,Jan,Jodhpur,Tier 3,15-17,Female,Robotics & AI Basics,Coding,6-8,Annual,Online,Trial - Not Converted,24.3,0.0,
STU14211,2021-01-21,2021,Jan,Nagpur,Tier 2,18+,Male,NEET Crash Course,Competitive Exam,11-12,Quarterly,Offline,Completed,100.0,12079.65,4.1
STU13966,2021-01-21,2021,Jan,Ahmedabad,Tier 1,15-17,Female,Robotics & AI Basics,Coding,6-8,Monthly,Online,Active,27.6,1163.58,3.8
STU12572,2021-01-21,2021,Jan,Bhopal,Tier 2,6-10,Female,NEET Crash Course,Competitive Exam,11-12,Annual,Offline,Active,25.2,41684.22,3.3
STU11978,2021-01-22,2021,Jan,Kota,Tier 3,6-10,Male,Python for Beginners,Coding,6-8,Annual,Online,Active,21.1,7425.54,3.7
STU13239,2021-01-22,2021,Jan,Delhi,Tier 1,15-17,Male,Robotics & AI Basics,Coding,6-8,Quarterly,Online,Churned,54.8,3654.58,3.9
STU10077,2021-01-22,2021,Jan,Surat,Tier 2,18+,Female,Class 8 Maths & Science,School Curriculum,8,Quarterly,Online,Churned,25.6,2890.71,3.5
STU13037,2021-01-22,2021,Jan,Mumbai,Tier 1,6-10,Female,Spoken English Mastery,Skill Development,All,Annual,Online,Active,94.7,4993.49,4.8
STU11266,2021-01-23,2021,Jan,Mumbai,Tier 1,15-17,Male,Coding for Kids - Scratch,Coding,3-5,Monthly,Online,Churned,33.8,613.48,5.0
STU12290,2021-01-23,2021,Jan,Kanpur,Tier 2,15-17,Male,Coding for Kids - Scratch,Coding,3-5,Annual,Offline,Active,81.4,6967.63,4.0
STU11362,2021-01-23,2021,Jan,Jaipur,Tier 2,6-10,Male,Coding for Kids - Scratch,Coding,3-5,Quarterly,Offline,Active,39.7,1867.08,4.5
STU14195,2021-01-23,2021,Jan,Bhopal,Tier 2,15-17,Male,UPSC Prelims Foundation,Competitive Exam,Graduate,Annual,Offline,Trial - Not Converted,19.4,0.0,
STU10729,2021-01-23,2021,Jan,Kolkata,Tier 1,6-10,Female,JEE Main Foundation,Competitive Exam,11-12,Quarterly,Online,Active,20.5,11351.8,4.0
STU14763,2021-01-23,2021,Jan,Meerut,Tier 3,18+,Male,NEET Crash Course,Competitive Exam,11-12,Annual,Online,Active,53.4,40976.05,3.8
STU11645,2021-01-23,2021,Jan,Jaipur,Tier 2,11-14,Female,Class 6 Foundation,School Curriculum,6,Monthly,Online,Active,94.8,752.97,4.7
STU14178,2021-01-24,2021,Jan,Pune,Tier 1,18+,Male,UPSC Prelims Foundation,Competitive Exam,Graduate,Quarterly,Online,Active,82.6,14996.08,3.4
STU12422,2021-01-24,2021,Jan,Kolkata,Tier 1,11-14,Female,NEET Crash Course,Competitive Exam,11-12,Quarterly,Online,Active,53.6,12224.85,3.6
STU11763,2021-01-24,2021,Jan,Delhi,Tier 1,6-10,Female,Spoken English Mastery,Skill Development,All,Annual,Online,Active,99.9,5109.76,4.0
STU11438,2021-01-24,2021,Jan,Jaipur,Tier 2,18+,Female,Class 10 CBSE Complete,School Curriculum,10,Annual,Offline,Active,70.5,15698.51,5.0
STU12400,2021-01-24,2021,Jan,Pune,Tier 1,15-17,Male,Coding for Kids - Scratch,Coding,3-5,Annual,Online,Trial - Not Converted,6.3,0.0,
STU13626,2021-01-24,2021,Jan,Delhi,Tier 1,15-17,Female,NEET Crash Course,Competitive Exam,11-12,Monthly,Online,Active,95.1,4526.53,4.6
STU14745,2021-01-25,2021,Jan,Ahmedabad,Tier 1,15-17,Female,UPSC Prelims Foundation,Competitive Exam,Graduate,Annual,Online,Churned,51.0,51627.52,5.0
STU13633,2021-01-25,2021,Jan,Kolkata,Tier 1,11-14,Male,JEE Main Foundation,Competitive Exam,11-12,Monthly,Offline,Active,26.2,3421.4,4.7
STU12966,2021-01-25,2021,Jan,Chennai,Tier 1,15-17,Female,Class 8 Maths & Science,School Curriculum,8,Quarterly,Offline,Completed,100.0,2913.91,4.0
STU13749,2021-01-26,2021,Jan,Surat,Tier 2,6-10,Male,Python for Beginners,Coding,6-8,Annual,Online,Trial - Not Converted,8.4,0.0,
STU15713,2021-01-26,2021,Jan,Chennai,Tier 1,18+,Female,JEE Main Foundation,Competitive Exam,11-12,Monthly,Online,Trial - Not Converted,17.8,0.0,
STU11542,2021-01-26,2021,Jan,Surat,Tier 2,6-10,Male,Python for Beginners,Coding,6-8,Quarterly,Online,Active,76.9,2237.09,4.7
STU12851,2021-01-26,2021,Jan,Mumbai,Tier 1,15-17,Female,Class 10 CBSE Complete,School Curriculum,10,Quarterly,Online,Active,21.1,4195.92,4.6
STU15665,2021-01-26,2021,Jan,Kolkata,Tier 1,15-17,Female,UPSC Prelims Foundation,Competitive Exam,Graduate,Quarterly,Offline,Active,73.9,15444.39,4.4
STU15055,2021-01-27,2021,Jan,Ahmedabad,Tier 1,15-17,Male,Python for Beginners,Coding,6-8,Quarterly,Online,Active,96.8,2445.83,4.3
STU13990,2021-01-27,2021,Jan,Indore,Tier 2,18+,Male,Class 10 CBSE Complete,School Curriculum,10,Annual,Offline,Trial - Not Converted,23.5,0.0,
STU12733,2021-01-27,2021,Jan,Delhi,Tier 1,18+,Male,UPSC Prelims Foundation,Competitive Exam,Graduate,Quarterly,Online,Active,68.3,15354.66,3.7
STU13220,2021-01-27,2021,Jan,Lucknow,Tier 2,15-17,Male,Class 10 CBSE Complete,School Curriculum,10,Monthly,Online,Trial - Not Converted,17.6,0.0,
STU15041,2021-01-28,2021,Jan,Indore,Tier 2,6-10,Male,Spoken English Mastery,Skill Development,All,Monthly,Online,Completed,100.0,497.28,3.6
STU13217,2021-01-28,2021,Jan,Guwahati,Tier 3,11-14,Male,Class 6 Foundation,School Curriculum,6,Annual,Online,Trial - Not Converted,21.6,0.0,
STU12981,2021-01-28,2021,Jan,Nagpur,Tier 2,6-10,Male,Coding for Kids - Scratch,Coding,3-5,Monthly,Online,Churned,46.8,650.05,4.3
STU14960,2021-01-28,2021,Jan,Bhopal,Tier 2,6-10,Female,NEET Crash Course,Competitive Exam,11-12,Quarterly,Online,Active,64.0,11815.41,4.2
STU14630,2021-01-28,2021,Jan,Mumbai,Tier 1,15-17,Female,Class 8 Maths & Science,School Curriculum,8,Monthly,Online,Trial - Not Converted,18.2,0.0,
STU12361,2021-01-28,2021,Jan,Pune,Tier 1,18+,Male,Robotics & AI Basics,Coding,6-8,Quarterly,Online,Active,25.2,3384.47,4.3
STU11486,2021-01-28,2021,Jan,Hyderabad,Tier 1,6-10,Female,Class 8 Maths & Science,School Curriculum,8,Quarterly,Offline,Active,37.0,2873.13,5.0
STU15897,2021-01-29,2021,Jan,Hyderabad,Tier 1,11-14,Female,Class 6 Foundation,School Curriculum,6,Annual,Online,Active,85.7,7925.63,3.9
STU12122,2021-01-29,2021,Jan,Lucknow,Tier 2,6-10,Female,Coding for Kids - Scratch,Coding,3-5,Monthly,Online,Completed,100.0,652.86,3.6
STU14781,2021-01-30,2021,Jan,Jaipur,Tier 2,6-10,Female,Class 6 Foundation,School Curriculum,6,Quarterly,Offline,Active,60.7,2458.39,3.8
STU10117,2021-01-30,2021,Jan,Kolkata,Tier 1,11-14,Male,NEET Crash Course,Competitive Exam,11-12,Monthly,Offline,Completed,100.0,4194.92,5.0
STU15538,2021-01-30,2021,Jan,Hyderabad,Tier 1,18+,Female,UPSC Prelims Foundation,Competitive Exam,Graduate,Quarterly,Online,Active,91.5,15609.9,3.7
STU12157,2021-01-30,2021,Jan,Lucknow,Tier 2,15-17,Female,Robotics & AI Basics,Coding,6-8,Annual,Online,Churned,58.3,12875.08,4.2
STU14252,2021-01-31,2021,Jan,Mumbai,Tier 1,15-17,Female,NEET Crash Course,Competitive Exam,11-12,Annual,Offline,Churned,59.8,44855.01,4.3
STU11148,2021-01-31,2021,Jan,Bengaluru,Tier 1,11-14,Male,NEET Crash Course,Competitive Exam,11-12,Quarterly,Online,Completed,100.0,11709.55,3.1
STU13812,2021-01-31,2021,Jan,Bengaluru,Tier 1,11-14,Male,Spoken English Mastery,Skill Development,All,Annual,Online,Trial - Not Converted,4.0,0.0,
STU15067,2021-02-01,2021,Feb,Jaipur,Tier 2,18+,Male,Python for Beginners,Coding,6-8,Monthly,Online,Churned,20.5,730.91,4.5
STU13035,2021-02-01,2021,Feb,Pune,Tier 1,11-14,Male,Class 6 Foundation,School Curriculum,6,Annual,Offline,Active,87.2,8424.31,5.0
STU12945,2021-02-01,2021,Feb,Ahmedabad,Tier 1,11-14,Male,JEE Main Foundation,Competitive Exam,11-12,Quarterly,Online,Active,21.4,11055.46,4.5
STU12053,2021-02-01,2021,Feb,Surat,Tier 2,18+,Male,JEE Main Foundation,Competitive Exam,11-12,Annual,Offline,Trial - Not Converted,18.3,0.0,
STU10702,2021-02-01,2021,Feb,Meerut,Tier 3,11-14,Female,JEE Main Foundation,Competitive Exam,11-12,Annual,Offline,Active,90.3,38531.99,4.3
STU14889,2021-02-01,2021,Feb,Kolkata,Tier 1,15-17,Female,Python for Beginners,Coding,6-8,Quarterly,Online,Active,32.7,2154.82,4.7
STU15171,2021-02-01,2021,Feb,Bhopal,Tier 2,18+,Male,UPSC Prelims Foundation,Competitive Exam,Graduate,Annual,Offline,Completed,100.0,49525.41,4.1
STU15370,2021-02-01,2021,Feb,Bhopal,Tier 2,11-14,Female,Robotics & AI Basics,Coding,6-8,Monthly,Online,Trial - Not Converted,19.8,0.0,
STU14628,2021-02-02,2021,Feb,Chennai,Tier 1,18+,Female,Class 6 Foundation,School Curriculum,6,Quarterly,Offline,Completed,100.0,2464.43,4.7
STU13152,2021-02-02,2021,Feb,Delhi,Tier 1,15-17,Male,JEE Main Foundation,Competitive Exam,11-12,Quarterly,Online,Active,87.3,11394.22,4.8
STU10488,2021-02-02,2021,Feb,Pune,Tier 1,11-14,Female,UPSC Prelims Foundation,Competitive Exam,Graduate,Monthly,Online,Completed,100.0,4973.09,3.6
STU14392,2021-02-02,2021,Feb,Ahmedabad,Tier 1,6-10,Female,Coding for Kids - Scratch,Coding,3-5,Annual,Online,Active,75.1,6586.92,5.0
STU10605,2021-02-02,2021,Feb,Delhi,Tier 1,11-14,Female,Robotics & AI Basics,Coding,6-8,Annual,Online,Completed,100.0,12230.19,5.0
STU14855,2021-02-02,2021,Feb,Hyderabad,Tier 1,15-17,Female,Class 6 Foundation,School Curriculum,6,Annual,Online,Active,66.7,8481.8,2.6
STU15345,2021-02-03,2021,Feb,Ranchi,Tier 3,18+,Female,Spoken English Mastery,Skill Development,All,Monthly,Online,Trial - Not Converted,11.4,0.0,
STU13704,2021-02-03,2021,Feb,Jaipur,Tier 2,6-10,Female,Coding for Kids - Scratch,Coding,3-5,Annual,Online,Completed,100.0,6758.92,3.3
STU14420,2021-02-03,2021,Feb,Mumbai,Tier 1,11-14,Male,Coding for Kids - Scratch,Coding,3-5,Annual,Online,Churned,42.8,6294.86,4.5
STU10068,2021-02-03,2021,Feb,Jaipur,Tier 2,15-17,Male,Class 10 CBSE Complete,School Curriculum,10,Annual,Online,Churned,12.3,13980.41,4.6
STU11952,2021-02-03,2021,Feb,Jodhpur,Tier 3,6-10,Male,Python for Beginners,Coding,6-8,Monthly,Online,Active,90.6,818.58,3.9
STU14995,2021-02-04,2021,Feb,Lucknow,Tier 2,6-10,Male,Class 10 CBSE Complete,School Curriculum,10,Annual,Online,Active,83.1,15075.75,4.3
STU13935,2021-02-04,2021,Feb,Kolkata,Tier 1,15-17,Male,Coding for Kids - Scratch,Coding,3-5,Quarterly,Online,Trial - Not Converted,20.3,0.0,
STU13745,2021-02-04,2021,Feb,Kanpur,Tier 2,11-14,Male,JEE Main Foundation,Competitive Exam,11-12,Monthly,Offline,Trial - Not Converted,17.7,0.0,
STU14302,2021-02-04,2021,Feb,Ahmedabad,Tier 1,11-14,Female,Class 6 Foundation,School Curriculum,6,Quarterly,Online,Completed,100.0,2311.67,4.5
STU15141,2021-02-04,2021,Feb,Chennai,Tier 1,11-14,Female,Python for Beginners,Coding,6-8,Quarterly,Online,Completed,100.0,2178.49,4.7
STU10855,2021-02-05,2021,Feb,Indore,Tier 2,6-10,Male,Class 10 CBSE Complete,School Curriculum,10,Quarterly,Online,Completed,100.0,4569.79,5.0
STU10092,2021-02-05,2021,Feb,Mumbai,Tier 1,11-14,Female,UPSC Prelims Foundation,Competitive Exam,Graduate,Annual,Online,Trial - Not Converted,9.7,0.0,
STU15169,2021-02-05,2021,Feb,Bhopal,Tier 2,18+,Female,UPSC Prelims Foundation,Competitive Exam,Graduate,Quarterly,Offline,Completed,100.0,14142.48,4.5
STU11735,2021-02-05,2021,Feb,Lucknow,Tier 2,18+,Male,Class 8 Maths & Science,School Curriculum,8,Quarterly,Online,Trial - Not Converted,15.6,0.0,
STU12852,2021-02-06,2021,Feb,Bengaluru,Tier 1,15-17,Female,Python for Beginners,Coding,6-8,Annual,Online,Trial - Not Converted,21.7,0.0,
STU14860,2021-02-06,2021,Feb,Indore,Tier 2,11-14,Male,UPSC Prelims Foundation,Competitive Exam,Graduate,Monthly,Online,Completed,100.0,4590.74,4.4
STU14766,2021-02-06,2021,Feb,Meerut,Tier 3,6-10,Female,Class 6 Foundation,School Curriculum,6,Quarterly,Online,Churned,47.8,2262.7,4.4
STU13976,2021-02-06,2021,Feb,Kolkata,Tier 1,18+,Male,Python for Beginners,Coding,6-8,Quarterly,Online,Trial - Not Converted,5.0,0.0,
STU12788,2021-02-07,2021,Feb,Kolkata,Tier 1,15-17,Male,Robotics & AI Basics,Coding,6-8,Annual,Online,Active,99.9,11386.64,3.7
STU15202,2021-02-07,2021,Feb,Bengaluru,Tier 1,6-10,Female,JEE Main Foundation,Competitive Exam,11-12,Annual,Online,Active,96.4,34637.54,4.5
STU14341,2021-02-07,2021,Feb,Surat,Tier 2,15-17,Female,Spoken English Mastery,Skill Development,All,Annual,Online,Active,84.6,4560.96,3.5
STU11010,2021-02-08,2021,Feb,Delhi,Tier 1,15-17,Female,UPSC Prelims Foundation,Competitive Exam,Graduate,Quarterly,Online,Trial - Not Converted,11.7,0.0,
STU13167,2021-02-08,2021,Feb,Bengaluru,Tier 1,6-10,Male,NEET Crash Course,Competitive Exam,11-12,Monthly,Online,Active,80.6,4453.26,3.8
STU15292,2021-02-09,2021,Feb,Pune,Tier 1,15-17,Male,Robotics & AI Basics,Coding,6-8,Annual,Online,Active,70.6,12797.36,5.0
STU10099,2021-02-09,2021,Feb,Kolkata,Tier 1,15-17,Female,Spoken English Mastery,Skill Development,All,Monthly,Offline,Active,62.2,473.78,4.1
STU12267,2021-02-09,2021,Feb,Bhopal,Tier 2,18+,Male,NEET Crash Course,Competitive Exam,11-12,Annual,Online,Churned,12.4,41119.3,3.2
STU13837,2021-02-09,2021,Feb,Surat,Tier 2,18+,Female,Class 6 Foundation,School Curriculum,6,Annual,Offline,Active,82.3,7949.15,4.0
STU11114,2021-02-09,2021,Feb,Surat,Tier 2,18+,Male,Class 6 Foundation,School Curriculum,6,Monthly,Online,Active,74.5,866.11,4.4
STU15915,2021-02-09,2021,Feb,Kota,Tier 3,11-14,Female,Robotics & AI Basics,Coding,6-8,Annual,Online,Churned,41.1,11710.17,4.4
STU15847,2021-02-10,2021,Feb,Delhi,Tier 1,15-17,Male,Robotics & AI Basics,Coding,6-8,Monthly,Online,Churned,15.7,1166.23,4.5
STU12186,2021-02-10,2021,Feb,Hyderabad,Tier 1,18+,Female,Class 10 CBSE Complete,School Curriculum,10,Annual,Offline,Churned,55.9,14729.62,4.6
STU14876,2021-02-10,2021,Feb,Kolkata,Tier 1,18+,Female,Spoken English Mastery,Skill Development,All,Annual,Online,Active,62.2,4558.12,3.4
STU14897,2021-02-10,2021,Feb,Indore,Tier 2,18+,Male,Spoken English Mastery,Skill Development,All,Monthly,Offline,Trial - Not Converted,2.3,0.0,
STU12745,2021-02-10,2021,Feb,Patna,Tier 2,15-17,Male,UPSC Prelims Foundation,Competitive Exam,Graduate,Annual,Online,Completed,100.0,52007.26,4.9
STU12480,2021-02-10,2021,Feb,Pune,Tier 1,15-17,Male,Class 8 Maths & Science,School Curriculum,8,Monthly,Offline,Trial - Not Converted,18.9,0.0,
STU14957,2021-02-10,2021,Feb,Lucknow,Tier 2,11-14,Female,Spoken English Mastery,Skill Development,All,Annual,Online,Trial - Not Converted,14.5,0.0,
STU13590,2021-02-10,2021,Feb,Bengaluru,Tier 1,15-17,Female,Class 6 Foundation,School Curriculum,6,Annual,Offline,Active,40.1,7858.07,4.2
STU11693,2021-02-10,2021,Feb,Hyderabad,Tier 1,18+,Female,Class 8 Maths & Science,School Curriculum,8,Annual,Offline,Completed,100.0,9362.23,3.0
STU11158,2021-02-10,2021,Feb,Kolkata,Tier 1,18+,Female,Spoken English Mastery,Skill Development,All,Quarterly,Online,Active,45.8,1487.43,4.3
STU13486,2021-02-10,2021,Feb,Raipur,Tier 3,6-10,Male,JEE Main Foundation,Competitive Exam,11-12,Annual,Online,Trial - Not Converted,6.3,0.0,
STU14883,2021-02-11,2021,Feb,Chennai,Tier 1,6-10,Female,JEE Main Foundation,Competitive Exam,11-12,Annual,Offline,Active,31.6,33885.04,5.0
STU15388,2021-02-11,2021,Feb,Jodhpur,Tier 3,6-10,Female,NEET Crash Course,Competitive Exam,11-12,Annual,Online,Churned,43.2,39317.58,4.3
STU13382,2021-02-11,2021,Feb,Kolkata,Tier 1,6-10,Female,Class 6 Foundation,School Curriculum,6,Quarterly,Online,Trial - Not Converted,11.4,0.0,
STU12373,2021-02-11,2021,Feb,Chennai,Tier 1,6-10,Female,Class 10 CBSE Complete,School Curriculum,10,Quarterly,Offline,Churned,33.7,4567.57,5.0
STU11593,2021-02-11,2021,Feb,Hyderabad,Tier 1,6-10,Female,Robotics & AI Basics,Coding,6-8,Annual,Online,Trial - Not Converted,7.1,0.0,
STU11125,2021-02-11,2021,Feb,Delhi,Tier 1,6-10,Female,UPSC Prelims Foundation,Competitive Exam,Graduate,Annual,Offline,Active,52.7,52418.82,4.1
STU14728,2021-02-12,2021,Feb,Mumbai,Tier 1,18+,Female,JEE Main Foundation,Competitive Exam,11-12,Quarterly,Offline,Active,57.7,10279.61,4.5
STU15233,2021-02-12,2021,Feb,Indore,Tier 2,15-17,Female,UPSC Prelims Foundation,Competitive Exam,Graduate,Annual,Offline,Churned,51.6,45237.14,4.5
STU15009,2021-02-12,2021,Feb,Pune,Tier 1,11-14,Female,Spoken English Mastery,Skill Development,All,Annual,Online,Completed,100.0,4912.51,3.5
STU13771,2021-02-12,2021,Feb,Bengaluru,Tier 1,18+,Female,Class 10 CBSE Complete,School Curriculum,10,Annual,Offline,Active,89.9,14940.12,4.4
STU13323,2021-02-12,2021,Feb,Chennai,Tier 1,6-10,Male,Spoken English Mastery,Skill Development,All,Annual,Online,Trial - Not Converted,8.0,0.0,
STU11639,2021-02-12,2021,Feb,Lucknow,Tier 2,11-14,Male,UPSC Prelims Foundation,Competitive Exam,Graduate,Monthly,Online,Churned,20.8,4950.37,5.0
STU13870,2021-02-13,2021,Feb,Ranchi,Tier 3,6-10,Male,Class 10 CBSE Complete,School Curriculum,10,Monthly,Online,Active,84.5,1507.54,3.4
STU13854,2021-02-13,2021,Feb,Ahmedabad,Tier 1,15-17,Male,UPSC Prelims Foundation,Competitive Exam,Graduate,Quarterly,Offline,Trial - Not Converted,19.1,0.0,
STU12229,2021-02-13,2021,Feb,Jaipur,Tier 2,6-10,Male,JEE Main Foundation,Competitive Exam,11-12,Quarterly,Online,Completed,100.0,10132.72,4.1
STU14874,2021-02-13,2021,Feb,Chennai,Tier 1,15-17,Female,Spoken English Mastery,Skill Development,All,Monthly,Online,Active,24.1,457.2,4.8
STU15565,2021-02-14,2021,Feb,Bengaluru,Tier 1,6-10,Male,Class 8 Maths & Science,School Curriculum,8,Annual,Online,Active,30.4,9564.55,3.9
STU10559,2021-02-14,2021,Feb,Mumbai,Tier 1,11-14,Male,Class 8 Maths & Science,School Curriculum,8,Annual,Offline,Completed,100.0,9464.62,4.4
STU10259,2021-02-14,2021,Feb,Raipur,Tier 3,15-17,Female,Class 6 Foundation,School Curriculum,6,Monthly,Online,Churned,44.6,864.22,3.2
STU10108,2021-02-14,2021,Feb,Chennai,Tier 1,11-14,Male,UPSC Prelims Foundation,Competitive Exam,Graduate,Annual,Offline,Churned,24.8,45711.99,3.9
STU13285,2021-02-14,2021,Feb,Raipur,Tier 3,15-17,Female,UPSC Prelims Foundation,Competitive Exam,Graduate,Annual,Online,Trial - Not Converted,12.1,0.0,
STU12199,2021-02-14,2021,Feb,Surat,Tier 2,15-17,Male,Spoken English Mastery,Skill Development,All,Quarterly,Offline,Trial - Not Converted,19.7,0.0,
STU12018,2021-02-15,2021,Feb,Ahmedabad,Tier 1,18+,Male,Class 10 CBSE Complete,School Curriculum,10,Monthly,Online,Active,38.8,1423.18,4.2
STU11962,2021-02-15,2021,Feb,Patna,Tier 2,11-14,Male,Python for Beginners,Coding,6-8,Monthly,Offline,Active,36.4,786.31,4.0
STU10166,2021-02-15,2021,Feb,Jaipur,Tier 2,15-17,Male,Robotics & AI Basics,Coding,6-8,Monthly,Online,Trial - Not Converted,19.9,0.0,
STU10169,2021-02-15,2021,Feb,Hyderabad,Tier 1,15-17,Female,Class 8 Maths & Science,School Curriculum,8,Annual,Offline,Trial - Not Converted,9.5,0.0,
STU11780,2021-02-15,2021,Feb,Surat,Tier 2,15-17,Female,Class 6 Foundation,School Curriculum,6,Quarterly,Online,Churned,42.5,2573.6,3.3
STU15899,2021-02-15,2021,Feb,Ahmedabad,Tier 1,11-14,Female,Python for Beginners,Coding,6-8,Annual,Online,Active,99.4,7224.93,5.0
STU12323,2021-02-16,2021,Feb,Nagpur,Tier 2,15-17,Male,Robotics & AI Basics,Coding,6-8,Monthly,Offline,Active,83.2,1300.26,4.5
STU10079,2021-02-17,2021,Feb,Delhi,Tier 1,15-17,Female,Coding for Kids - Scratch,Coding,3-5,Annual,Online,Churned,28.9,6882.89,3.3
STU11893,2021-02-17,2021,Feb,Kota,Tier 3,18+,Female,Class 10 CBSE Complete,School Curriculum,10,Annual,Online,Completed,100.0,15286.96,4.4
STU10998,2021-02-17,2021,Feb,Pune,Tier 1,6-10,Male,UPSC Prelims Foundation,Competitive Exam,Graduate,Annual,Online,Churned,19.0,50208.17,4.0
STU14668,2021-02-17,2021,Feb,Surat,Tier 2,6-10,Female,Class 6 Foundation,School Curriculum,6,Annual,Online,Active,73.5,8527.49,3.2
STU12200,2021-02-18,2021,Feb,Bhopal,Tier 2,15-17,Male,UPSC Prelims Foundation,Competitive Exam,Graduate,Annual,Online,Active,26.6,48363.44,4.5
STU14882,2021-02-18,2021,Feb,Hyderabad,Tier 1,11-14,Female,Python for Beginners,Coding,6-8,Annual,Online,Active,90.1,7367.74,2.6
STU11136,2021-02-18,2021,Feb,Ahmedabad,Tier 1,18+,Male,Coding for Kids - Scratch,Coding,3-5,Annual,Online,Active,36.9,6964.26,3.6
STU15617,2021-02-19,2021,Feb,Nagpur,Tier 2,15-17,Female,Python for Beginners,Coding,6-8,Quarterly,Online,Active,46.6,2432.34,3.9
STU10132,2021-02-19,2021,Feb,Bengaluru,Tier 1,15-17,Male,Class 8 Maths & Science,School Curriculum,8,Quarterly,Offline,Churned,22.1,2959.66,4.9
STU12619,2021-02-19,2021,Feb,Kota,Tier 3,11-14,Male,Class 6 Foundation,School Curriculum,6,Monthly,Offline,Active,47.9,776.89,3.8
STU14946,2021-02-19,2021,Feb,Delhi,Tier 1,6-10,Female,Python for Beginners,Coding,6-8,Quarterly,Online,Active,39.1,2475.27,3.3
STU12990,2021-02-19,2021,Feb,Bengaluru,Tier 1,6-10,Female,Class 8 Maths & Science,School Curriculum,8,Quarterly,Online,Active,48.3,2839.3,5.0
STU10223,2021-02-19,2021,Feb,Mumbai,Tier 1,18+,Female,Coding for Kids - Scratch,Coding,3-5,Annual,Offline,Trial - Not Converted,20.7,0.0,
STU10992,2021-02-19,2021,Feb,Meerut,Tier 3,15-17,Female,Class 6 Foundation,School Curriculum,6,Quarterly,Online,Trial - Not Converted,16.6,0.0,
STU10910,2021-02-19,2021,Feb,Bhopal,Tier 2,18+,Female,Spoken English Mastery,Skill Development,All,Annual,Online,Active,37.0,4812.3,3.8
STU14717,2021-02-20,2021,Feb,Surat,Tier 2,6-10,Female,UPSC Prelims Foundation,Competitive Exam,Graduate,Monthly,Online,Churned,59.8,5047.51,4.3
STU14532,2021-02-20,2021,Feb,Delhi,Tier 1,15-17,Male,Class 8 Maths & Science,School Curriculum,8,Annual,Offline,Active,77.1,9689.52,5.0
STU15144,2021-02-20,2021,Feb,Ahmedabad,Tier 1,6-10,Male,Coding for Kids - Scratch,Coding,3-5,Annual,Online,Completed,100.0,6814.45,4.1
STU12718,2021-02-20,2021,Feb,Hyderabad,Tier 1,15-17,Female,Spoken English Mastery,Skill Development,All,Annual,Online,Active,52.4,4857.72,3.5
STU10719,2021-02-20,2021,Feb,Ahmedabad,Tier 1,18+,Male,JEE Main Foundation,Competitive Exam,11-12,Quarterly,Online,Active,33.6,10471.35,4.7
STU15393,2021-02-20,2021,Feb,Delhi,Tier 1,11-14,Female,Robotics & AI Basics,Coding,6-8,Quarterly,Online,Active,24.5,3482.49,3.9
STU12492,2021-02-20,2021,Feb,Chennai,Tier 1,6-10,Female,Coding for Kids - Scratch,Coding,3-5,Monthly,Online,Active,67.7,695.35,4.4
STU15606,2021-02-20,2021,Feb,Varanasi,Tier 3,6-10,Female,Robotics & AI Basics,Coding,6-8,Annual,Online,Trial - Not Converted,4.3,0.0,
STU14560,2021-02-21,2021,Feb,Pune,Tier 1,18+,Female,Coding for Kids - Scratch,Coding,3-5,Quarterly,Online,Trial - Not Converted,17.2,0.0,
STU12218,2021-02-22,2021,Feb,Patna,Tier 2,6-10,Male,Robotics & AI Basics,Coding,6-8,Annual,Offline,Active,89.3,12911.35,4.7
STU12059,2021-02-22,2021,Feb,Delhi,Tier 1,18+,Male,NEET Crash Course,Competitive Exam,11-12,Annual,Online,Trial - Not Converted,14.7,0.0,
STU10543,2021-02-22,2021,Feb,Delhi,Tier 1,15-17,Male,Python for Beginners,Coding,6-8,Annual,Online,Active,61.2,7624.07,3.5
STU11203,2021-02-22,2021,Feb,Jaipur,Tier 2,11-14,Female,Class 8 Maths & Science,School Curriculum,8,Monthly,Online,Completed,100.0,1047.28,4.7
STU13032,2021-02-22,2021,Feb,Pune,Tier 1,15-17,Male,JEE Main Foundation,Competitive Exam,11-12,Annual,Offline,Active,51.8,38409.64,4.2
STU12672,2021-02-23,2021,Feb,Jaipur,Tier 2,6-10,Female,Robotics & AI Basics,Coding,6-8,Annual,Online,Churned,45.1,12552.39,5.0
STU11161,2021-02-23,2021,Feb,Varanasi,Tier 3,15-17,Male,Spoken English Mastery,Skill Development,All,Monthly,Online,Trial - Not Converted,12.7,0.0,
STU12172,2021-02-24,2021,Feb,Bengaluru,Tier 1,11-14,Male,Class 8 Maths & Science,School Curriculum,8,Annual,Offline,Churned,12.4,9219.1,3.7
STU12933,2021-02-24,2021,Feb,Bengaluru,Tier 1,18+,Female,Coding for Kids - Scratch,Coding,3-5,Annual,Online,Trial - Not Converted,10.2,0.0,
STU11928,2021-02-25,2021,Feb,Delhi,Tier 1,11-14,Female,Class 10 CBSE Complete,School Curriculum,10,Annual,Offline,Active,45.6,15107.52,5.0
STU14737,2021-02-25,2021,Feb,Ahmedabad,Tier 1,6-10,Male,Coding for Kids - Scratch,Coding,3-5,Annual,Offline,Completed,100.0,6780.25,4.2
STU14163,2021-02-25,2021,Feb,Kolkata,Tier 1,6-10,Male,Spoken English Mastery,Skill Development,All,Annual,Online,Active,21.4,5161.25,3.7
STU13289,2021-02-25,2021,Feb,Jaipur,Tier 2,18+,Female,Python for Beginners,Coding,6-8,Monthly,Offline,Completed,100.0,756.67,4.4
STU11317,2021-02-25,2021,Feb,Indore,Tier 2,18+,Male,NEET Crash Course,Competitive Exam,11-12,Annual,Online,Active,78.3,43675.11,4.6
STU11854,2021-02-26,2021,Feb,Kota,Tier 3,6-10,Male,NEET Crash Course,Competitive Exam,11-12,Annual,Offline,Completed,100.0,43523.46,2.7
STU11015,2021-02-26,2021,Feb,Kolkata,Tier 1,18+,Female,Robotics & AI Basics,Coding,6-8,Quarterly,Online,Active,75.9,3626.31,4.7
STU11607,2021-02-26,2021,Feb,Lucknow,Tier 2,15-17,Female,NEET Crash Course,Competitive Exam,11-12,Quarterly,Online,Trial - Not Converted,9.1,0.0,
STU10948,2021-02-27,2021,Feb,Ahmedabad,Tier 1,11-14,Male,Class 8 Maths & Science,School Curriculum,8,Annual,Online,Active,66.3,10474.53,3.9
STU13210,2021-02-27,2021,Feb,Kolkata,Tier 1,6-10,Female,Python for Beginners,Coding,6-8,Monthly,Online,Churned,17.3,763.39,5.0
STU15417,2021-02-27,2021,Feb,Chennai,Tier 1,11-14,Male,Class 10 CBSE Complete,School Curriculum,10,Annual,Offline,Trial - Not Converted,3.0,0.0,
STU13003,2021-02-28,2021,Feb,Bengaluru,Tier 1,15-17,Female,Coding for Kids - Scratch,Coding,3-5,Quarterly,Online,Trial - Not Converted,6.4,0.0,
STU12551,2021-02-28,2021,Feb,Kanpur,Tier 2,15-17,Female,JEE Main Foundation,Competitive Exam,11-12,Quarterly,Online,Active,65.5,10909.42,4.2
STU13053,2021-03-01,2021,Mar,Jaipur,Tier 2,18+,Male,Class 8 Maths & Science,School Curriculum,8,Quarterly,Online,Churned,15.9,2946.73,3.6
STU12802,2021-03-01,2021,Mar,Kolkata,Tier 1,11-14,Female,NEET Crash Course,Competitive Exam,11-12,Annual,Offline,Trial - Not Converted,11.5,0.0,
STU12169,2021-03-01,2021,Mar,Hyderabad,Tier 1,6-10,Female,Python for Beginners,Coding,6-8,Annual,Online,Churned,53.3,7369.24,4.1
STU10379,2021-03-01,2021,Mar,Delhi,Tier 1,18+,Male,JEE Main Foundation,Competitive Exam,11-12,Quarterly,Offline,Trial - Not Converted,20.7,0.0,
STU11442,2021-03-01,2021,Mar,Delhi,Tier 1,11-14,Female,JEE Main Foundation,Competitive Exam,11-12,Monthly,Offline,Active,97.3,3844.3,3.8
STU15535,2021-03-02,2021,Mar,Bengaluru,Tier 1,15-17,Female,Class 6 Foundation,School Curriculum,6,Annual,Online,Completed,100.0,7702.22,4.7
STU15066,2021-03-02,2021,Mar,Nagpur,Tier 2,11-14,Female,Class 6 Foundation,School Curriculum,6,Annual,Online,Completed,100.0,8197.98,5.0
STU14541,2021-03-02,2021,Mar,Ahmedabad,Tier 1,6-10,Female,Coding for Kids - Scratch,Coding,3-5,Quarterly,Online,Trial - Not Converted,7.0,0.0,
STU11190,2021-03-03,2021,Mar,Hyderabad,Tier 1,6-10,Female,Class 8 Maths & Science,School Curriculum,8,Annual,Offline,Active,98.9,9536.36,4.9
STU11331,2021-03-03,2021,Mar,Kota,Tier 3,18+,Male,JEE Main Foundation,Competitive Exam,11-12,Monthly,Online,Active,95.7,3638.99,3.6
STU12189,2021-03-03,2021,Mar,Bengaluru,Tier 1,6-10,Female,Class 6 Foundation,School Curriculum,6,Monthly,Online,Active,72.6,795.91,3.1
STU15745,2021-03-03,2021,Mar,Surat,Tier 2,11-14,Male,NEET Crash Course,Competitive Exam,11-12,Annual,Online,Trial - Not Converted,1.6,0.0,
STU12526,2021-03-03,2021,Mar,Ahmedabad,Tier 1,11-14,Female,Class 10 CBSE Complete,School Curriculum,10,Quarterly,Offline,Trial - Not Converted,0.8,0.0,
STU10972,2021-03-03,2021,Mar,Hyderabad,Tier 1,11-14,Female,Python for Beginners,Coding,6-8,Annual,Online,Active,61.5,7657.68,3.8
STU13888,2021-03-04,2021,Mar,Indore,Tier 2,6-10,Female,Spoken English Mastery,Skill Development,All,Annual,Online,Active,39.1,5196.34,3.6
STU14522,2021-03-04,2021,Mar,Meerut,Tier 3,18+,Male,Robotics & AI Basics,Coding,6-8,Annual,Online,Completed,100.0,11419.17,3.9
STU11060,2021-03-04,2021,Mar,Chennai,Tier 1,6-10,Female,Class 10 CBSE Complete,School Curriculum,10,Annual,Online,Active,90.9,15148.27,4.3
STU11704,2021-03-04,2021,Mar,Nagpur,Tier 2,6-10,Female,Robotics & AI Basics,Coding,6-8,Monthly,Online,Active,65.0,1271.21,2.4
STU15331,2021-03-05,2021,Mar,Bengaluru,Tier 1,18+,Male,Robotics & AI Basics,Coding,6-8,Monthly,Online,Active,70.9,1176.2,5.0
STU13940,2021-03-05,2021,Mar,Lucknow,Tier 2,6-10,Female,NEET Crash Course,Competitive Exam,11-12,Quarterly,Offline,Trial - Not Converted,13.4,0.0,
STU12611,2021-03-05,2021,Mar,Hyderabad,Tier 1,18+,Female,Python for Beginners,Coding,6-8,Annual,Online,Churned,24.0,8311.0,4.0
STU10696,2021-03-06,2021,Mar,Nagpur,Tier 2,11-14,Female,Class 10 CBSE Complete,School Curriculum,10,Monthly,Online,Active,98.8,1466.08,4.9
STU12372,2021-03-06,2021,Mar,Chennai,Tier 1,11-14,Male,Python for Beginners,Coding,6-8,Monthly,Online,Completed,100.0,780.06,5.0
STU11796,2021-03-06,2021,Mar,Mumbai,Tier 1,11-14,Male,Python for Beginners,Coding,6-8,Annual,Online,Active,35.2,8126.77,4.6
STU11810,2021-03-06,2021,Mar,Lucknow,Tier 2,6-10,Male,Class 8 Maths & Science,School Curriculum,8,Annual,Offline,Churned,21.3,10135.74,3.7
STU12206,2021-03-07,2021,Mar,Hyderabad,Tier 1,15-17,Female,Class 8 Maths & Science,School Curriculum,8,Quarterly,Offline,Trial - Not Converted,21.2,0.0,
STU10687,2021-03-07,2021,Mar,Bengaluru,Tier 1,6-10,Female,NEET Crash Course,Competitive Exam,11-12,Annual,Online,Active,95.7,41397.68,3.7
STU12804,2021-03-07,2021,Mar,Hyderabad,Tier 1,15-17,Male,Class 10 CBSE Complete,School Curriculum,10,Annual,Offline,Active,76.9,14086.19,4.0
STU13418,2021-03-08,2021,Mar,Pune,Tier 1,15-17,Male,Coding for Kids - Scratch,Coding,3-5,Annual,Online,Active,61.1,6188.32,4.8
STU10710,2021-03-08,2021,Mar,Bhopal,Tier 2,11-14,Male,JEE Main Foundation,Competitive Exam,11-12,Quarterly,Offline,Churned,51.7,11467.52,3.1
STU13019,2021-03-08,2021,Mar,Indore,Tier 2,15-17,Female,Class 6 Foundation,School Curriculum,6,Annual,Offline,Active,97.8,8367.45,5.0
STU11611,2021-03-08,2021,Mar,Lucknow,Tier 2,11-14,Female,Python for Beginners,Coding,6-8,Annual,Offline,Active,92.3,8062.83,3.3
STU14873,2021-03-08,2021,Mar,Bengaluru,Tier 1,15-17,Male,Spoken English Mastery,Skill Development,All,Annual,Offline,Trial - Not Converted,20.1,0.0,
STU11195,2021-03-09,2021,Mar,Hyderabad,Tier 1,18+,Male,Robotics & AI Basics,Coding,6-8,Quarterly,Online,Active,26.3,3623.24,4.2
STU11265,2021-03-09,2021,Mar,Guwahati,Tier 3,15-17,Female,Coding for Kids - Scratch,Coding,3-5,Monthly,Online,Active,60.4,653.12,4.4
STU15499,2021-03-09,2021,Mar,Kota,Tier 3,15-17,Female,Spoken English Mastery,Skill Development,All,Quarterly,Online,Active,90.0,1455.64,4.3
STU11825,2021-03-09,2021,Mar,Guwahati,Tier 3,15-17,Female,NEET Crash Course,Competitive Exam,11-12,Annual,Online,Active,86.4,45220.27,4.5
STU15580,2021-03-09,2021,Mar,Jaipur,Tier 2,15-17,Male,Robotics & AI Basics,Coding,6-8,Annual,Online,Active,86.8,11771.39,3.7
STU14423,2021-03-10,2021,Mar,Mumbai,Tier 1,15-17,Female,NEET Crash Course,Competitive Exam,11-12,Annual,Online,Active,22.2,39771.8,4.0
STU11391,2021-03-10,2021,Mar,Kolkata,Tier 1,15-17,Female,UPSC Prelims Foundation,Competitive Exam,Graduate,Annual,Offline,Active,75.7,46650.6,5.0
STU15971,2021-03-10,2021,Mar,Hyderabad,Tier 1,18+,Male,JEE Main Foundation,Competitive Exam,11-12,Quarterly,Online,Completed,100.0,11124.01,2.8
STU10598,2021-03-11,2021,Mar,Mumbai,Tier 1,11-14,Male,UPSC Prelims Foundation,Competitive Exam,Graduate,Annual,Online,Trial - Not Converted,3.5,0.0,
STU13927,2021-03-11,2021,Mar,Pune,Tier 1,6-10,Female,NEET Crash Course,Competitive Exam,11-12,Quarterly,Online,Completed,100.0,13165.92,4.4
STU10221,2021-03-11,2021,Mar,Bengaluru,Tier 1,11-14,Female,NEET Crash Course,Competitive Exam,11-12,Annual,Online,Churned,55.6,41749.25,3.4
STU14181,2021-03-11,2021,Mar,Patna,Tier 2,6-10,Female,Spoken English Mastery,Skill Development,All,Quarterly,Online,Active,31.8,1443.98,4.4
STU13353,2021-03-11,2021,Mar,Kolkata,Tier 1,15-17,Female,JEE Main Foundation,Competitive Exam,11-12,Annual,Online,Trial - Not Converted,0.4,0.0,
STU11029,2021-03-11,2021,Mar,Patna,Tier 2,18+,Female,Class 6 Foundation,School Curriculum,6,Annual,Offline,Trial - Not Converted,19.4,0.0,
STU14808,2021-03-12,2021,Mar,Kolkata,Tier 1,18+,Female,Class 10 CBSE Complete,School Curriculum,10,Quarterly,Online,Active,64.8,4267.93,3.9
STU14300,2021-03-12,2021,Mar,Nagpur,Tier 2,11-14,Female,Class 10 CBSE Complete,School Curriculum,10,Quarterly,Offline,Trial - Not Converted,9.4,0.0,
STU14604,2021-03-12,2021,Mar,Bengaluru,Tier 1,6-10,Male,NEET Crash Course,Competitive Exam,11-12,Quarterly,Offline,Active,46.1,11948.29,4.7
STU13005,2021-03-13,2021,Mar,Mumbai,Tier 1,18+,Female,NEET Crash Course,Competitive Exam,11-12,Annual,Online,Trial - Not Converted,3.8,0.0,
STU12784,2021-03-13,2021,Mar,Pune,Tier 1,18+,Male,Class 6 Foundation,School Curriculum,6,Quarterly,Offline,Trial - Not Converted,17.7,0.0,
STU12964,2021-03-13,2021,Mar,Pune,Tier 1,18+,Male,JEE Main Foundation,Competitive Exam,11-12,Annual,Online,Completed,100.0,34727.86,3.9
STU13613,2021-03-13,2021,Mar,Delhi,Tier 1,15-17,Male,Class 6 Foundation,School Curriculum,6,Annual,Offline,Trial - Not Converted,20.9,0.0,
STU14187,2021-03-13,2021,Mar,Chennai,Tier 1,11-14,Male,Spoken English Mastery,Skill Development,All,Quarterly,Offline,Active,62.7,1391.0,4.0
STU15188,2021-03-13,2021,Mar,Chennai,Tier 1,15-17,Male,Spoken English Mastery,Skill Development,All,Quarterly,Offline,Active,41.4,1445.55,4.0
STU12466,2021-03-14,2021,Mar,Kota,Tier 3,6-10,Female,Class 10 CBSE Complete,School Curriculum,10,Annual,Online,Trial - Not Converted,5.4,0.0,
STU14937,2021-03-14,2021,Mar,Indore,Tier 2,15-17,Male,Class 8 Maths & Science,School Curriculum,8,Annual,Online,Completed,100.0,9659.07,3.9
STU11031,2021-03-14,2021,Mar,Bengaluru,Tier 1,15-17,Female,Robotics & AI Basics,Coding,6-8,Annual,Online,Active,58.3,11620.95,4.7
STU14364,2021-03-14,2021,Mar,Hyderabad,Tier 1,18+,Female,Class 8 Maths & Science,School Curriculum,8,Annual,Offline,Trial - Not Converted,13.9,0.0,
STU11913,2021-03-15,2021,Mar,Chennai,Tier 1,15-17,Male,Class 8 Maths & Science,School Curriculum,8,Annual,Offline,Trial - Not Converted,1.9,0.0,
STU11543,2021-03-15,2021,Mar,Hyderabad,Tier 1,11-14,Female,Coding for Kids - Scratch,Coding,3-5,Annual,Online,Active,24.1,6588.85,3.2
STU10293,2021-03-15,2021,Mar,Ranchi,Tier 3,15-17,Female,Class 10 CBSE Complete,School Curriculum,10,Annual,Online,Active,46.2,14923.94,4.1
STU15802,2021-03-15,2021,Mar,Ahmedabad,Tier 1,18+,Male,Coding for Kids - Scratch,Coding,3-5,Annual,Online,Churned,32.2,6034.33,4.4
STU15703,2021-03-15,2021,Mar,Bhopal,Tier 2,6-10,Male,Class 8 Maths & Science,School Curriculum,8,Quarterly,Online,Active,79.1,2735.21,4.4
STU11024,2021-03-16,2021,Mar,Kota,Tier 3,18+,Male,Python for Beginners,Coding,6-8,Monthly,Online,Trial - Not Converted,13.3,0.0,
STU11748,2021-03-16,2021,Mar,Mumbai,Tier 1,15-17,Female,NEET Crash Course,Competitive Exam,11-12,Quarterly,Online,Active,83.5,12256.27,4.7
STU14924,2021-03-16,2021,Mar,Bengaluru,Tier 1,6-10,Male,Class 8 Maths & Science,School Curriculum,8,Quarterly,Online,Completed,100.0,2714.36,4.7
STU13231,2021-03-16,2021,Mar,Mumbai,Tier 1,6-10,Female,JEE Main Foundation,Competitive Exam,11-12,Monthly,Online,Churned,36.2,3508.71,3.8
STU10973,2021-03-16,2021,Mar,Kanpur,Tier 2,15-17,Male,Python for Beginners,Coding,6-8,Annual,Offline,Trial - Not Converted,19.0,0.0,
STU11988,2021-03-16,2021,Mar,Kanpur,Tier 2,18+,Male,UPSC Prelims Foundation,Competitive Exam,Graduate,Quarterly,Offline,Active,23.4,14697.58,4.2
STU13237,2021-03-16,2021,Mar,Kolkata,Tier 1,6-10,Male,NEET Crash Course,Competitive Exam,11-12,Monthly,Online,Churned,59.1,4182.15,3.8
STU14402,2021-03-17,2021,Mar,Lucknow,Tier 2,11-14,Female,UPSC Prelims Foundation,Competitive Exam,Graduate,Quarterly,Online,Active,89.1,13612.29,3.6
STU13258,2021-03-18,2021,Mar,Nagpur,Tier 2,6-10,Male,UPSC Prelims Foundation,Competitive Exam,Graduate,Annual,Offline,Trial - Not Converted,19.5,0.0,
STU12525,2021-03-18,2021,Mar,Bengaluru,Tier 1,18+,Female,JEE Main Foundation,Competitive Exam,11-12,Monthly,Online,Churned,22.7,3406.06,3.2
STU10610,2021-03-18,2021,Mar,Nagpur,Tier 2,11-14,Female,Python for Beginners,Coding,6-8,Annual,Online,Trial - Not Converted,6.0,0.0,
STU14297,2021-03-18,2021,Mar,Kanpur,Tier 2,18+,Male,Python for Beginners,Coding,6-8,Monthly,Offline,Completed,100.0,823.88,3.9
STU14281,2021-03-18,2021,Mar,Raipur,Tier 3,15-17,Male,Python for Beginners,Coding,6-8,Quarterly,Online,Active,28.5,2180.82,4.9
STU12749,2021-03-18,2021,Mar,Mumbai,Tier 1,18+,Female,Robotics & AI Basics,Coding,6-8,Annual,Online,Active,78.7,11853.42,3.5
STU14518,2021-03-19,2021,Mar,Nagpur,Tier 2,11-14,Male,Python for Beginners,Coding,6-8,Annual,Online,Active,46.2,7204.44,3.3
STU10692,2021-03-19,2021,Mar,Surat,Tier 2,11-14,Male,Python for Beginners,Coding,6-8,Quarterly,Offline,Active,70.5,2221.88,3.8
STU15729,2021-03-19,2021,Mar,Meerut,Tier 3,15-17,Male,NEET Crash Course,Competitive Exam,11-12,Annual,Offline,Trial - Not Converted,1.4,0.0,
STU11231,2021-03-19,2021,Mar,Indore,Tier 2,15-17,Female,Robotics & AI Basics,Coding,6-8,Monthly,Offline,Completed,100.0,1194.7,4.9
STU12178,2021-03-19,2021,Mar,Delhi,Tier 1,6-10,Female,UPSC Prelims Foundation,Competitive Exam,Graduate,Monthly,Online,Active,94.3,4893.33,4.1
STU12764,2021-03-20,2021,Mar,Jodhpur,Tier 3,18+,Female,Coding for Kids - Scratch,Coding,3-5,Quarterly,Online,Completed,100.0,1868.34,3.4
STU11604,2021-03-20,2021,Mar,Hyderabad,Tier 1,18+,Female,JEE Main Foundation,Competitive Exam,11-12,Quarterly,Online,Active,46.7,11182.28,4.4
STU10246,2021-03-20,2021,Mar,Mumbai,Tier 1,18+,Female,Robotics & AI Basics,Coding,6-8,Quarterly,Online,Trial - Not Converted,23.7,0.0,
STU11068,2021-03-21,2021,Mar,Lucknow,Tier 2,11-14,Female,Coding for Kids - Scratch,Coding,3-5,Annual,Online,Active,84.8,6042.9,4.1
STU10557,2021-03-21,2021,Mar,Kolkata,Tier 1,15-17,Male,Coding for Kids - Scratch,Coding,3-5,Monthly,Online,Active,79.6,675.05,3.6
STU10367,2021-03-21,2021,Mar,Guwahati,Tier 3,18+,Male,Class 10 CBSE Complete,School Curriculum,10,Quarterly,Offline,Active,41.7,4483.86,3.4
STU13250,2021-03-21,2021,Mar,Ranchi,Tier 3,15-17,Female,Spoken English Mastery,Skill Development,All,Annual,Online,Active,52.1,5010.0,3.9
STU11225,2021-03-22,2021,Mar,Bengaluru,Tier 1,11-14,Male,Class 10 CBSE Complete,School Curriculum,10,Quarterly,Offline,Trial - Not Converted,11.9,0.0,
STU10780,2021-03-22,2021,Mar,Bengaluru,Tier 1,6-10,Male,Spoken English Mastery,Skill Development,All,Annual,Online,Trial - Not Converted,7.9,0.0,
STU15533,2021-03-22,2021,Mar,Bhopal,Tier 2,11-14,Male,NEET Crash Course,Competitive Exam,11-12,Annual,Online,Trial - Not Converted,3.1,0.0,
STU10929,2021-03-22,2021,Mar,Lucknow,Tier 2,11-14,Female,Coding for Kids - Scratch,Coding,3-5,Quarterly,Online,Trial - Not Converted,4.3,0.0,
STU13767,2021-03-22,2021,Mar,Hyderabad,Tier 1,11-14,Male,JEE Main Foundation,Competitive Exam,11-12,Annual,Offline,Active,84.1,35467.17,4.8
STU15627,2021-03-22,2021,Mar,Bengaluru,Tier 1,18+,Female,UPSC Prelims Foundation,Competitive Exam,Graduate,Quarterly,Online,Active,63.7,15165.74,2.9
STU11709,2021-03-23,2021,Mar,Meerut,Tier 3,15-17,Male,Class 6 Foundation,School Curriculum,6,Annual,Online,Active,34.6,7797.08,4.0
STU15160,2021-03-23,2021,Mar,Surat,Tier 2,18+,Female,Spoken English Mastery,Skill Development,All,Quarterly,Online,Completed,100.0,1396.44,5.0
STU10497,2021-03-24,2021,Mar,Mumbai,Tier 1,15-17,Female,Python for Beginners,Coding,6-8,Quarterly,Online,Trial - Not Converted,18.4,0.0,
STU15642,2021-03-24,2021,Mar,Raipur,Tier 3,11-14,Male,NEET Crash Course,Competitive Exam,11-12,Quarterly,Offline,Churned,15.2,12703.71,4.7
STU12111,2021-03-24,2021,Mar,Ranchi,Tier 3,15-17,Female,UPSC Prelims Foundation,Competitive Exam,Graduate,Monthly,Online,Trial - Not Converted,11.5,0.0,
STU11788,2021-03-25,2021,Mar,Patna,Tier 2,6-10,Male,JEE Main Foundation,Competitive Exam,11-12,Annual,Offline,Trial - Not Converted,23.4,0.0,
STU12742,2021-03-25,2021,Mar,Chennai,Tier 1,11-14,Male,NEET Crash Course,Competitive Exam,11-12,Annual,Offline,Active,91.8,40800.93,3.7
STU11153,2021-03-25,2021,Mar,Indore,Tier 2,6-10,Female,Coding for Kids - Scratch,Coding,3-5,Annual,Online,Active,40.6,6047.26,4.2
STU12416,2021-03-26,2021,Mar,Nagpur,Tier 2,11-14,Male,Class 8 Maths & Science,School Curriculum,8,Annual,Online,Active,27.8,9538.35,4.2
STU15946,2021-03-26,2021,Mar,Chennai,Tier 1,18+,Female,Class 6 Foundation,School Curriculum,6,Annual,Online,Trial - Not Converted,19.2,0.0,
STU10419,2021-03-26,2021,Mar,Chennai,Tier 1,15-17,Female,Class 6 Foundation,School Curriculum,6,Monthly,Offline,Churned,26.8,862.57,4.6
STU13991,2021-03-26,2021,Mar,Ahmedabad,Tier 1,11-14,Male,Python for Beginners,Coding,6-8,Annual,Online,Active,57.1,7776.46,3.4
STU11850,2021-03-26,2021,Mar,Mumbai,Tier 1,15-17,Female,UPSC Prelims Foundation,Competitive Exam,Graduate,Monthly,Online,Active,56.4,4520.81,3.4
STU11729,2021-03-26,2021,Mar,Kanpur,Tier 2,6-10,Male,Coding for Kids - Scratch,Coding,3-5,Quarterly,Online,Active,22.9,1949.93,4.9
STU13263,2021-03-26,2021,Mar,Bhopal,Tier 2,6-10,Male,Spoken English Mastery,Skill Development,All,Annual,Online,Active,30.2,4976.29,5.0
STU13226,2021-03-26,2021,Mar,Mumbai,Tier 1,11-14,Male,JEE Main Foundation,Competitive Exam,11-12,Annual,Offline,Active,69.0,34900.74,4.9
STU10147,2021-03-27,2021,Mar,Chennai,Tier 1,11-14,Female,Coding for Kids - Scratch,Coding,3-5,Monthly,Online,Trial - Not Converted,0.7,0.0,
STU15117,2021-03-27,2021,Mar,Mumbai,Tier 1,18+,Male,Robotics & AI Basics,Coding,6-8,Quarterly,Online,Completed,100.0,3773.28,4.9
STU10655,2021-03-27,2021,Mar,Bengaluru,Tier 1,18+,Female,Coding for Kids - Scratch,Coding,3-5,Quarterly,Online,Active,50.4,2048.52,3.9
STU11312,2021-03-27,2021,Mar,Mumbai,Tier 1,11-14,Female,Coding for Kids - Scratch,Coding,3-5,Monthly,Online,Churned,31.0,682.29,3.2
STU11055,2021-03-27,2021,Mar,Pune,Tier 1,11-14,Male,NEET Crash Course,Competitive Exam,11-12,Annual,Offline,Active,26.1,43413.16,4.0
STU11039,2021-03-27,2021,Mar,Indore,Tier 2,6-10,Female,JEE Main Foundation,Competitive Exam,11-12,Monthly,Offline,Trial - Not Converted,22.4,0.0,
STU13423,2021-03-27,2021,Mar,Lucknow,Tier 2,11-14,Female,Python for Beginners,Coding,6-8,Monthly,Online,Active,33.4,776.29,4.6
STU10153,2021-03-27,2021,Mar,Kolkata,Tier 1,6-10,Female,Robotics & AI Basics,Coding,6-8,Quarterly,Online,Active,37.7,3598.1,4.1
STU10942,2021-03-28,2021,Mar,Delhi,Tier 1,6-10,Female,Class 8 Maths & Science,School Curriculum,8,Annual,Online,Completed,100.0,9103.85,4.4
STU12296,2021-03-28,2021,Mar,Varanasi,Tier 3,18+,Male,JEE Main Foundation,Competitive Exam,11-12,Monthly,Online,Active,83.4,3717.22,3.9
STU14735,2021-03-29,2021,Mar,Delhi,Tier 1,11-14,Female,Spoken English Mastery,Skill Development,All,Monthly,Online,Active,34.8,520.24,3.6
STU10848,2021-03-29,2021,Mar,Hyderabad,Tier 1,11-14,Female,Class 10 CBSE Complete,School Curriculum,10,Monthly,Online,Active,52.7,1353.38,5.0
STU14425,2021-03-29,2021,Mar,Delhi,Tier 1,11-14,Female,Spoken English Mastery,Skill Development,All,Annual,Online,Active,41.1,4849.56,4.3
STU12743,2021-03-30,2021,Mar,Raipur,Tier 3,11-14,Female,Spoken English Mastery,Skill Development,All,Monthly,Online,Active,96.7,480.71,4.5
STU15760,2021-03-30,2021,Mar,Ranchi,Tier 3,15-17,Male,Robotics & AI Basics,Coding,6-8,Quarterly,Online,Active,85.6,3728.86,4.3
STU10901,2021-03-30,2021,Mar,Pune,Tier 1,11-14,Female,Robotics & AI Basics,Coding,6-8,Quarterly,Online,Completed,100.0,3479.45,4.6
STU10476,2021-03-31,2021,Mar,Bengaluru,Tier 1,18+,Male,JEE Main Foundation,Competitive Exam,11-12,Monthly,Offline,Completed,100.0,3740.54,3.1
STU13064,2021-03-31,2021,Mar,Ranchi,Tier 3,15-17,Male,Class 10 CBSE Complete,School Curriculum,10,Annual,Offline,Active,89.1,14067.45,4.3
STU14657,2021-03-31,2021,Mar,Kolkata,Tier 1,15-17,Female,Python for Beginners,Coding,6-8,Annual,Online,Active,82.4,7805.16,4.4
STU12460,2021-03-31,2021,Mar,Indore,Tier 2,18+,Female,Class 10 CBSE Complete,School Curriculum,10,Quarterly,Online,Churned,27.5,4262.73,4.2
STU13726,2021-04-01,2021,Apr,Patna,Tier 2,15-17,Female,Class 8 Maths & Science,School Curriculum,8,Quarterly,Offline,Completed,100.0,3027.29,4.6
STU14017,2021-04-01,2021,Apr,Surat,Tier 2,15-17,Female,NEET Crash Course,Competitive Exam,11-12,Quarterly,Online,Active,41.5,12948.24,4.4
STU15988,2021-04-01,2021,Apr,Bengaluru,Tier 1,18+,Female,Class 10 CBSE Complete,School Curriculum,10,Annual,Online,Active,33.7,14830.78,4.7
STU13903,2021-04-01,2021,Apr,Delhi,Tier 1,11-14,Female,Class 6 Foundation,School Curriculum,6,Annual,Offline,Trial - Not Converted,18.8,0.0,
STU13454,2021-04-01,2021,Apr,Mumbai,Tier 1,15-17,Female,NEET Crash Course,Competitive Exam,11-12,Monthly,Offline,Active,35.8,4421.18,3.4
STU10447,2021-04-01,2021,Apr,Bengaluru,Tier 1,15-17,Female,UPSC Prelims Foundation,Competitive Exam,Graduate,Monthly,Offline,Active,27.5,4536.43,4.5
STU15395,2021-04-01,2021,Apr,Delhi,Tier 1,18+,Female,NEET Crash Course,Competitive Exam,11-12,Annual,Offline,Trial - Not Converted,5.8,0.0,
STU12147,2021-04-02,2021,Apr,Ahmedabad,Tier 1,15-17,Female,Class 10 CBSE Complete,School Curriculum,10,Annual,Offline,Churned,33.7,13655.49,3.4
STU11095,2021-04-02,2021,Apr,Bengaluru,Tier 1,6-10,Female,NEET Crash Course,Competitive Exam,11-12,Annual,Online,Churned,24.5,40003.52,3.7
STU13791,2021-04-02,2021,Apr,Hyderabad,Tier 1,18+,Male,Python for Beginners,Coding,6-8,Annual,Online,Active,96.5,8021.0,3.9
STU12096,2021-04-02,2021,Apr,Nagpur,Tier 2,6-10,Female,Class 8 Maths & Science,School Curriculum,8,Quarterly,Offline,Trial - Not Converted,1.2,0.0,
STU15851,2021-04-02,2021,Apr,Delhi,Tier 1,11-14,Female,Class 10 CBSE Complete,School Curriculum,10,Quarterly,Offline,Active,24.7,4305.83,5.0
STU11380,2021-04-02,2021,Apr,Mumbai,Tier 1,11-14,Female,Robotics & AI Basics,Coding,6-8,Annual,Online,Active,79.4,12914.36,4.3
STU10284,2021-04-02,2021,Apr,Mumbai,Tier 1,6-10,Female,UPSC Prelims Foundation,Competitive Exam,Graduate,Annual,Online,Churned,25.5,51449.84,4.7
STU13187,2021-04-03,2021,Apr,Chennai,Tier 1,18+,Female,Python for Beginners,Coding,6-8,Quarterly,Online,Active,30.1,2165.39,3.4
STU10056,2021-04-03,2021,Apr,Kolkata,Tier 1,15-17,Male,Python for Beginners,Coding,6-8,Annual,Online,Active,43.3,7951.63,4.2
STU11432,2021-04-03,2021,Apr,Hyderabad,Tier 1,6-10,Male,Coding for Kids - Scratch,Coding,3-5,Quarterly,Online,Trial - Not Converted,18.3,0.0,
STU10228,2021-04-03,2021,Apr,Jodhpur,Tier 3,6-10,Female,UPSC Prelims Foundation,Competitive Exam,Graduate,Annual,Online,Trial - Not Converted,7.9,0.0,
STU11575,2021-04-03,2021,Apr,Surat,Tier 2,6-10,Male,NEET Crash Course,Competitive Exam,11-12,Annual,Offline,Completed,100.0,41891.55,4.4
STU10442,2021-04-04,2021,Apr,Bengaluru,Tier 1,11-14,Male,Python for Beginners,Coding,6-8,Monthly,Online,Active,98.2,807.92,4.2
STU15362,2021-04-04,2021,Apr,Kanpur,Tier 2,11-14,Male,Coding for Kids - Scratch,Coding,3-5,Annual,Online,Completed,100.0,6706.51,3.7
STU13601,2021-04-04,2021,Apr,Patna,Tier 2,11-14,Male,Class 6 Foundation,School Curriculum,6,Annual,Online,Active,54.3,8098.75,4.9
STU12423,2021-04-05,2021,Apr,Bhopal,Tier 2,18+,Female,Class 8 Maths & Science,School Curriculum,8,Annual,Offline,Trial - Not Converted,7.9,0.0,
STU14904,2021-04-06,2021,Apr,Ahmedabad,Tier 1,15-17,Female,Class 8 Maths & Science,School Curriculum,8,Annual,Online,Active,44.0,9702.82,5.0
STU14610,2021-04-07,2021,Apr,Ahmedabad,Tier 1,6-10,Male,Spoken English Mastery,Skill Development,All,Quarterly,Offline,Active,76.9,1367.23,4.1
STU13270,2021-04-07,2021,Apr,Meerut,Tier 3,15-17,Male,UPSC Prelims Foundation,Competitive Exam,Graduate,Annual,Online,Active,57.3,50392.11,4.9
STU13110,2021-04-07,2021,Apr,Kanpur,Tier 2,11-14,Male,JEE Main Foundation,Competitive Exam,11-12,Annual,Online,Active,48.1,33927.51,4.9
STU12786,2021-04-07,2021,Apr,Jaipur,Tier 2,6-10,Female,UPSC Prelims Foundation,Competitive Exam,Graduate,Annual,Offline,Active,21.2,50891.78,4.7
STU12042,2021-04-07,2021,Apr,Hyderabad,Tier 1,15-17,Female,NEET Crash Course,Competitive Exam,11-12,Monthly,Online,Trial - Not Converted,5.8,0.0,
STU15748,2021-04-07,2021,Apr,Hyderabad,Tier 1,15-17,Female,UPSC Prelims Foundation,Competitive Exam,Graduate,Monthly,Online,Trial - Not Converted,16.4,0.0,
STU13465,2021-04-08,2021,Apr,Mumbai,Tier 1,11-14,Male,Python for Beginners,Coding,6-8,Annual,Online,Active,71.3,7473.08,4.4
STU12130,2021-04-08,2021,Apr,Hyderabad,Tier 1,6-10,Female,JEE Main Foundation,Competitive Exam,11-12,Quarterly,Online,Active,77.9,11195.86,3.6
STU15506,2021-04-08,2021,Apr,Bengaluru,Tier 1,18+,Male,NEET Crash Course,Competitive Exam,11-12,Quarterly,Online,Active,50.6,12260.24,4.6
STU13889,2021-04-08,2021,Apr,Surat,Tier 2,6-10,Male,Coding for Kids - Scratch,Coding,3-5,Annual,Online,Active,71.0,6966.06,3.5
STU14133,2021-04-09,2021,Apr,Varanasi,Tier 3,11-14,Female,Spoken English Mastery,Skill Development,All,Annual,Online,Completed,100.0,5069.98,4.7
STU11583,2021-04-09,2021,Apr,Chennai,Tier 1,6-10,Male,Class 10 CBSE Complete,School Curriculum,10,Monthly,Online,Active,22.0,1552.64,3.7
STU14326,2021-04-09,2021,Apr,Lucknow,Tier 2,15-17,Female,Coding for Kids - Scratch,Coding,3-5,Annual,Online,Active,73.0,6636.9,4.3
STU14951,2021-04-09,2021,Apr,Jodhpur,Tier 3,11-14,Male,Coding for Kids - Scratch,Coding,3-5,Quarterly,Online,Churned,21.3,1852.91,4.2
STU13994,2021-04-10,2021,Apr,Surat,Tier 2,15-17,Female,Robotics & AI Basics,Coding,6-8,Monthly,Offline,Trial - Not Converted,3.4,0.0,
STU13611,2021-04-10,2021,Apr,Surat,Tier 2,15-17,Female,Class 8 Maths & Science,School Curriculum,8,Annual,Online,Active,99.6,9286.54,4.5
STU15797,2021-04-10,2021,Apr,Hyderabad,Tier 1,6-10,Female,NEET Crash Course,Competitive Exam,11-12,Quarterly,Offline,Trial - Not Converted,19.8,0.0,
STU14917,2021-04-10,2021,Apr,Chennai,Tier 1,6-10,Male,Robotics & AI Basics,Coding,6-8,Annual,Online,Trial - Not Converted,24.0,0.0,
STU13096,2021-04-11,2021,Apr,Delhi,Tier 1,15-17,Female,Coding for Kids - Scratch,Coding,3-5,Quarterly,Online,Completed,100.0,2055.34,4.8
STU10558,2021-04-11,2021,Apr,Patna,Tier 2,11-14,Male,NEET Crash Course,Competitive Exam,11-12,Annual,Online,Trial - Not Converted,2.6,0.0,
STU10113,2021-04-11,2021,Apr,Bengaluru,Tier 1,18+,Female,Class 10 CBSE Complete,School Curriculum,10,Annual,Offline,Active,79.2,15489.81,3.7
STU13013,2021-04-11,2021,Apr,Chennai,Tier 1,18+,Male,Python for Beginners,Coding,6-8,Annual,Online,Trial - Not Converted,7.1,0.0,
STU15465,2021-04-11,2021,Apr,Pune,Tier 1,15-17,Male,NEET Crash Course,Competitive Exam,11-12,Annual,Online,Churned,12.7,43558.09,3.6
STU13798,2021-04-12,2021,Apr,Mumbai,Tier 1,6-10,Female,Spoken English Mastery,Skill Development,All,Quarterly,Online,Active,35.1,1384.78,3.6
STU11637,2021-04-12,2021,Apr,Delhi,Tier 1,11-14,Male,Spoken English Mastery,Skill Development,All,Annual,Online,Completed,100.0,4937.03,5.0
STU13696,2021-04-12,2021,Apr,Kolkata,Tier 1,15-17,Male,Robotics & AI Basics,Coding,6-8,Monthly,Online,Active,42.3,1175.65,4.0
STU12201,2021-04-12,2021,Apr,Bhopal,Tier 2,11-14,Female,Spoken English Mastery,Skill Development,All,Monthly,Online,Active,51.4,459.46,4.2
STU11117,2021-04-13,2021,Apr,Kolkata,Tier 1,6-10,Male,Python for Beginners,Coding,6-8,Quarterly,Online,Active,65.0,2351.61,4.9
STU10946,2021-04-13,2021,Apr,Nagpur,Tier 2,18+,Female,Spoken English Mastery,Skill Development,All,Annual,Online,Trial - Not Converted,12.4,0.0,
STU11786,2021-04-13,2021,Apr,Indore,Tier 2,6-10,Female,Robotics & AI Basics,Coding,6-8,Quarterly,Online,Completed,100.0,3822.13,2.8
STU12664,2021-04-13,2021,Apr,Surat,Tier 2,18+,Male,Class 8 Maths & Science,School Curriculum,8,Quarterly,Online,Completed,100.0,2780.14,4.3
STU10280,2021-04-13,2021,Apr,Kanpur,Tier 2,15-17,Male,JEE Main Foundation,Competitive Exam,11-12,Monthly,Offline,Completed,100.0,3751.32,4.1
STU13090,2021-04-14,2021,Apr,Nagpur,Tier 2,6-10,Female,Class 10 CBSE Complete,School Curriculum,10,Annual,Online,Trial - Not Converted,19.2,0.0,
STU10333,2021-04-14,2021,Apr,Chennai,Tier 1,18+,Female,Spoken English Mastery,Skill Development,All,Quarterly,Online,Active,30.1,1485.34,4.9
STU13029,2021-04-14,2021,Apr,Pune,Tier 1,15-17,Female,JEE Main Foundation,Competitive Exam,11-12,Monthly,Offline,Completed,100.0,3658.46,3.9
STU14674,2021-04-14,2021,Apr,Jaipur,Tier 2,6-10,Female,Class 8 Maths & Science,School Curriculum,8,Quarterly,Online,Churned,37.6,3015.12,4.1
STU11620,2021-04-14,2021,Apr,Pune,Tier 1,6-10,Male,NEET Crash Course,Competitive Exam,11-12,Monthly,Offline,Active,82.2,4402.93,4.3
STU15940,2021-04-15,2021,Apr,Bhopal,Tier 2,11-14,Male,Python for Beginners,Coding,6-8,Annual,Online,Active,99.3,7685.09,4.3
STU15514,2021-04-15,2021,Apr,Ahmedabad,Tier 1,6-10,Male,NEET Crash Course,Competitive Exam,11-12,Annual,Online,Churned,60.0,40007.26,4.3
STU10291,2021-04-15,2021,Apr,Kolkata,Tier 1,18+,Female,Class 10 CBSE Complete,School Curriculum,10,Annual,Online,Churned,14.1,13568.67,3.5
STU15957,2021-04-15,2021,Apr,Indore,Tier 2,6-10,Male,Spoken English Mastery,Skill Development,All,Monthly,Online,Trial - Not Converted,9.3,0.0,
STU11910,2021-04-16,2021,Apr,Kanpur,Tier 2,18+,Male,NEET Crash Course,Competitive Exam,11-12,Quarterly,Offline,Churned,29.9,11854.41,3.0
STU13654,2021-04-16,2021,Apr,Mumbai,Tier 1,15-17,Female,Spoken English Mastery,Skill Development,All,Annual,Online,Churned,25.4,4914.19,3.8
STU10962,2021-04-16,2021,Apr,Bengaluru,Tier 1,6-10,Male,Spoken English Mastery,Skill Development,All,Annual,Online,Trial - Not Converted,8.8,0.0,
STU15547,2021-04-16,2021,Apr,Nagpur,Tier 2,18+,Male,Coding for Kids - Scratch,Coding,3-5,Annual,Online,Completed,100.0,6453.41,5.0
STU15212,2021-04-16,2021,Apr,Hyderabad,Tier 1,18+,Female,Spoken English Mastery,Skill Development,All,Quarterly,Offline,Churned,54.4,1484.93,5.0
STU14794,2021-04-17,2021,Apr,Lucknow,Tier 2,15-17,Female,NEET Crash Course,Competitive Exam,11-12,Monthly,Offline,Active,74.7,4421.87,5.0
STU10893,2021-04-17,2021,Apr,Jaipur,Tier 2,15-17,Male,Robotics & AI Basics,Coding,6-8,Annual,Online,Trial - Not Converted,8.2,0.0,
STU10124,2021-04-17,2021,Apr,Mumbai,Tier 1,11-14,Female,JEE Main Foundation,Competitive Exam,11-12,Annual,Offline,Active,90.6,36227.95,4.0
STU13319,2021-04-17,2021,Apr,Patna,Tier 2,11-14,Male,UPSC Prelims Foundation,Competitive Exam,Graduate,Monthly,Online,Active,47.9,4644.79,4.5
STU10481,2021-04-18,2021,Apr,Kolkata,Tier 1,6-10,Male,Class 8 Maths & Science,School Curriculum,8,Annual,Online,Active,21.0,9442.75,3.7
STU15287,2021-04-18,2021,Apr,Kanpur,Tier 2,15-17,Male,Class 6 Foundation,School Curriculum,6,Quarterly,Online,Active,63.2,2329.23,4.6
STU10963,2021-04-18,2021,Apr,Ranchi,Tier 3,18+,Male,Class 6 Foundation,School Curriculum,6,Annual,Online,Active,96.4,8666.67,4.0
STU10083,2021-04-18,2021,Apr,Chennai,Tier 1,6-10,Male,Class 10 CBSE Complete,School Curriculum,10,Annual,Online,Completed,100.0,15160.77,3.4
STU11953,2021-04-18,2021,Apr,Mumbai,Tier 1,6-10,Male,Class 6 Foundation,School Curriculum,6,Annual,Online,Trial - Not Converted,9.3,0.0,
STU15238,2021-04-19,2021,Apr,Kolkata,Tier 1,18+,Female,Class 10 CBSE Complete,School Curriculum,10,Monthly,Online,Trial - Not Converted,5.8,0.0,
STU15613,2021-04-19,2021,Apr,Surat,Tier 2,6-10,Female,JEE Main Foundation,Competitive Exam,11-12,Annual,Online,Active,54.6,37763.03,3.9
STU12865,2021-04-19,2021,Apr,Pune,Tier 1,6-10,Female,Python for Beginners,Coding,6-8,Monthly,Online,Trial - Not Converted,12.0,0.0,
STU12379,2021-04-19,2021,Apr,Pune,Tier 1,18+,Female,Class 8 Maths & Science,School Curriculum,8,Annual,Online,Active,39.9,9308.03,4.7
STU13849,2021-04-20,2021,Apr,Patna,Tier 2,18+,Male,UPSC Prelims Foundation,Competitive Exam,Graduate,Quarterly,Online,Active,98.8,13905.97,3.6
STU11695,2021-04-20,2021,Apr,Mumbai,Tier 1,11-14,Male,JEE Main Foundation,Competitive Exam,11-12,Annual,Online,Active,99.6,34774.11,5.0
STU14871,2021-04-20,2021,Apr,Meerut,Tier 3,15-17,Male,Robotics & AI Basics,Coding,6-8,Quarterly,Online,Trial - Not Converted,22.5,0.0,
STU13500,2021-04-21,2021,Apr,Bhopal,Tier 2,11-14,Female,Spoken English Mastery,Skill Development,All,Monthly,Online,Completed,100.0,457.1,3.2
STU12979,2021-04-21,2021,Apr,Mumbai,Tier 1,6-10,Female,Python for Beginners,Coding,6-8,Quarterly,Online,Active,86.6,2355.9,4.7
STU15199,2021-04-22,2021,Apr,Jaipur,Tier 2,18+,Female,Robotics & AI Basics,Coding,6-8,Annual,Online,Trial - Not Converted,11.7,0.0,
STU15500,2021-04-22,2021,Apr,Patna,Tier 2,6-10,Female,Python for Beginners,Coding,6-8,Quarterly,Online,Active,24.1,2464.28,3.9
STU11774,2021-04-22,2021,Apr,Pune,Tier 1,18+,Female,UPSC Prelims Foundation,Competitive Exam,Graduate,Monthly,Online,Trial - Not Converted,4.9,0.0,
STU14880,2021-04-22,2021,Apr,Kanpur,Tier 2,15-17,Male,Spoken English Mastery,Skill Development,All,Quarterly,Online,Active,91.2,1558.93,4.1
STU13712,2021-04-22,2021,Apr,Pune,Tier 1,15-17,Female,Python for Beginners,Coding,6-8,Annual,Online,Active,30.3,7847.84,5.0
STU15609,2021-04-22,2021,Apr,Kolkata,Tier 1,18+,Male,NEET Crash Course,Competitive Exam,11-12,Annual,Online,Active,41.5,41516.67,3.3
STU13264,2021-04-23,2021,Apr,Ahmedabad,Tier 1,6-10,Female,JEE Main Foundation,Competitive Exam,11-12,Monthly,Online,Active,41.4,3651.96,4.0
STU10797,2021-04-23,2021,Apr,Kolkata,Tier 1,11-14,Female,Robotics & AI Basics,Coding,6-8,Monthly,Online,Active,63.5,1168.87,3.6
STU12403,2021-04-23,2021,Apr,Ahmedabad,Tier 1,11-14,Male,Class 6 Foundation,School Curriculum,6,Annual,Online,Active,52.1,7757.88,4.3
STU13703,2021-04-23,2021,Apr,Bhopal,Tier 2,15-17,Female,NEET Crash Course,Competitive Exam,11-12,Annual,Online,Churned,28.1,39631.6,4.3
STU12364,2021-04-24,2021,Apr,Indore,Tier 2,15-17,Male,Class 10 CBSE Complete,School Curriculum,10,Quarterly,Online,Churned,39.3,4291.27,5.0
STU15054,2021-04-24,2021,Apr,Ahmedabad,Tier 1,11-14,Male,Coding for Kids - Scratch,Coding,3-5,Annual,Online,Churned,31.5,6755.0,4.2
STU11743,2021-04-24,2021,Apr,Hyderabad,Tier 1,15-17,Female,Spoken English Mastery,Skill Development,All,Monthly,Online,Churned,37.9,505.47,3.7
STU14587,2021-04-24,2021,Apr,Nagpur,Tier 2,11-14,Female,Class 8 Maths & Science,School Curriculum,8,Annual,Offline,Active,76.5,10325.21,4.8
STU15530,2021-04-25,2021,Apr,Indore,Tier 2,15-17,Female,Python for Beginners,Coding,6-8,Monthly,Online,Trial - Not Converted,20.9,0.0,
STU13151,2021-04-25,2021,Apr,Bhopal,Tier 2,18+,Male,Spoken English Mastery,Skill Development,All,Quarterly,Online,Active,62.6,1469.49,4.8
STU12371,2021-04-25,2021,Apr,Ahmedabad,Tier 1,6-10,Female,Class 8 Maths & Science,School Curriculum,8,Annual,Offline,Churned,59.3,9694.82,3.7
STU14611,2021-04-25,2021,Apr,Nagpur,Tier 2,11-14,Male,UPSC Prelims Foundation,Competitive Exam,Graduate,Quarterly,Offline,Active,58.4,14355.48,4.5
STU10417,2021-04-25,2021,Apr,Ahmedabad,Tier 1,15-17,Female,Spoken English Mastery,Skill Development,All,Quarterly,Online,Active,22.3,1366.5,4.2
STU15787,2021-04-25,2021,Apr,Surat,Tier 2,15-17,Male,NEET Crash Course,Competitive Exam,11-12,Annual,Offline,Churned,49.0,45046.02,4.6
STU11728,2021-04-27,2021,Apr,Delhi,Tier 1,11-14,Male,Robotics & AI Basics,Coding,6-8,Annual,Offline,Active,58.8,12540.2,3.4
STU12443,2021-04-27,2021,Apr,Mumbai,Tier 1,6-10,Male,Python for Beginners,Coding,6-8,Monthly,Online,Active,38.6,805.94,3.2
STU13890,2021-04-27,2021,Apr,Mumbai,Tier 1,18+,Male,UPSC Prelims Foundation,Competitive Exam,Graduate,Annual,Offline,Completed,100.0,46244.42,4.0
STU12638,2021-04-27,2021,Apr,Bengaluru,Tier 1,11-14,Female,Coding for Kids - Scratch,Coding,3-5,Quarterly,Online,Active,80.2,1995.52,4.3
STU13463,2021-04-27,2021,Apr,Bengaluru,Tier 1,11-14,Male,Class 6 Foundation,School Curriculum,6,Annual,Offline,Completed,100.0,8449.54,5.0
STU15654,2021-04-27,2021,Apr,Jodhpur,Tier 3,15-17,Female,Spoken English Mastery,Skill Development,All,Annual,Online,Active,88.9,5161.63,4.6
STU12268,2021-04-28,2021,Apr,Pune,Tier 1,6-10,Female,Class 8 Maths & Science,School Curriculum,8,Quarterly,Online,Trial - Not Converted,14.7,0.0,
STU13826,2021-04-28,2021,Apr,Jaipur,Tier 2,15-17,Male,Python for Beginners,Coding,6-8,Quarterly,Online,Churned,17.2,2167.35,3.9
STU14661,2021-04-29,2021,Apr,Bhopal,Tier 2,6-10,Female,Spoken English Mastery,Skill Development,All,Annual,Online,Active,64.2,4614.17,5.0
STU15466,2021-04-29,2021,Apr,Bengaluru,Tier 1,15-17,Male,UPSC Prelims Foundation,Competitive Exam,Graduate,Annual,Offline,Trial - Not Converted,12.4,0.0,
STU13346,2021-04-29,2021,Apr,Kolkata,Tier 1,15-17,Female,Spoken English Mastery,Skill Development,All,Annual,Offline,Active,25.0,4737.88,3.3
STU10618,2021-04-30,2021,Apr,Delhi,Tier 1,15-17,Female,Python for Beginners,Coding,6-8,Monthly,Online,Trial - Not Converted,19.1,0.0,
STU12567,2021-04-30,2021,Apr,Bhopal,Tier 2,11-14,Female,Class 8 Maths & Science,School Curriculum,8,Annual,Online,Trial - Not Converted,11.9,0.0,
STU12725,2021-04-30,2021,Apr,Surat,Tier 2,6-10,Female,Coding for Kids - Scratch,Coding,3-5,Monthly,Online,Completed,100.0,691.83,3.3
STU14301,2021-04-30,2021,Apr,Kanpur,Tier 2,6-10,Female,Coding for Kids - Scratch,Coding,3-5,Quarterly,Online,Completed,100.0,1992.46,3.6
STU13107,2021-04-30,2021,Apr,Bengaluru,Tier 1,18+,Female,Spoken English Mastery,Skill Development,All,Monthly,Online,Completed,100.0,511.86,3.6
STU15236,2021-04-30,2021,Apr,Ahmedabad,Tier 1,15-17,Male,Coding for Kids - Scratch,Coding,3-5,Annual,Online,Completed,100.0,6268.82,4.8
STU14961,2021-04-30,2021,Apr,Ahmedabad,Tier 1,11-14,Female,Robotics & AI Basics,Coding,6-8,Annual,Online,Active,75.0,12711.94,3.3
STU10556,2021-05-01,2021,May,Chennai,Tier 1,6-10,Male,JEE Main Foundation,Competitive Exam,11-12,Annual,Online,Active,42.9,35316.05,4.2
STU13334,2021-05-01,2021,May,Surat,Tier 2,15-17,Male,Class 10 CBSE Complete,School Curriculum,10,Quarterly,Offline,Completed,100.0,4092.59,4.0
STU11361,2021-05-01,2021,May,Guwahati,Tier 3,18+,Male,Robotics & AI Basics,Coding,6-8,Annual,Online,Trial - Not Converted,4.6,0.0,
STU15207,2021-05-01,2021,May,Patna,Tier 2,18+,Male,Coding for Kids - Scratch,Coding,3-5,Monthly,Online,Completed,100.0,626.8,3.6
STU10267,2021-05-02,2021,May,Nagpur,Tier 2,6-10,Female,Class 10 CBSE Complete,School Curriculum,10,Annual,Offline,Trial - Not Converted,8.9,0.0,
STU13721,2021-05-02,2021,May,Patna,Tier 2,15-17,Male,JEE Main Foundation,Competitive Exam,11-12,Monthly,Online,Active,91.4,3599.13,4.6
STU12107,2021-05-03,2021,May,Bengaluru,Tier 1,18+,Male,UPSC Prelims Foundation,Competitive Exam,Graduate,Monthly,Offline,Active,56.3,4582.43,4.2
STU11207,2021-05-03,2021,May,Jaipur,Tier 2,11-14,Male,Class 6 Foundation,School Curriculum,6,Annual,Online,Active,84.5,7510.55,3.4
STU12682,2021-05-03,2021,May,Ahmedabad,Tier 1,11-14,Male,Coding for Kids - Scratch,Coding,3-5,Monthly,Online,Active,96.7,624.96,4.1
STU14299,2021-05-03,2021,May,Ahmedabad,Tier 1,11-14,Female,Python for Beginners,Coding,6-8,Monthly,Online,Trial - Not Converted,0.7,0.0,
STU15035,2021-05-03,2021,May,Kolkata,Tier 1,11-14,Female,UPSC Prelims Foundation,Competitive Exam,Graduate,Annual,Offline,Churned,17.3,45830.98,5.0
STU11250,2021-05-03,2021,May,Mumbai,Tier 1,15-17,Female,Class 10 CBSE Complete,School Curriculum,10,Monthly,Offline,Active,44.7,1391.76,4.7
STU11843,2021-05-04,2021,May,Bhopal,Tier 2,6-10,Male,UPSC Prelims Foundation,Competitive Exam,Graduate,Monthly,Offline,Active,38.6,4771.05,3.6
STU11293,2021-05-04,2021,May,Pune,Tier 1,18+,Female,Robotics & AI Basics,Coding,6-8,Annual,Online,Completed,100.0,12476.37,4.8
STU12023,2021-05-04,2021,May,Kolkata,Tier 1,15-17,Male,Class 6 Foundation,School Curriculum,6,Monthly,Online,Churned,57.8,782.66,3.9
STU13556,2021-05-05,2021,May,Mumbai,Tier 1,15-17,Male,Spoken English Mastery,Skill Development,All,Quarterly,Online,Active,80.8,1380.82,4.2
STU10727,2021-05-05,2021,May,Hyderabad,Tier 1,6-10,Female,Class 8 Maths & Science,School Curriculum,8,Quarterly,Online,Active,86.2,2741.74,3.9
STU10728,2021-05-05,2021,May,Guwahati,Tier 3,11-14,Female,Python for Beginners,Coding,6-8,Annual,Online,Completed,100.0,7316.9,3.7
STU14993,2021-05-05,2021,May,Bengaluru,Tier 1,11-14,Male,Coding for Kids - Scratch,Coding,3-5,Annual,Online,Active,33.0,6214.89,4.6
STU14964,2021-05-05,2021,May,Kolkata,Tier 1,11-14,Male,Coding for Kids - Scratch,Coding,3-5,Quarterly,Online,Churned,59.1,2002.15,4.2
STU15677,2021-05-06,2021,May,Hyderabad,Tier 1,15-17,Female,UPSC Prelims Foundation,Competitive Exam,Graduate,Annual,Offline,Completed,100.0,52380.02,4.7
STU15758,2021-05-06,2021,May,Hyderabad,Tier 1,15-17,Male,Class 6 Foundation,School Curriculum,6,Quarterly,Online,Trial - Not Converted,8.5,0.0,
STU13422,2021-05-06,2021,May,Surat,Tier 2,18+,Male,Class 6 Foundation,School Curriculum,6,Annual,Offline,Active,43.1,8353.79,3.6
STU14918,2021-05-07,2021,May,Ranchi,Tier 3,15-17,Male,Class 6 Foundation,School Curriculum,6,Annual,Online,Active,76.8,8028.87,3.5
STU13421,2021-05-07,2021,May,Kanpur,Tier 2,15-17,Male,JEE Main Foundation,Competitive Exam,11-12,Quarterly,Offline,Active,57.4,11351.35,4.5
STU10321,2021-05-07,2021,May,Kanpur,Tier 2,18+,Female,NEET Crash Course,Competitive Exam,11-12,Annual,Online,Churned,24.1,39322.73,4.2
STU11348,2021-05-07,2021,May,Delhi,Tier 1,6-10,Female,UPSC Prelims Foundation,Competitive Exam,Graduate,Annual,Offline,Active,80.1,45943.98,5.0
STU11254,2021-05-07,2021,May,Hyderabad,Tier 1,18+,Male,UPSC Prelims Foundation,Competitive Exam,Graduate,Quarterly,Online,Active,38.9,15351.21,5.0
STU14786,2021-05-08,2021,May,Delhi,Tier 1,18+,Male,Robotics & AI Basics,Coding,6-8,Quarterly,Online,Trial - Not Converted,14.2,0.0,
STU15862,2021-05-08,2021,May,Nagpur,Tier 2,6-10,Female,Class 10 CBSE Complete,School Curriculum,10,Quarterly,Online,Active,34.3,4432.11,3.3
STU13827,2021-05-08,2021,May,Delhi,Tier 1,11-14,Male,Coding for Kids - Scratch,Coding,3-5,Quarterly,Online,Completed,100.0,1994.7,4.6
STU11934,2021-05-08,2021,May,Ahmedabad,Tier 1,18+,Female,Class 6 Foundation,School Curriculum,6,Annual,Online,Trial - Not Converted,10.1,0.0,
STU11677,2021-05-09,2021,May,Nagpur,Tier 2,18+,Male,Class 6 Foundation,School Curriculum,6,Annual,Offline,Trial - Not Converted,5.9,0.0,
STU15242,2021-05-09,2021,May,Kolkata,Tier 1,15-17,Male,Coding for Kids - Scratch,Coding,3-5,Quarterly,Online,Trial - Not Converted,15.6,0.0,
STU11626,2021-05-09,2021,May,Hyderabad,Tier 1,18+,Female,Spoken English Mastery,Skill Development,All,Monthly,Offline,Active,23.7,512.25,4.2
STU12352,2021-05-09,2021,May,Guwahati,Tier 3,18+,Female,UPSC Prelims Foundation,Competitive Exam,Graduate,Annual,Online,Active,21.4,46362.31,2.9
STU13232,2021-05-09,2021,May,Lucknow,Tier 2,15-17,Female,Coding for Kids - Scratch,Coding,3-5,Quarterly,Online,Trial - Not Converted,12.3,0.0,
STU10344,2021-05-10,2021,May,Mumbai,Tier 1,6-10,Male,JEE Main Foundation,Competitive Exam,11-12,Annual,Offline,Active,49.5,38680.7,3.4
STU12188,2021-05-10,2021,May,Patna,Tier 2,6-10,Female,Class 8 Maths & Science,School Curriculum,8,Monthly,Online,Completed,100.0,1032.31,3.4
STU15038,2021-05-11,2021,May,Nagpur,Tier 2,18+,Male,Class 6 Foundation,School Curriculum,6,Annual,Offline,Active,67.3,7876.96,4.4
STU12145,2021-05-11,2021,May,Jaipur,Tier 2,6-10,Male,Class 10 CBSE Complete,School Curriculum,10,Annual,Offline,Active,40.6,15350.07,3.9
STU11942,2021-05-11,2021,May,Chennai,Tier 1,11-14,Male,JEE Main Foundation,Competitive Exam,11-12,Annual,Offline,Churned,41.4,36350.57,4.1
STU15449,2021-05-11,2021,May,Kolkata,Tier 1,6-10,Male,Class 10 CBSE Complete,School Curriculum,10,Monthly,Online,Completed,100.0,1408.65,4.7
STU14119,2021-05-11,2021,May,Jaipur,Tier 2,15-17,Male,Class 10 CBSE Complete,School Curriculum,10,Monthly,Offline,Trial - Not Converted,6.7,0.0,
STU13470,2021-05-11,2021,May,Meerut,Tier 3,15-17,Male,NEET Crash Course,Competitive Exam,11-12,Annual,Online,Trial - Not Converted,7.9,0.0,
STU13640,2021-05-11,2021,May,Hyderabad,Tier 1,15-17,Female,NEET Crash Course,Competitive Exam,11-12,Monthly,Offline,Active,43.2,4042.85,3.9
STU12510,2021-05-11,2021,May,Delhi,Tier 1,6-10,Male,Coding for Kids - Scratch,Coding,3-5,Quarterly,Online,Churned,16.8,2075.44,3.6
STU14681,2021-05-12,2021,May,Chennai,Tier 1,11-14,Female,Coding for Kids - Scratch,Coding,3-5,Annual,Online,Churned,13.0,6883.62,4.1
STU10956,2021-05-12,2021,May,Jodhpur,Tier 3,15-17,Male,Class 8 Maths & Science,School Curriculum,8,Monthly,Online,Trial - Not Converted,1.3,0.0,
STU12284,2021-05-13,2021,May,Indore,Tier 2,15-17,Female,Class 10 CBSE Complete,School Curriculum,10,Annual,Offline,Trial - Not Converted,12.5,0.0,
STU11480,2021-05-13,2021,May,Mumbai,Tier 1,6-10,Female,Python for Beginners,Coding,6-8,Quarterly,Online,Active,91.9,2390.28,3.5
STU14716,2021-05-13,2021,May,Ranchi,Tier 3,18+,Male,UPSC Prelims Foundation,Competitive Exam,Graduate,Monthly,Online,Churned,50.3,4735.34,3.5
STU15826,2021-05-13,2021,May,Guwahati,Tier 3,11-14,Male,Robotics & AI Basics,Coding,6-8,Quarterly,Online,Trial - Not Converted,5.4,0.0,
STU11178,2021-05-13,2021,May,Bengaluru,Tier 1,18+,Female,Class 10 CBSE Complete,School Curriculum,10,Annual,Online,Active,32.0,13898.8,5.0
STU14033,2021-05-14,2021,May,Bhopal,Tier 2,15-17,Male,Coding for Kids - Scratch,Coding,3-5,Annual,Online,Active,75.2,6819.13,4.0
STU11105,2021-05-14,2021,May,Kota,Tier 3,11-14,Female,Spoken English Mastery,Skill Development,All,Annual,Online,Completed,100.0,5141.88,4.5
STU10471,2021-05-14,2021,May,Pune,Tier 1,6-10,Female,Class 8 Maths & Science,School Curriculum,8,Annual,Offline,Churned,43.1,9314.84,4.1
STU15083,2021-05-14,2021,May,Ranchi,Tier 3,15-17,Male,Robotics & AI Basics,Coding,6-8,Annual,Online,Active,77.3,13094.26,4.4
STU10717,2021-05-14,2021,May,Meerut,Tier 3,15-17,Male,Python for Beginners,Coding,6-8,Annual,Online,Active,52.3,7285.28,4.5
STU12759,2021-05-14,2021,May,Pune,Tier 1,11-14,Female,Class 10 CBSE Complete,School Curriculum,10,Monthly,Offline,Churned,38.2,1542.26,4.4
STU14021,2021-05-15,2021,May,Kanpur,Tier 2,6-10,Male,Class 8 Maths & Science,School Curriculum,8,Annual,Online,Trial - Not Converted,7.7,0.0,
STU11631,2021-05-15,2021,May,Mumbai,Tier 1,6-10,Male,Class 8 Maths & Science,School Curriculum,8,Annual,Offline,Churned,12.2,10171.22,4.4
STU13568,2021-05-15,2021,May,Pune,Tier 1,15-17,Male,Python for Beginners,Coding,6-8,Quarterly,Online,Completed,100.0,2457.6,3.9
STU15381,2021-05-15,2021,May,Raipur,Tier 3,11-14,Female,Class 6 Foundation,School Curriculum,6,Annual,Online,Active,21.8,7788.23,3.5
STU10402,2021-05-16,2021,May,Pune,Tier 1,15-17,Male,Class 10 CBSE Complete,School Curriculum,10,Annual,Offline,Trial - Not Converted,13.1,0.0,
STU10851,2021-05-16,2021,May,Jaipur,Tier 2,6-10,Female,Python for Beginners,Coding,6-8,Monthly,Online,Churned,34.8,762.77,4.6
STU12706,2021-05-16,2021,May,Kota,Tier 3,15-17,Female,Robotics & AI Basics,Coding,6-8,Annual,Online,Trial - Not Converted,7.0,0.0,
STU13313,2021-05-16,2021,May,Delhi,Tier 1,18+,Male,Spoken English Mastery,Skill Development,All,Monthly,Online,Trial - Not Converted,14.9,0.0,
STU11777,2021-05-17,2021,May,Pune,Tier 1,15-17,Female,Class 8 Maths & Science,School Curriculum,8,Quarterly,Offline,Trial - Not Converted,2.0,0.0,
STU10355,2021-05-17,2021,May,Meerut,Tier 3,18+,Female,Class 10 CBSE Complete,School Curriculum,10,Monthly,Offline,Trial - Not Converted,22.9,0.0,
STU11769,2021-05-17,2021,May,Pune,Tier 1,6-10,Female,Python for Beginners,Coding,6-8,Annual,Online,Churned,38.7,7742.92,3.2
STU13770,2021-05-17,2021,May,Kanpur,Tier 2,11-14,Female,UPSC Prelims Foundation,Competitive Exam,Graduate,Quarterly,Online,Active,43.2,14410.91,3.9
STU13874,2021-05-17,2021,May,Kolkata,Tier 1,6-10,Female,Class 6 Foundation,School Curriculum,6,Annual,Online,Active,49.6,7608.45,4.9
STU10863,2021-05-18,2021,May,Kolkata,Tier 1,11-14,Male,Coding for Kids - Scratch,Coding,3-5,Quarterly,Online,Completed,100.0,2094.09,4.9
STU15634,2021-05-18,2021,May,Bengaluru,Tier 1,6-10,Female,Class 6 Foundation,School Curriculum,6,Quarterly,Offline,Completed,100.0,2502.15,4.5
STU15223,2021-05-19,2021,May,Patna,Tier 2,6-10,Male,Spoken English Mastery,Skill Development,All,Monthly,Online,Active,40.6,483.08,4.5
STU15429,2021-05-19,2021,May,Kolkata,Tier 1,6-10,Female,Robotics & AI Basics,Coding,6-8,Annual,Online,Completed,100.0,12795.45,4.8
STU11570,2021-05-19,2021,May,Hyderabad,Tier 1,18+,Female,NEET Crash Course,Competitive Exam,11-12,Annual,Online,Active,85.9,43135.91,4.0
STU15849,2021-05-19,2021,May,Bhopal,Tier 2,18+,Female,Class 8 Maths & Science,School Curriculum,8,Quarterly,Offline,Active,74.5,2945.85,4.1
STU10881,2021-05-19,2021,May,Hyderabad,Tier 1,6-10,Male,Class 8 Maths & Science,School Curriculum,8,Annual,Online,Completed,100.0,9261.79,3.9
STU14856,2021-05-20,2021,May,Indore,Tier 2,11-14,Male,Class 6 Foundation,School Curriculum,6,Quarterly,Offline,Active,82.8,2457.1,3.7
STU11330,2021-05-20,2021,May,Mumbai,Tier 1,15-17,Male,JEE Main Foundation,Competitive Exam,11-12,Monthly,Offline,Active,88.3,3660.16,3.6
STU14454,2021-05-20,2021,May,Mumbai,Tier 1,11-14,Female,Class 10 CBSE Complete,School Curriculum,10,Annual,Online,Active,48.0,15056.57,4.0
STU11481,2021-05-20,2021,May,Kanpur,Tier 2,11-14,Female,Class 6 Foundation,School Curriculum,6,Annual,Offline,Trial - Not Converted,4.9,0.0,
STU12370,2021-05-20,2021,May,Mumbai,Tier 1,11-14,Female,Class 8 Maths & Science,School Curriculum,8,Monthly,Online,Active,71.8,953.62,5.0
STU13154,2021-05-20,2021,May,Chennai,Tier 1,18+,Male,Class 10 CBSE Complete,School Curriculum,10,Annual,Offline,Active,63.5,14670.88,3.8
STU13866,2021-05-21,2021,May,Jaipur,Tier 2,11-14,Female,NEET Crash Course,Competitive Exam,11-12,Quarterly,Online,Active,46.0,12129.22,4.5
STU14975,2021-05-21,2021,May,Pune,Tier 1,6-10,Male,Class 10 CBSE Complete,School Curriculum,10,Annual,Offline,Active,77.3,13949.2,4.6
STU14202,2021-05-21,2021,May,Ahmedabad,Tier 1,15-17,Female,Spoken English Mastery,Skill Development,All,Monthly,Online,Trial - Not Converted,0.1,0.0,
STU12078,2021-05-21,2021,May,Mumbai,Tier 1,18+,Female,Robotics & AI Basics,Coding,6-8,Annual,Online,Active,61.1,12704.62,4.2
STU14043,2021-05-22,2021,May,Guwahati,Tier 3,11-14,Female,Spoken English Mastery,Skill Development,All,Annual,Online,Churned,54.2,5110.47,4.2
STU15817,2021-05-22,2021,May,Indore,Tier 2,6-10,Male,UPSC Prelims Foundation,Competitive Exam,Graduate,Annual,Online,Active,29.8,49988.36,4.1
STU12898,2021-05-22,2021,May,Ahmedabad,Tier 1,18+,Male,NEET Crash Course,Competitive Exam,11-12,Monthly,Offline,Active,33.5,3991.5,4.1
STU13517,2021-05-22,2021,May,Nagpur,Tier 2,18+,Female,NEET Crash Course,Competitive Exam,11-12,Annual,Online,Completed,100.0,40515.65,3.7
STU12841,2021-05-23,2021,May,Mumbai,Tier 1,6-10,Male,Class 6 Foundation,School Curriculum,6,Annual,Offline,Active,79.1,8199.23,3.6
STU13598,2021-05-23,2021,May,Ahmedabad,Tier 1,15-17,Male,JEE Main Foundation,Competitive Exam,11-12,Monthly,Online,Active,50.7,3439.11,4.0
STU11808,2021-05-24,2021,May,Hyderabad,Tier 1,6-10,Female,Robotics & AI Basics,Coding,6-8,Annual,Offline,Trial - Not Converted,11.8,0.0,
STU12516,2021-05-24,2021,May,Raipur,Tier 3,18+,Male,Spoken English Mastery,Skill Development,All,Annual,Online,Trial - Not Converted,5.3,0.0,
STU10205,2021-05-24,2021,May,Kolkata,Tier 1,6-10,Female,Python for Beginners,Coding,6-8,Annual,Online,Trial - Not Converted,2.8,0.0,
STU11888,2021-05-24,2021,May,Mumbai,Tier 1,6-10,Female,Class 8 Maths & Science,School Curriculum,8,Monthly,Online,Active,78.1,1030.56,3.9
STU10449,2021-05-25,2021,May,Surat,Tier 2,6-10,Male,Python for Beginners,Coding,6-8,Annual,Online,Active,84.1,8276.37,4.1
STU11628,2021-05-25,2021,May,Pune,Tier 1,15-17,Male,Spoken English Mastery,Skill Development,All,Quarterly,Online,Active,69.7,1549.16,3.7
STU13209,2021-05-25,2021,May,Indore,Tier 2,6-10,Male,UPSC Prelims Foundation,Competitive Exam,Graduate,Monthly,Offline,Completed,100.0,4571.7,5.0
STU15636,2021-05-25,2021,May,Mumbai,Tier 1,15-17,Female,Python for Beginners,Coding,6-8,Quarterly,Online,Active,25.0,2437.62,4.6
STU10217,2021-05-25,2021,May,Bhopal,Tier 2,15-17,Male,Python for Beginners,Coding,6-8,Quarterly,Online,Trial - Not Converted,18.4,0.0,
STU11578,2021-05-25,2021,May,Pune,Tier 1,15-17,Female,Coding for Kids - Scratch,Coding,3-5,Annual,Online,Completed,100.0,6823.8,4.1
STU15599,2021-05-25,2021,May,Raipur,Tier 3,18+,Female,Python for Beginners,Coding,6-8,Annual,Online,Active,98.5,7706.99,5.0
STU10448,2021-05-26,2021,May,Kolkata,Tier 1,15-17,Male,Robotics & AI Basics,Coding,6-8,Annual,Online,Completed,100.0,12773.3,4.4
STU15522,2021-05-27,2021,May,Delhi,Tier 1,6-10,Female,Robotics & AI Basics,Coding,6-8,Quarterly,Offline,Trial - Not Converted,11.1,0.0,
STU15717,2021-05-27,2021,May,Jaipur,Tier 2,18+,Female,Python for Beginners,Coding,6-8,Annual,Online,Active,80.6,8271.78,4.2
STU13304,2021-05-27,2021,May,Kolkata,Tier 1,6-10,Female,Class 10 CBSE Complete,School Curriculum,10,Monthly,Online,Active,78.2,1446.63,3.7
STU11785,2021-05-27,2021,May,Nagpur,Tier 2,18+,Male,Class 6 Foundation,School Curriculum,6,Annual,Online,Active,48.0,7784.37,4.7
STU13476,2021-05-27,2021,May,Kolkata,Tier 1,6-10,Male,Python for Beginners,Coding,6-8,Annual,Online,Active,89.7,7747.21,3.5
STU12971,2021-05-27,2021,May,Guwahati,Tier 3,15-17,Female,Class 8 Maths & Science,School Curriculum,8,Monthly,Offline,Active,64.1,1017.45,4.4
STU12527,2021-05-28,2021,May,Bhopal,Tier 2,6-10,Male,Spoken English Mastery,Skill Development,All,Annual,Online,Active,75.4,4569.89,4.0
STU15179,2021-05-28,2021,May,Jodhpur,Tier 3,6-10,Female,JEE Main Foundation,Competitive Exam,11-12,Annual,Offline,Churned,39.1,38378.65,4.8
STU14548,2021-05-29,2021,May,Ahmedabad,Tier 1,18+,Female,Robotics & AI Basics,Coding,6-8,Quarterly,Online,Active,58.3,3662.32,3.1
STU10844,2021-05-29,2021,May,Hyderabad,Tier 1,18+,Male,Class 6 Foundation,School Curriculum,6,Monthly,Offline,Completed,100.0,835.76,3.6
STU14236,2021-05-29,2021,May,Varanasi,Tier 3,15-17,Male,UPSC Prelims Foundation,Competitive Exam,Graduate,Quarterly,Online,Active,84.1,15609.36,4.6
STU14257,2021-05-29,2021,May,Kolkata,Tier 1,6-10,Female,Robotics & AI Basics,Coding,6-8,Annual,Online,Trial - Not Converted,22.6,0.0,
STU12535,2021-05-29,2021,May,Delhi,Tier 1,15-17,Male,Class 10 CBSE Complete,School Curriculum,10,Annual,Online,Churned,43.9,14687.65,4.3
STU10989,2021-05-30,2021,May,Ahmedabad,Tier 1,11-14,Female,Class 8 Maths & Science,School Curriculum,8,Annual,Online,Completed,100.0,10233.29,3.9
STU13228,2021-05-30,2021,May,Hyderabad,Tier 1,15-17,Female,Robotics & AI Basics,Coding,6-8,Monthly,Offline,Trial - Not Converted,23.7,0.0,
STU10649,2021-05-30,2021,May,Surat,Tier 2,11-14,Male,UPSC Prelims Foundation,Competitive Exam,Graduate,Annual,Offline,Churned,57.0,50670.22,4.6
STU14224,2021-05-31,2021,May,Lucknow,Tier 2,6-10,Female,Class 10 CBSE Complete,School Curriculum,10,Monthly,Online,Active,69.4,1356.7,4.4
STU12493,2021-05-31,2021,May,Ahmedabad,Tier 1,6-10,Male,NEET Crash Course,Competitive Exam,11-12,Annual,Online,Active,64.0,43574.57,2.9
STU10524,2021-05-31,2021,May,Kanpur,Tier 2,18+,Female,Python for Beginners,Coding,6-8,Monthly,Offline,Trial - Not Converted,13.9,0.0,
STU14196,2021-05-31,2021,May,Jaipur,Tier 2,6-10,Female,NEET Crash Course,Competitive Exam,11-12,Monthly,Online,Active,86.2,4132.47,3.8
STU12857,2021-06-01,2021,Jun,Mumbai,Tier 1,11-14,Male,JEE Main Foundation,Competitive Exam,11-12,Annual,Online,Active,65.4,36793.08,3.9
STU12991,2021-06-02,2021,Jun,Meerut,Tier 3,15-17,Female,Class 10 CBSE Complete,School Curriculum,10,Annual,Online,Active,56.1,14191.1,3.9
STU14872,2021-06-02,2021,Jun,Jaipur,Tier 2,18+,Male,UPSC Prelims Foundation,Competitive Exam,Graduate,Monthly,Online,Trial - Not Converted,22.6,0.0,
STU15469,2021-06-02,2021,Jun,Delhi,Tier 1,18+,Male,Python for Beginners,Coding,6-8,Monthly,Offline,Completed,100.0,763.96,4.2
STU15053,2021-06-02,2021,Jun,Ahmedabad,Tier 1,18+,Female,UPSC Prelims Foundation,Competitive Exam,Graduate,Quarterly,Online,Active,68.5,13683.2,3.7
STU15387,2021-06-02,2021,Jun,Kolkata,Tier 1,18+,Male,Class 6 Foundation,School Curriculum,6,Quarterly,Online,Active,35.3,2546.9,4.4
STU11243,2021-06-02,2021,Jun,Raipur,Tier 3,6-10,Male,NEET Crash Course,Competitive Exam,11-12,Annual,Online,Active,67.5,42845.75,4.9
STU13938,2021-06-03,2021,Jun,Bengaluru,Tier 1,18+,Male,Robotics & AI Basics,Coding,6-8,Monthly,Online,Trial - Not Converted,15.8,0.0,
STU11133,2021-06-03,2021,Jun,Indore,Tier 2,11-14,Male,Robotics & AI Basics,Coding,6-8,Annual,Online,Trial - Not Converted,11.3,0.0,
STU12624,2021-06-03,2021,Jun,Guwahati,Tier 3,15-17,Female,UPSC Prelims Foundation,Competitive Exam,Graduate,Monthly,Offline,Completed,100.0,4650.93,4.3
STU12254,2021-06-04,2021,Jun,Pune,Tier 1,11-14,Female,Robotics & AI Basics,Coding,6-8,Quarterly,Online,Trial - Not Converted,18.9,0.0,
STU10505,2021-06-04,2021,Jun,Jaipur,Tier 2,11-14,Male,Class 10 CBSE Complete,School Curriculum,10,Quarterly,Online,Active,61.5,4626.73,4.5
STU12614,2021-06-04,2021,Jun,Kolkata,Tier 1,11-14,Female,JEE Main Foundation,Competitive Exam,11-12,Annual,Offline,Trial - Not Converted,22.8,0.0,
STU12012,2021-06-04,2021,Jun,Nagpur,Tier 2,6-10,Female,JEE Main Foundation,Competitive Exam,11-12,Monthly,Offline,Active,72.8,3665.26,3.9
STU13085,2021-06-04,2021,Jun,Chennai,Tier 1,18+,Male,Python for Beginners,Coding,6-8,Monthly,Online,Active,22.0,718.34,3.2
STU11220,2021-06-05,2021,Jun,Hyderabad,Tier 1,18+,Male,Class 6 Foundation,School Curriculum,6,Quarterly,Offline,Active,58.1,2548.59,3.8
STU11741,2021-06-05,2021,Jun,Bengaluru,Tier 1,18+,Female,Class 8 Maths & Science,School Curriculum,8,Monthly,Online,Completed,100.0,1027.52,4.9
STU10537,2021-06-05,2021,Jun,Chennai,Tier 1,11-14,Male,Python for Beginners,Coding,6-8,Annual,Online,Completed,100.0,7982.35,4.4
STU14962,2021-06-06,2021,Jun,Ahmedabad,Tier 1,6-10,Female,Class 6 Foundation,School Curriculum,6,Annual,Online,Active,51.5,7985.43,5.0
STU10196,2021-06-06,2021,Jun,Delhi,Tier 1,15-17,Female,Class 8 Maths & Science,School Curriculum,8,Annual,Online,Trial - Not Converted,18.9,0.0,
STU10429,2021-06-06,2021,Jun,Ahmedabad,Tier 1,18+,Female,Class 8 Maths & Science,School Curriculum,8,Quarterly,Online,Trial - Not Converted,14.1,0.0,
STU15129,2021-06-06,2021,Jun,Indore,Tier 2,6-10,Female,Python for Beginners,Coding,6-8,Annual,Online,Completed,100.0,8202.69,4.1
STU14437,2021-06-06,2021,Jun,Hyderabad,Tier 1,6-10,Female,Python for Beginners,Coding,6-8,Quarterly,Online,Completed,100.0,2445.42,4.5
STU11215,2021-06-07,2021,Jun,Jodhpur,Tier 3,6-10,Female,Class 10 CBSE Complete,School Curriculum,10,Annual,Online,Completed,100.0,15379.69,4.2
STU12162,2021-06-07,2021,Jun,Kota,Tier 3,6-10,Female,Spoken English Mastery,Skill Development,All,Annual,Online,Active,57.5,4998.82,3.7
STU13885,2021-06-07,2021,Jun,Kota,Tier 3,11-14,Female,Class 10 CBSE Complete,School Curriculum,10,Quarterly,Online,Active,93.7,4186.51,3.7
STU14616,2021-06-07,2021,Jun,Nagpur,Tier 2,6-10,Female,Class 10 CBSE Complete,School Curriculum,10,Monthly,Online,Trial - Not Converted,5.4,0.0,
STU11080,2021-06-07,2021,Jun,Kolkata,Tier 1,15-17,Male,Class 10 CBSE Complete,School Curriculum,10,Quarterly,Online,Active,58.6,4344.89,3.8
STU12082,2021-06-08,2021,Jun,Pune,Tier 1,18+,Female,Class 6 Foundation,School Curriculum,6,Annual,Online,Completed,100.0,8043.49,3.7
STU14049,2021-06-08,2021,Jun,Kolkata,Tier 1,6-10,Female,UPSC Prelims Foundation,Competitive Exam,Graduate,Annual,Online,Active,54.0,49943.53,4.7
STU13082,2021-06-08,2021,Jun,Hyderabad,Tier 1,6-10,Male,NEET Crash Course,Competitive Exam,11-12,Monthly,Online,Active,40.3,4459.06,3.6
STU11446,2021-06-09,2021,Jun,Ahmedabad,Tier 1,15-17,Male,Class 8 Maths & Science,School Curriculum,8,Annual,Online,Trial - Not Converted,6.5,0.0,
STU11299,2021-06-09,2021,Jun,Indore,Tier 2,6-10,Male,UPSC Prelims Foundation,Competitive Exam,Graduate,Annual,Online,Trial - Not Converted,5.1,0.0,
STU13208,2021-06-09,2021,Jun,Jaipur,Tier 2,18+,Male,Spoken English Mastery,Skill Development,All,Annual,Online,Trial - Not Converted,3.3,0.0,
STU12294,2021-06-09,2021,Jun,Bengaluru,Tier 1,6-10,Female,Robotics & AI Basics,Coding,6-8,Monthly,Online,Active,83.8,1140.22,4.4
STU10807,2021-06-09,2021,Jun,Ahmedabad,Tier 1,18+,Male,JEE Main Foundation,Competitive Exam,11-12,Annual,Online,Trial - Not Converted,17.5,0.0,
STU14217,2021-06-09,2021,Jun,Pune,Tier 1,11-14,Male,JEE Main Foundation,Competitive Exam,11-12,Annual,Online,Active,66.9,38690.87,5.0
STU14391,2021-06-09,2021,Jun,Jaipur,Tier 2,15-17,Female,JEE Main Foundation,Competitive Exam,11-12,Quarterly,Online,Completed,100.0,10507.88,3.9
STU12922,2021-06-10,2021,Jun,Indore,Tier 2,15-17,Female,Coding for Kids - Scratch,Coding,3-5,Annual,Offline,Active,53.0,6673.5,4.1
STU11866,2021-06-10,2021,Jun,Lucknow,Tier 2,15-17,Female,UPSC Prelims Foundation,Competitive Exam,Graduate,Annual,Offline,Trial - Not Converted,5.8,0.0,
STU15297,2021-06-10,2021,Jun,Mumbai,Tier 1,15-17,Female,UPSC Prelims Foundation,Competitive Exam,Graduate,Annual,Online,Active,58.9,46184.15,4.8
STU12437,2021-06-10,2021,Jun,Pune,Tier 1,15-17,Male,Class 10 CBSE Complete,School Curriculum,10,Monthly,Offline,Trial - Not Converted,16.6,0.0,
STU15925,2021-06-11,2021,Jun,Indore,Tier 2,18+,Male,Class 8 Maths & Science,School Curriculum,8,Monthly,Offline,Completed,100.0,928.25,3.5
STU10165,2021-06-11,2021,Jun,Kolkata,Tier 1,18+,Female,NEET Crash Course,Competitive Exam,11-12,Annual,Offline,Active,69.2,42377.23,3.9
STU11856,2021-06-12,2021,Jun,Hyderabad,Tier 1,6-10,Female,Spoken English Mastery,Skill Development,All,Annual,Offline,Active,41.2,4892.5,4.1
STU10418,2021-06-12,2021,Jun,Indore,Tier 2,15-17,Female,NEET Crash Course,Competitive Exam,11-12,Annual,Online,Churned,36.6,45219.22,4.9
STU10836,2021-06-12,2021,Jun,Kanpur,Tier 2,15-17,Female,NEET Crash Course,Competitive Exam,11-12,Monthly,Offline,Trial - Not Converted,12.6,0.0,
STU15647,2021-06-13,2021,Jun,Delhi,Tier 1,18+,Female,UPSC Prelims Foundation,Competitive Exam,Graduate,Annual,Offline,Trial - Not Converted,14.0,0.0,
STU13478,2021-06-13,2021,Jun,Kota,Tier 3,18+,Male,Class 8 Maths & Science,School Curriculum,8,Annual,Offline,Active,24.1,9798.38,3.8
STU15278,2021-06-13,2021,Jun,Bhopal,Tier 2,11-14,Female,Coding for Kids - Scratch,Coding,3-5,Annual,Online,Active,53.2,6147.58,3.7
STU14963,2021-06-13,2021,Jun,Patna,Tier 2,11-14,Female,Python for Beginners,Coding,6-8,Monthly,Online,Completed,100.0,794.19,3.7
STU10880,2021-06-13,2021,Jun,Kanpur,Tier 2,18+,Female,Coding for Kids - Scratch,Coding,3-5,Annual,Online,Trial - Not Converted,23.8,0.0,
STU12127,2021-06-14,2021,Jun,Jodhpur,Tier 3,15-17,Male,Coding for Kids - Scratch,Coding,3-5,Annual,Online,Active,34.3,6545.39,3.9
STU11506,2021-06-14,2021,Jun,Kanpur,Tier 2,6-10,Male,Spoken English Mastery,Skill Development,All,Monthly,Online,Trial - Not Converted,16.9,0.0,
STU15792,2021-06-14,2021,Jun,Meerut,Tier 3,11-14,Female,Spoken English Mastery,Skill Development,All,Monthly,Online,Trial - Not Converted,5.6,0.0,
STU12760,2021-06-14,2021,Jun,Mumbai,Tier 1,15-17,Male,Coding for Kids - Scratch,Coding,3-5,Monthly,Offline,Trial - Not Converted,2.3,0.0,
STU11686,2021-06-14,2021,Jun,Nagpur,Tier 2,18+,Female,UPSC Prelims Foundation,Competitive Exam,Graduate,Quarterly,Offline,Completed,100.0,14053.36,4.7
STU12366,2021-06-14,2021,Jun,Meerut,Tier 3,6-10,Female,Class 8 Maths & Science,School Curriculum,8,Monthly,Offline,Active,85.2,930.55,4.6
STU12091,2021-06-15,2021,Jun,Kota,Tier 3,15-17,Male,Coding for Kids - Scratch,Coding,3-5,Annual,Online,Active,50.5,6124.83,4.4
STU10382,2021-06-15,2021,Jun,Chennai,Tier 1,18+,Female,Python for Beginners,Coding,6-8,Annual,Offline,Active,35.6,7770.88,4.9
STU10483,2021-06-15,2021,Jun,Mumbai,Tier 1,11-14,Female,Class 8 Maths & Science,School Curriculum,8,Monthly,Online,Active,70.1,983.65,4.3
STU15505,2021-06-15,2021,Jun,Ahmedabad,Tier 1,6-10,Female,Python for Beginners,Coding,6-8,Monthly,Online,Active,79.6,794.12,3.5
STU11986,2021-06-16,2021,Jun,Hyderabad,Tier 1,6-10,Female,Class 10 CBSE Complete,School Curriculum,10,Annual,Online,Active,66.9,14656.44,4.6
STU11313,2021-06-16,2021,Jun,Ahmedabad,Tier 1,18+,Male,Coding for Kids - Scratch,Coding,3-5,Annual,Offline,Active,78.9,6514.37,4.4
STU12847,2021-06-16,2021,Jun,Mumbai,Tier 1,6-10,Male,JEE Main Foundation,Competitive Exam,11-12,Annual,Online,Active,47.4,34768.27,3.7
STU14650,2021-06-16,2021,Jun,Jaipur,Tier 2,11-14,Male,Coding for Kids - Scratch,Coding,3-5,Annual,Online,Churned,52.1,6429.15,3.9
STU15810,2021-06-17,2021,Jun,Nagpur,Tier 2,15-17,Male,Robotics & AI Basics,Coding,6-8,Quarterly,Online,Trial - Not Converted,9.1,0.0,
STU13519,2021-06-17,2021,Jun,Nagpur,Tier 2,18+,Male,UPSC Prelims Foundation,Competitive Exam,Graduate,Annual,Online,Trial - Not Converted,23.8,0.0,
STU11730,2021-06-17,2021,Jun,Kolkata,Tier 1,15-17,Male,UPSC Prelims Foundation,Competitive Exam,Graduate,Monthly,Offline,Completed,100.0,4969.9,4.4
STU14799,2021-06-17,2021,Jun,Kanpur,Tier 2,11-14,Male,Class 10 CBSE Complete,School Curriculum,10,Quarterly,Offline,Active,90.1,4077.77,4.0
STU13127,2021-06-18,2021,Jun,Hyderabad,Tier 1,15-17,Female,Coding for Kids - Scratch,Coding,3-5,Annual,Online,Active,57.7,6765.02,5.0
STU13283,2021-06-18,2021,Jun,Surat,Tier 2,15-17,Male,UPSC Prelims Foundation,Competitive Exam,Graduate,Quarterly,Online,Active,70.7,14726.79,3.9
STU12079,2021-06-18,2021,Jun,Jaipur,Tier 2,15-17,Female,UPSC Prelims Foundation,Competitive Exam,Graduate,Monthly,Online,Trial - Not Converted,18.0,0.0,
STU15363,2021-06-18,2021,Jun,Bhopal,Tier 2,11-14,Male,Robotics & AI Basics,Coding,6-8,Annual,Online,Active,85.8,12663.84,5.0
STU11025,2021-06-18,2021,Jun,Hyderabad,Tier 1,18+,Male,UPSC Prelims Foundation,Competitive Exam,Graduate,Quarterly,Offline,Active,64.8,15203.52,3.8
STU10116,2021-06-19,2021,Jun,Nagpur,Tier 2,18+,Female,Python for Beginners,Coding,6-8,Quarterly,Online,Trial - Not Converted,13.8,0.0,
STU12817,2021-06-19,2021,Jun,Ahmedabad,Tier 1,15-17,Male,Robotics & AI Basics,Coding,6-8,Annual,Online,Completed,100.0,12501.95,4.5
STU12853,2021-06-19,2021,Jun,Chennai,Tier 1,15-17,Female,Python for Beginners,Coding,6-8,Monthly,Online,Active,54.9,807.6,4.0
STU12490,2021-06-19,2021,Jun,Nagpur,Tier 2,11-14,Male,Class 10 CBSE Complete,School Curriculum,10,Monthly,Offline,Active,94.9,1411.21,3.4
STU14749,2021-06-19,2021,Jun,Hyderabad,Tier 1,15-17,Female,Class 8 Maths & Science,School Curriculum,8,Quarterly,Offline,Active,55.9,2959.04,4.2
STU13857,2021-06-20,2021,Jun,Pune,Tier 1,18+,Male,Robotics & AI Basics,Coding,6-8,Monthly,Online,Active,99.9,1172.5,3.3
STU15704,2021-06-20,2021,Jun,Patna,Tier 2,18+,Female,Coding for Kids - Scratch,Coding,3-5,Monthly,Online,Active,72.9,633.68,3.4
STU12702,2021-06-20,2021,Jun,Varanasi,Tier 3,15-17,Male,JEE Main Foundation,Competitive Exam,11-12,Monthly,Online,Active,69.8,3925.89,3.4
STU13714,2021-06-20,2021,Jun,Indore,Tier 2,6-10,Male,Robotics & AI Basics,Coding,6-8,Monthly,Offline,Completed,100.0,1197.9,4.8
STU14896,2021-06-21,2021,Jun,Bengaluru,Tier 1,6-10,Female,Class 6 Foundation,School Curriculum,6,Annual,Online,Churned,22.2,8254.13,3.8
STU11027,2021-06-21,2021,Jun,Patna,Tier 2,6-10,Male,Spoken English Mastery,Skill Development,All,Monthly,Online,Active,29.2,478.82,4.6
STU11036,2021-06-21,2021,Jun,Jodhpur,Tier 3,6-10,Female,Class 10 CBSE Complete,School Curriculum,10,Annual,Online,Active,25.3,15235.37,4.1
STU12982,2021-06-22,2021,Jun,Kanpur,Tier 2,6-10,Male,Class 6 Foundation,School Curriculum,6,Monthly,Online,Active,52.5,853.67,3.4
STU15531,2021-06-22,2021,Jun,Ahmedabad,Tier 1,18+,Male,Class 6 Foundation,School Curriculum,6,Annual,Online,Active,90.4,8735.89,3.9
STU15319,2021-06-22,2021,Jun,Hyderabad,Tier 1,11-14,Female,NEET Crash Course,Competitive Exam,11-12,Annual,Online,Active,73.1,43218.06,3.8
STU15616,2021-06-23,2021,Jun,Bengaluru,Tier 1,6-10,Male,Class 10 CBSE Complete,School Curriculum,10,Annual,Offline,Active,22.3,13700.28,4.3
STU12458,2021-06-23,2021,Jun,Hyderabad,Tier 1,18+,Male,UPSC Prelims Foundation,Competitive Exam,Graduate,Annual,Offline,Churned,36.3,49994.61,4.6
STU14461,2021-06-23,2021,Jun,Ahmedabad,Tier 1,6-10,Female,UPSC Prelims Foundation,Competitive Exam,Graduate,Annual,Online,Active,29.1,51746.95,4.8
STU12306,2021-06-23,2021,Jun,Kolkata,Tier 1,11-14,Male,Class 8 Maths & Science,School Curriculum,8,Annual,Online,Active,36.1,10099.24,4.3
STU15132,2021-06-23,2021,Jun,Mumbai,Tier 1,18+,Male,NEET Crash Course,Competitive Exam,11-12,Quarterly,Online,Churned,18.3,12010.25,4.4
STU14284,2021-06-23,2021,Jun,Surat,Tier 2,18+,Female,Spoken English Mastery,Skill Development,All,Quarterly,Offline,Active,77.4,1365.28,4.3
STU10750,2021-06-24,2021,Jun,Bhopal,Tier 2,11-14,Female,Class 8 Maths & Science,School Curriculum,8,Quarterly,Online,Active,50.7,2985.38,4.2
STU15853,2021-06-24,2021,Jun,Meerut,Tier 3,18+,Male,Python for Beginners,Coding,6-8,Quarterly,Offline,Churned,27.6,2432.77,5.0
STU12473,2021-06-24,2021,Jun,Mumbai,Tier 1,11-14,Female,Class 6 Foundation,School Curriculum,6,Annual,Online,Completed,100.0,8649.4,5.0
STU12163,2021-06-24,2021,Jun,Ahmedabad,Tier 1,6-10,Female,Coding for Kids - Scratch,Coding,3-5,Monthly,Online,Completed,100.0,642.61,4.7
STU14912,2021-06-24,2021,Jun,Bhopal,Tier 2,6-10,Male,Coding for Kids - Scratch,Coding,3-5,Annual,Online,Churned,43.5,6674.6,4.9
STU10453,2021-06-24,2021,Jun,Hyderabad,Tier 1,11-14,Female,Spoken English Mastery,Skill Development,All,Quarterly,Online,Completed,100.0,1524.59,3.8
STU15722,2021-06-24,2021,Jun,Guwahati,Tier 3,18+,Male,Spoken English Mastery,Skill Development,All,Monthly,Online,Completed,100.0,480.61,4.2
STU12907,2021-06-25,2021,Jun,Nagpur,Tier 2,18+,Female,UPSC Prelims Foundation,Competitive Exam,Graduate,Annual,Online,Trial - Not Converted,4.9,0.0,
STU12832,2021-06-25,2021,Jun,Patna,Tier 2,15-17,Female,Robotics & AI Basics,Coding,6-8,Annual,Online,Churned,15.7,13052.33,3.8
STU14200,2021-06-25,2021,Jun,Hyderabad,Tier 1,18+,Female,Class 6 Foundation,School Curriculum,6,Quarterly,Online,Completed,100.0,2499.07,5.0
STU13620,2021-06-25,2021,Jun,Ahmedabad,Tier 1,11-14,Male,Class 10 CBSE Complete,School Curriculum,10,Monthly,Online,Churned,44.2,1482.3,4.5
STU11283,2021-06-25,2021,Jun,Patna,Tier 2,15-17,Male,Class 6 Foundation,School Curriculum,6,Annual,Online,Churned,24.4,8513.19,3.9
STU10001,2021-06-25,2021,Jun,Mumbai,Tier 1,11-14,Female,Spoken English Mastery,Skill Development,All,Annual,Online,Trial - Not Converted,14.7,0.0,
STU13430,2021-06-26,2021,Jun,Guwahati,Tier 3,15-17,Male,Spoken English Mastery,Skill Development,All,Quarterly,Offline,Active,58.0,1419.93,3.4
STU14675,2021-06-26,2021,Jun,Ahmedabad,Tier 1,11-14,Female,Class 8 Maths & Science,School Curriculum,8,Annual,Offline,Active,26.1,10310.0,4.3
STU10213,2021-06-26,2021,Jun,Lucknow,Tier 2,6-10,Male,Python for Beginners,Coding,6-8,Monthly,Online,Active,97.3,813.72,4.7
STU12161,2021-06-26,2021,Jun,Delhi,Tier 1,15-17,Female,Class 10 CBSE Complete,School Curriculum,10,Annual,Offline,Active,68.2,14685.5,2.6
STU12253,2021-06-27,2021,Jun,Mumbai,Tier 1,11-14,Male,Robotics & AI Basics,Coding,6-8,Annual,Online,Active,80.3,11752.72,4.6
STU13852,2021-06-27,2021,Jun,Bhopal,Tier 2,11-14,Male,Class 8 Maths & Science,School Curriculum,8,Annual,Offline,Trial - Not Converted,1.6,0.0,
STU12223,2021-06-27,2021,Jun,Jodhpur,Tier 3,6-10,Male,Coding for Kids - Scratch,Coding,3-5,Annual,Online,Active,98.8,6968.48,5.0
STU12609,2021-06-27,2021,Jun,Patna,Tier 2,18+,Male,Class 6 Foundation,School Curriculum,6,Annual,Offline,Trial - Not Converted,17.4,0.0,
STU13785,2021-06-27,2021,Jun,Varanasi,Tier 3,11-14,Female,Class 10 CBSE Complete,School Curriculum,10,Monthly,Online,Trial - Not Converted,13.1,0.0,
STU15281,2021-06-27,2021,Jun,Ahmedabad,Tier 1,11-14,Male,Class 6 Foundation,School Curriculum,6,Quarterly,Online,Completed,100.0,2614.01,3.8
STU11383,2021-06-27,2021,Jun,Ahmedabad,Tier 1,18+,Male,Coding for Kids - Scratch,Coding,3-5,Monthly,Online,Active,93.5,666.88,3.9
STU13610,2021-06-28,2021,Jun,Kanpur,Tier 2,15-17,Male,Robotics & AI Basics,Coding,6-8,Quarterly,Online,Active,39.3,3547.45,4.2
STU15576,2021-06-28,2021,Jun,Ahmedabad,Tier 1,18+,Male,Class 8 Maths & Science,School Curriculum,8,Annual,Online,Active,29.1,9047.66,5.0
STU10388,2021-06-28,2021,Jun,Indore,Tier 2,6-10,Male,Class 6 Foundation,School Curriculum,6,Annual,Offline,Active,43.3,7812.17,4.3
STU14542,2021-06-28,2021,Jun,Kolkata,Tier 1,18+,Male,Class 8 Maths & Science,School Curriculum,8,Monthly,Online,Active,61.4,1035.71,3.3
STU13368,2021-06-28,2021,Jun,Jaipur,Tier 2,11-14,Male,Class 8 Maths & Science,School Curriculum,8,Monthly,Online,Completed,100.0,969.69,3.6
STU12937,2021-06-29,2021,Jun,Ranchi,Tier 3,11-14,Female,Class 8 Maths & Science,School Curriculum,8,Annual,Offline,Trial - Not Converted,24.1,0.0,
STU12626,2021-06-29,2021,Jun,Chennai,Tier 1,15-17,Female,Class 10 CBSE Complete,School Curriculum,10,Monthly,Offline,Trial - Not Converted,13.0,0.0,
STU14746,2021-06-30,2021,Jun,Patna,Tier 2,6-10,Female,JEE Main Foundation,Competitive Exam,11-12,Quarterly,Offline,Completed,100.0,11393.67,4.7
STU13227,2021-06-30,2021,Jun,Patna,Tier 2,15-17,Male,UPSC Prelims Foundation,Competitive Exam,Graduate,Monthly,Offline,Completed,100.0,4849.8,3.4
STU13999,2021-07-01,2021,Jul,Ahmedabad,Tier 1,11-14,Male,Class 8 Maths & Science,School Curriculum,8,Monthly,Online,Trial - Not Converted,16.1,0.0,
STU14530,2021-07-01,2021,Jul,Bhopal,Tier 2,18+,Male,UPSC Prelims Foundation,Competitive Exam,Graduate,Annual,Online,Completed,100.0,50562.05,4.9
STU13719,2021-07-01,2021,Jul,Jodhpur,Tier 3,18+,Male,UPSC Prelims Foundation,Competitive Exam,Graduate,Monthly,Online,Completed,100.0,4947.32,5.0
STU11258,2021-07-01,2021,Jul,Lucknow,Tier 2,15-17,Female,Spoken English Mastery,Skill Development,All,Quarterly,Online,Active,47.1,1445.9,3.8
STU10257,2021-07-01,2021,Jul,Guwahati,Tier 3,11-14,Female,Python for Beginners,Coding,6-8,Annual,Online,Active,29.5,7995.61,4.1
STU15030,2021-07-01,2021,Jul,Surat,Tier 2,6-10,Female,Class 8 Maths & Science,School Curriculum,8,Quarterly,Offline,Active,72.1,3067.97,4.4
STU15044,2021-07-01,2021,Jul,Ahmedabad,Tier 1,15-17,Male,Python for Beginners,Coding,6-8,Annual,Online,Active,80.7,7330.51,3.7
STU12210,2021-07-02,2021,Jul,Surat,Tier 2,18+,Male,Coding for Kids - Scratch,Coding,3-5,Monthly,Online,Completed,100.0,639.98,3.5
STU10136,2021-07-02,2021,Jul,Nagpur,Tier 2,6-10,Female,Class 6 Foundation,School Curriculum,6,Annual,Online,Trial - Not Converted,9.1,0.0,
STU15844,2021-07-02,2021,Jul,Patna,Tier 2,6-10,Male,JEE Main Foundation,Competitive Exam,11-12,Annual,Online,Active,90.1,33915.9,4.3
STU11359,2021-07-02,2021,Jul,Ahmedabad,Tier 1,18+,Female,NEET Crash Course,Competitive Exam,11-12,Annual,Offline,Churned,44.4,39984.92,4.2
STU15955,2021-07-02,2021,Jul,Pune,Tier 1,15-17,Male,JEE Main Foundation,Competitive Exam,11-12,Monthly,Offline,Active,81.9,3772.21,4.6
STU10028,2021-07-03,2021,Jul,Bengaluru,Tier 1,15-17,Female,Spoken English Mastery,Skill Development,All,Monthly,Online,Trial - Not Converted,7.7,0.0,
STU10175,2021-07-03,2021,Jul,Delhi,Tier 1,18+,Female,Spoken English Mastery,Skill Development,All,Annual,Online,Completed,100.0,4666.36,4.2
STU10265,2021-07-04,2021,Jul,Mumbai,Tier 1,11-14,Female,Robotics & AI Basics,Coding,6-8,Quarterly,Online,Active,78.0,3847.08,3.4
STU15598,2021-07-04,2021,Jul,Mumbai,Tier 1,18+,Male,Robotics & AI Basics,Coding,6-8,Annual,Online,Churned,53.1,13043.71,4.2
STU11145,2021-07-04,2021,Jul,Delhi,Tier 1,15-17,Female,Coding for Kids - Scratch,Coding,3-5,Annual,Online,Churned,16.4,6519.11,4.2
STU10256,2021-07-04,2021,Jul,Bengaluru,Tier 1,15-17,Male,Coding for Kids - Scratch,Coding,3-5,Quarterly,Offline,Churned,26.9,2018.7,4.0
STU12957,2021-07-04,2021,Jul,Patna,Tier 2,15-17,Female,UPSC Prelims Foundation,Competitive Exam,Graduate,Annual,Offline,Completed,100.0,50502.42,4.1
STU12167,2021-07-04,2021,Jul,Bengaluru,Tier 1,15-17,Male,Class 6 Foundation,School Curriculum,6,Annual,Offline,Trial - Not Converted,19.0,0.0,
STU13002,2021-07-05,2021,Jul,Chennai,Tier 1,18+,Male,JEE Main Foundation,Competitive Exam,11-12,Monthly,Online,Active,66.6,3806.24,4.9
STU11852,2021-07-05,2021,Jul,Indore,Tier 2,11-14,Female,Class 10 CBSE Complete,School Curriculum,10,Quarterly,Online,Active,25.1,4090.42,4.3
STU15705,2021-07-05,2021,Jul,Bengaluru,Tier 1,11-14,Male,Class 10 CBSE Complete,School Curriculum,10,Quarterly,Online,Active,70.0,4713.28,4.1
STU12790,2021-07-05,2021,Jul,Surat,Tier 2,18+,Male,UPSC Prelims Foundation,Competitive Exam,Graduate,Annual,Online,Completed,100.0,49009.61,4.2
STU14811,2021-07-05,2021,Jul,Kanpur,Tier 2,15-17,Female,NEET Crash Course,Competitive Exam,11-12,Monthly,Online,Churned,40.3,4263.02,4.8
STU15908,2021-07-06,2021,Jul,Mumbai,Tier 1,15-17,Female,UPSC Prelims Foundation,Competitive Exam,Graduate,Annual,Online,Trial - Not Converted,10.6,0.0,
STU14507,2021-07-06,2021,Jul,Bhopal,Tier 2,18+,Female,Coding for Kids - Scratch,Coding,3-5,Annual,Online,Churned,21.1,6838.08,3.4
STU11223,2021-07-07,2021,Jul,Jaipur,Tier 2,6-10,Male,Spoken English Mastery,Skill Development,All,Annual,Online,Active,96.0,4916.04,4.5
STU11895,2021-07-08,2021,Jul,Delhi,Tier 1,6-10,Female,Python for Beginners,Coding,6-8,Annual,Online,Trial - Not Converted,16.5,0.0,
STU15436,2021-07-08,2021,Jul,Kolkata,Tier 1,6-10,Female,Robotics & AI Basics,Coding,6-8,Annual,Online,Active,82.1,11510.62,3.7
STU15333,2021-07-08,2021,Jul,Kanpur,Tier 2,15-17,Female,Class 6 Foundation,School Curriculum,6,Annual,Online,Churned,31.5,7558.24,5.0
STU14322,2021-07-09,2021,Jul,Bhopal,Tier 2,11-14,Female,NEET Crash Course,Competitive Exam,11-12,Annual,Offline,Churned,45.9,43740.08,5.0
STU14198,2021-07-09,2021,Jul,Jodhpur,Tier 3,6-10,Female,Spoken English Mastery,Skill Development,All,Monthly,Online,Completed,100.0,493.35,4.7
STU11487,2021-07-09,2021,Jul,Kanpur,Tier 2,18+,Female,Class 10 CBSE Complete,School Curriculum,10,Monthly,Offline,Churned,20.4,1479.21,3.7
STU13128,2021-07-09,2021,Jul,Guwahati,Tier 3,6-10,Male,Coding for Kids - Scratch,Coding,3-5,Annual,Online,Active,87.6,6364.3,2.9
STU12222,2021-07-09,2021,Jul,Mumbai,Tier 1,6-10,Male,Robotics & AI Basics,Coding,6-8,Quarterly,Online,Active,57.0,3735.76,4.3
STU14273,2021-07-10,2021,Jul,Ahmedabad,Tier 1,6-10,Male,Python for Beginners,Coding,6-8,Quarterly,Online,Active,65.9,2451.85,3.8
STU15610,2021-07-10,2021,Jul,Pune,Tier 1,15-17,Female,UPSC Prelims Foundation,Competitive Exam,Graduate,Quarterly,Online,Churned,11.8,14002.41,4.5
STU10119,2021-07-10,2021,Jul,Bengaluru,Tier 1,11-14,Male,Class 10 CBSE Complete,School Curriculum,10,Annual,Offline,Completed,100.0,13833.08,3.8
STU14215,2021-07-10,2021,Jul,Delhi,Tier 1,18+,Male,Robotics & AI Basics,Coding,6-8,Monthly,Online,Active,60.2,1147.15,4.2
STU10641,2021-07-11,2021,Jul,Bhopal,Tier 2,18+,Male,Class 8 Maths & Science,School Curriculum,8,Quarterly,Offline,Trial - Not Converted,17.9,0.0,
STU13758,2021-07-11,2021,Jul,Ranchi,Tier 3,18+,Female,NEET Crash Course,Competitive Exam,11-12,Annual,Offline,Trial - Not Converted,16.0,0.0,
STU13842,2021-07-11,2021,Jul,Ranchi,Tier 3,11-14,Female,UPSC Prelims Foundation,Competitive Exam,Graduate,Quarterly,Offline,Active,81.2,15541.45,4.5
STU14825,2021-07-11,2021,Jul,Guwahati,Tier 3,11-14,Male,UPSC Prelims Foundation,Competitive Exam,Graduate,Annual,Offline,Active,93.2,47301.37,5.0
STU15892,2021-07-11,2021,Jul,Kolkata,Tier 1,18+,Male,UPSC Prelims Foundation,Competitive Exam,Graduate,Annual,Offline,Completed,100.0,49230.98,4.6
STU13075,2021-07-11,2021,Jul,Indore,Tier 2,11-14,Female,UPSC Prelims Foundation,Competitive Exam,Graduate,Annual,Offline,Churned,18.3,50815.73,3.6
STU12669,2021-07-11,2021,Jul,Hyderabad,Tier 1,18+,Male,Class 10 CBSE Complete,School Curriculum,10,Quarterly,Online,Active,29.5,4344.8,3.4
STU12514,2021-07-12,2021,Jul,Bengaluru,Tier 1,11-14,Female,NEET Crash Course,Competitive Exam,11-12,Annual,Online,Trial - Not Converted,18.4,0.0,
STU14959,2021-07-12,2021,Jul,Bengaluru,Tier 1,6-10,Female,NEET Crash Course,Competitive Exam,11-12,Monthly,Offline,Trial - Not Converted,18.3,0.0,
STU13634,2021-07-12,2021,Jul,Bhopal,Tier 2,15-17,Female,Python for Beginners,Coding,6-8,Monthly,Online,Trial - Not Converted,15.6,0.0,
STU10833,2021-07-12,2021,Jul,Surat,Tier 2,11-14,Female,UPSC Prelims Foundation,Competitive Exam,Graduate,Quarterly,Online,Active,67.7,13888.52,5.0
STU14481,2021-07-12,2021,Jul,Nagpur,Tier 2,15-17,Male,Spoken English Mastery,Skill Development,All,Annual,Online,Churned,17.9,4941.76,4.4
STU15008,2021-07-13,2021,Jul,Bhopal,Tier 2,6-10,Female,Spoken English Mastery,Skill Development,All,Monthly,Online,Active,33.1,464.11,3.8
STU11710,2021-07-13,2021,Jul,Guwahati,Tier 3,15-17,Female,UPSC Prelims Foundation,Competitive Exam,Graduate,Monthly,Online,Completed,100.0,4547.74,3.6
STU11372,2021-07-13,2021,Jul,Raipur,Tier 3,18+,Female,Robotics & AI Basics,Coding,6-8,Annual,Online,Completed,100.0,12192.9,3.9
STU15176,2021-07-13,2021,Jul,Kanpur,Tier 2,11-14,Female,Robotics & AI Basics,Coding,6-8,Annual,Online,Trial - Not Converted,11.1,0.0,
STU13327,2021-07-13,2021,Jul,Ahmedabad,Tier 1,15-17,Male,Class 8 Maths & Science,School Curriculum,8,Annual,Offline,Trial - Not Converted,20.9,0.0,
STU15335,2021-07-13,2021,Jul,Ahmedabad,Tier 1,6-10,Male,Robotics & AI Basics,Coding,6-8,Quarterly,Online,Active,36.5,3436.57,3.3
STU14877,2021-07-13,2021,Jul,Pune,Tier 1,6-10,Male,NEET Crash Course,Competitive Exam,11-12,Annual,Offline,Churned,11.0,43229.24,3.2
STU12047,2021-07-15,2021,Jul,Ranchi,Tier 3,18+,Male,Python for Beginners,Coding,6-8,Quarterly,Online,Churned,48.1,2407.42,5.0
STU10339,2021-07-15,2021,Jul,Bengaluru,Tier 1,6-10,Male,JEE Main Foundation,Competitive Exam,11-12,Annual,Online,Completed,100.0,35556.13,3.7
STU15367,2021-07-15,2021,Jul,Indore,Tier 2,15-17,Female,Class 6 Foundation,School Curriculum,6,Quarterly,Online,Active,90.9,2252.08,4.4
STU11017,2021-07-15,2021,Jul,Pune,Tier 1,11-14,Male,Robotics & AI Basics,Coding,6-8,Annual,Online,Completed,100.0,12802.3,3.4
STU11103,2021-07-15,2021,Jul,Chennai,Tier 1,15-17,Male,UPSC Prelims Foundation,Competitive Exam,Graduate,Annual,Offline,Active,96.5,48223.23,4.1
STU15924,2021-07-16,2021,Jul,Pune,Tier 1,11-14,Male,Class 10 CBSE Complete,School Curriculum,10,Annual,Offline,Active,25.5,15578.82,3.4
STU13643,2021-07-16,2021,Jul,Delhi,Tier 1,11-14,Male,Python for Beginners,Coding,6-8,Annual,Online,Trial - Not Converted,1.7,0.0,
STU10112,2021-07-17,2021,Jul,Mumbai,Tier 1,6-10,Male,UPSC Prelims Foundation,Competitive Exam,Graduate,Quarterly,Online,Active,96.4,14665.31,4.5
STU14256,2021-07-17,2021,Jul,Ranchi,Tier 3,6-10,Female,Class 8 Maths & Science,School Curriculum,8,Monthly,Online,Active,44.6,988.4,3.4
STU12740,2021-07-17,2021,Jul,Indore,Tier 2,11-14,Male,Spoken English Mastery,Skill Development,All,Annual,Offline,Active,42.2,4614.95,3.4
STU15454,2021-07-17,2021,Jul,Jaipur,Tier 2,15-17,Female,NEET Crash Course,Competitive Exam,11-12,Annual,Online,Trial - Not Converted,8.0,0.0,
STU12125,2021-07-17,2021,Jul,Hyderabad,Tier 1,18+,Male,Spoken English Mastery,Skill Development,All,Annual,Online,Completed,100.0,4531.07,4.3
STU10835,2021-07-18,2021,Jul,Lucknow,Tier 2,6-10,Female,Class 8 Maths & Science,School Curriculum,8,Annual,Offline,Trial - Not Converted,7.1,0.0,
STU15072,2021-07-18,2021,Jul,Bengaluru,Tier 1,6-10,Male,Coding for Kids - Scratch,Coding,3-5,Monthly,Online,Completed,100.0,651.16,5.0
STU13700,2021-07-18,2021,Jul,Delhi,Tier 1,18+,Female,Spoken English Mastery,Skill Development,All,Annual,Online,Active,31.1,4905.88,2.9
STU15445,2021-07-18,2021,Jul,Bengaluru,Tier 1,6-10,Female,JEE Main Foundation,Competitive Exam,11-12,Annual,Offline,Active,25.0,36006.31,3.6
STU15738,2021-07-18,2021,Jul,Ranchi,Tier 3,18+,Female,Spoken English Mastery,Skill Development,All,Monthly,Online,Active,30.6,488.37,4.6
STU11812,2021-07-19,2021,Jul,Ahmedabad,Tier 1,11-14,Female,UPSC Prelims Foundation,Competitive Exam,Graduate,Quarterly,Online,Active,91.2,14558.73,5.0
STU15602,2021-07-19,2021,Jul,Raipur,Tier 3,6-10,Female,NEET Crash Course,Competitive Exam,11-12,Monthly,Offline,Trial - Not Converted,4.5,0.0,
STU11251,2021-07-19,2021,Jul,Pune,Tier 1,11-14,Female,Class 8 Maths & Science,School Curriculum,8,Quarterly,Offline,Churned,23.5,3054.54,4.4
STU15427,2021-07-19,2021,Jul,Hyderabad,Tier 1,11-14,Female,Coding for Kids - Scratch,Coding,3-5,Quarterly,Online,Active,57.9,1874.72,4.3
STU14080,2021-07-20,2021,Jul,Patna,Tier 2,15-17,Female,JEE Main Foundation,Competitive Exam,11-12,Quarterly,Online,Completed,100.0,11181.09,4.4
STU15401,2021-07-20,2021,Jul,Ahmedabad,Tier 1,11-14,Male,UPSC Prelims Foundation,Competitive Exam,Graduate,Annual,Offline,Churned,47.0,49929.26,3.0
STU14843,2021-07-20,2021,Jul,Raipur,Tier 3,18+,Male,JEE Main Foundation,Competitive Exam,11-12,Monthly,Online,Completed,100.0,3792.33,3.9
STU13511,2021-07-20,2021,Jul,Indore,Tier 2,11-14,Male,Class 8 Maths & Science,School Curriculum,8,Annual,Offline,Churned,23.0,10182.91,4.2
STU10035,2021-07-21,2021,Jul,Kolkata,Tier 1,15-17,Male,UPSC Prelims Foundation,Competitive Exam,Graduate,Monthly,Offline,Active,45.5,4781.7,4.9
STU13146,2021-07-21,2021,Jul,Bhopal,Tier 2,15-17,Male,JEE Main Foundation,Competitive Exam,11-12,Annual,Online,Trial - Not Converted,4.7,0.0,
STU11670,2021-07-21,2021,Jul,Nagpur,Tier 2,11-14,Female,Coding for Kids - Scratch,Coding,3-5,Quarterly,Offline,Trial - Not Converted,6.2,0.0,
STU11256,2021-07-21,2021,Jul,Delhi,Tier 1,18+,Female,NEET Crash Course,Competitive Exam,11-12,Annual,Offline,Active,99.8,42925.85,4.9
STU15541,2021-07-22,2021,Jul,Jaipur,Tier 2,11-14,Male,Robotics & AI Basics,Coding,6-8,Quarterly,Online,Churned,10.5,3710.32,4.8
STU12376,2021-07-22,2021,Jul,Bhopal,Tier 2,15-17,Female,Class 10 CBSE Complete,School Curriculum,10,Annual,Offline,Churned,33.3,15040.97,5.0
STU11657,2021-07-22,2021,Jul,Ahmedabad,Tier 1,11-14,Female,Class 8 Maths & Science,School Curriculum,8,Annual,Offline,Active,72.1,9728.55,5.0
STU10802,2021-07-22,2021,Jul,Patna,Tier 2,18+,Male,Python for Beginners,Coding,6-8,Annual,Online,Trial - Not Converted,24.2,0.0,
STU12997,2021-07-22,2021,Jul,Mumbai,Tier 1,15-17,Male,NEET Crash Course,Competitive Exam,11-12,Annual,Online,Trial - Not Converted,4.8,0.0,
STU10078,2021-07-23,2021,Jul,Ahmedabad,Tier 1,11-14,Male,Class 8 Maths & Science,School Curriculum,8,Monthly,Offline,Trial - Not Converted,20.2,0.0,
STU13977,2021-07-23,2021,Jul,Bengaluru,Tier 1,15-17,Male,Spoken English Mastery,Skill Development,All,Quarterly,Online,Active,51.8,1516.65,3.8
STU13242,2021-07-23,2021,Jul,Ranchi,Tier 3,15-17,Male,NEET Crash Course,Competitive Exam,11-12,Quarterly,Offline,Trial - Not Converted,9.3,0.0,
STU15349,2021-07-23,2021,Jul,Indore,Tier 2,6-10,Female,Coding for Kids - Scratch,Coding,3-5,Annual,Online,Active,86.0,6179.93,5.0
STU14651,2021-07-23,2021,Jul,Kota,Tier 3,18+,Female,Coding for Kids - Scratch,Coding,3-5,Monthly,Offline,Churned,19.3,615.01,5.0
STU13022,2021-07-23,2021,Jul,Mumbai,Tier 1,18+,Female,Coding for Kids - Scratch,Coding,3-5,Annual,Online,Active,51.1,6792.33,3.9
STU14018,2021-07-23,2021,Jul,Jaipur,Tier 2,18+,Female,JEE Main Foundation,Competitive Exam,11-12,Annual,Online,Completed,100.0,36075.96,3.7
STU10711,2021-07-23,2021,Jul,Kanpur,Tier 2,11-14,Female,Robotics & AI Basics,Coding,6-8,Annual,Online,Active,53.5,12558.37,4.5
STU14359,2021-07-24,2021,Jul,Ahmedabad,Tier 1,6-10,Male,Coding for Kids - Scratch,Coding,3-5,Annual,Online,Active,94.8,6708.25,2.6
STU15905,2021-07-24,2021,Jul,Kanpur,Tier 2,6-10,Female,Python for Beginners,Coding,6-8,Annual,Online,Trial - Not Converted,20.9,0.0,
STU12746,2021-07-24,2021,Jul,Ahmedabad,Tier 1,18+,Female,JEE Main Foundation,Competitive Exam,11-12,Annual,Offline,Active,61.5,35807.85,5.0
STU12304,2021-07-24,2021,Jul,Chennai,Tier 1,18+,Male,NEET Crash Course,Competitive Exam,11-12,Monthly,Online,Active,90.1,3937.03,5.0
STU15431,2021-07-25,2021,Jul,Ahmedabad,Tier 1,15-17,Female,JEE Main Foundation,Competitive Exam,11-12,Annual,Online,Active,22.1,34553.96,3.0
STU11097,2021-07-25,2021,Jul,Mumbai,Tier 1,15-17,Male,NEET Crash Course,Competitive Exam,11-12,Annual,Offline,Active,85.1,42456.2,4.1
STU11877,2021-07-25,2021,Jul,Pune,Tier 1,11-14,Male,UPSC Prelims Foundation,Competitive Exam,Graduate,Monthly,Offline,Active,98.4,4685.67,4.9
STU15155,2021-07-25,2021,Jul,Ahmedabad,Tier 1,15-17,Male,Coding for Kids - Scratch,Coding,3-5,Annual,Online,Active,98.9,6361.8,4.5
STU13481,2021-07-25,2021,Jul,Jodhpur,Tier 3,11-14,Female,Class 10 CBSE Complete,School Curriculum,10,Annual,Online,Completed,100.0,14865.04,3.8
STU15780,2021-07-26,2021,Jul,Lucknow,Tier 2,6-10,Male,Class 10 CBSE Complete,School Curriculum,10,Quarterly,Online,Active,33.4,4350.16,4.5
STU13359,2021-07-26,2021,Jul,Indore,Tier 2,15-17,Female,NEET Crash Course,Competitive Exam,11-12,Annual,Online,Active,82.9,40154.38,4.1
STU15130,2021-07-27,2021,Jul,Surat,Tier 2,15-17,Female,Python for Beginners,Coding,6-8,Annual,Offline,Active,82.0,7635.65,3.9
STU12999,2021-07-27,2021,Jul,Bengaluru,Tier 1,11-14,Male,Python for Beginners,Coding,6-8,Monthly,Online,Active,87.4,778.92,3.8
STU12563,2021-07-27,2021,Jul,Surat,Tier 2,15-17,Female,Coding for Kids - Scratch,Coding,3-5,Monthly,Online,Active,99.4,687.58,4.1
STU11814,2021-07-27,2021,Jul,Nagpur,Tier 2,11-14,Male,Robotics & AI Basics,Coding,6-8,Annual,Online,Active,72.5,11268.03,4.8
STU10982,2021-07-28,2021,Jul,Jodhpur,Tier 3,15-17,Male,Coding for Kids - Scratch,Coding,3-5,Quarterly,Online,Active,77.7,1878.81,5.0
STU15762,2021-07-28,2021,Jul,Surat,Tier 2,11-14,Female,Class 8 Maths & Science,School Curriculum,8,Quarterly,Offline,Trial - Not Converted,12.2,0.0,
STU14554,2021-07-28,2021,Jul,Pune,Tier 1,6-10,Female,Coding for Kids - Scratch,Coding,3-5,Annual,Online,Active,55.7,6925.21,4.0
STU10949,2021-07-28,2021,Jul,Surat,Tier 2,6-10,Female,UPSC Prelims Foundation,Competitive Exam,Graduate,Quarterly,Online,Trial - Not Converted,7.3,0.0,
STU10184,2021-07-28,2021,Jul,Bengaluru,Tier 1,6-10,Male,Class 8 Maths & Science,School Curriculum,8,Quarterly,Online,Active,81.4,2834.79,4.2
STU11144,2021-07-28,2021,Jul,Patna,Tier 2,18+,Female,Class 10 CBSE Complete,School Curriculum,10,Annual,Online,Active,49.1,14444.7,3.2
STU14201,2021-07-28,2021,Jul,Kanpur,Tier 2,15-17,Male,Class 6 Foundation,School Curriculum,6,Annual,Online,Trial - Not Converted,11.0,0.0,
STU12785,2021-07-29,2021,Jul,Delhi,Tier 1,6-10,Male,Class 10 CBSE Complete,School Curriculum,10,Monthly,Online,Active,39.6,1367.26,4.5
STU11135,2021-07-29,2021,Jul,Patna,Tier 2,18+,Male,JEE Main Foundation,Competitive Exam,11-12,Monthly,Offline,Trial - Not Converted,2.1,0.0,
STU15870,2021-07-29,2021,Jul,Bengaluru,Tier 1,6-10,Female,Class 10 CBSE Complete,School Curriculum,10,Quarterly,Offline,Trial - Not Converted,14.8,0.0,
STU10768,2021-07-29,2021,Jul,Patna,Tier 2,18+,Male,NEET Crash Course,Competitive Exam,11-12,Quarterly,Online,Completed,100.0,13322.2,3.9
STU11149,2021-07-29,2021,Jul,Guwahati,Tier 3,6-10,Female,Python for Beginners,Coding,6-8,Annual,Online,Active,23.3,7886.42,3.6
STU15502,2021-07-29,2021,Jul,Pune,Tier 1,11-14,Female,UPSC Prelims Foundation,Competitive Exam,Graduate,Annual,Online,Active,58.9,49970.79,2.7
STU15835,2021-07-29,2021,Jul,Bhopal,Tier 2,18+,Male,JEE Main Foundation,Competitive Exam,11-12,Monthly,Online,Active,95.5,3388.82,4.4
STU12303,2021-07-29,2021,Jul,Bhopal,Tier 2,18+,Male,NEET Crash Course,Competitive Exam,11-12,Annual,Offline,Active,69.2,45172.45,3.1
STU13962,2021-07-31,2021,Jul,Pune,Tier 1,15-17,Male,Class 6 Foundation,School Curriculum,6,Quarterly,Offline,Active,20.5,2335.47,4.9
STU15456,2021-07-31,2021,Jul,Varanasi,Tier 3,6-10,Female,Spoken English Mastery,Skill Development,All,Monthly,Online,Churned,48.7,496.01,3.5
STU12860,2021-07-31,2021,Jul,Raipur,Tier 3,11-14,Male,Class 6 Foundation,School Curriculum,6,Monthly,Online,Active,42.0,848.41,4.5
STU10952,2021-07-31,2021,Jul,Mumbai,Tier 1,6-10,Female,Python for Beginners,Coding,6-8,Monthly,Online,Churned,41.4,809.13,4.1
STU12252,2021-07-31,2021,Jul,Hyderabad,Tier 1,11-14,Male,UPSC Prelims Foundation,Competitive Exam,Graduate,Monthly,Online,Active,84.7,5139.9,4.0
STU10005,2021-07-31,2021,Jul,Bengaluru,Tier 1,11-14,Male,NEET Crash Course,Competitive Exam,11-12,Annual,Offline,Completed,100.0,44974.41,3.7
STU14547,2021-08-01,2021,Aug,Pune,Tier 1,15-17,Female,Robotics & AI Basics,Coding,6-8,Quarterly,Offline,Active,29.4,3555.09,4.0
STU10310,2021-08-01,2021,Aug,Guwahati,Tier 3,11-14,Female,NEET Crash Course,Competitive Exam,11-12,Annual,Offline,Trial - Not Converted,2.9,0.0,
STU11050,2021-08-01,2021,Aug,Kanpur,Tier 2,15-17,Female,Python for Beginners,Coding,6-8,Monthly,Online,Active,75.1,736.27,4.6
STU15763,2021-08-03,2021,Aug,Delhi,Tier 1,15-17,Male,Robotics & AI Basics,Coding,6-8,Monthly,Online,Completed,100.0,1241.45,4.0
STU13281,2021-08-03,2021,Aug,Kanpur,Tier 2,6-10,Male,UPSC Prelims Foundation,Competitive Exam,Graduate,Quarterly,Offline,Trial - Not Converted,3.6,0.0,
STU12879,2021-08-03,2021,Aug,Kolkata,Tier 1,18+,Male,Coding for Kids - Scratch,Coding,3-5,Annual,Online,Active,23.5,6778.66,3.4
STU14412,2021-08-03,2021,Aug,Indore,Tier 2,11-14,Female,Spoken English Mastery,Skill Development,All,Monthly,Offline,Active,70.0,507.67,5.0
STU12635,2021-08-03,2021,Aug,Ahmedabad,Tier 1,11-14,Female,Coding for Kids - Scratch,Coding,3-5,Monthly,Online,Completed,100.0,689.16,4.3
STU10434,2021-08-03,2021,Aug,Indore,Tier 2,6-10,Female,Robotics & AI Basics,Coding,6-8,Quarterly,Online,Completed,100.0,3890.77,3.9
STU15595,2021-08-03,2021,Aug,Surat,Tier 2,11-14,Female,Class 8 Maths & Science,School Curriculum,8,Annual,Online,Active,50.1,9315.7,4.5
STU11585,2021-08-04,2021,Aug,Pune,Tier 1,11-14,Male,Class 6 Foundation,School Curriculum,6,Monthly,Offline,Active,83.4,862.77,4.8
STU13166,2021-08-04,2021,Aug,Meerut,Tier 3,6-10,Female,Robotics & AI Basics,Coding,6-8,Quarterly,Offline,Active,32.3,3508.91,3.7
STU12155,2021-08-04,2021,Aug,Bhopal,Tier 2,18+,Female,Robotics & AI Basics,Coding,6-8,Annual,Online,Active,82.0,13039.0,4.3
STU12478,2021-08-04,2021,Aug,Kolkata,Tier 1,6-10,Male,JEE Main Foundation,Competitive Exam,11-12,Annual,Online,Churned,26.8,37956.05,3.3
STU13384,2021-08-04,2021,Aug,Guwahati,Tier 3,11-14,Female,Class 8 Maths & Science,School Curriculum,8,Monthly,Offline,Active,91.0,955.8,4.5
STU15752,2021-08-05,2021,Aug,Hyderabad,Tier 1,6-10,Female,Python for Beginners,Coding,6-8,Annual,Online,Active,98.2,8036.95,4.2
STU11461,2021-08-05,2021,Aug,Chennai,Tier 1,6-10,Female,JEE Main Foundation,Competitive Exam,11-12,Monthly,Offline,Active,70.0,3408.57,4.9
STU13873,2021-08-05,2021,Aug,Guwahati,Tier 3,15-17,Female,Python for Beginners,Coding,6-8,Annual,Online,Trial - Not Converted,19.8,0.0,
STU11245,2021-08-05,2021,Aug,Nagpur,Tier 2,18+,Female,Coding for Kids - Scratch,Coding,3-5,Annual,Online,Active,63.4,6086.22,4.7
STU15420,2021-08-05,2021,Aug,Hyderabad,Tier 1,6-10,Female,Class 10 CBSE Complete,School Curriculum,10,Annual,Offline,Trial - Not Converted,20.8,0.0,
STU15935,2021-08-05,2021,Aug,Surat,Tier 2,18+,Female,Class 10 CBSE Complete,School Curriculum,10,Annual,Online,Churned,52.3,14707.49,4.0
STU15392,2021-08-06,2021,Aug,Hyderabad,Tier 1,6-10,Male,Class 8 Maths & Science,School Curriculum,8,Annual,Offline,Completed,100.0,10003.61,4.1
STU14039,2021-08-06,2021,Aug,Kolkata,Tier 1,11-14,Male,Robotics & AI Basics,Coding,6-8,Monthly,Online,Churned,11.0,1126.22,4.7
STU14012,2021-08-06,2021,Aug,Lucknow,Tier 2,6-10,Male,JEE Main Foundation,Competitive Exam,11-12,Annual,Online,Active,25.8,35206.91,3.6
STU13131,2021-08-06,2021,Aug,Pune,Tier 1,18+,Male,Robotics & AI Basics,Coding,6-8,Annual,Online,Completed,100.0,12498.63,4.3
STU14206,2021-08-07,2021,Aug,Pune,Tier 1,18+,Female,Coding for Kids - Scratch,Coding,3-5,Monthly,Online,Churned,38.2,615.15,3.9
STU12940,2021-08-07,2021,Aug,Pune,Tier 1,11-14,Male,Python for Beginners,Coding,6-8,Annual,Online,Active,65.8,7845.01,5.0
STU12620,2021-08-07,2021,Aug,Guwahati,Tier 3,18+,Male,Class 10 CBSE Complete,School Curriculum,10,Quarterly,Online,Completed,100.0,4414.76,4.7
STU10646,2021-08-07,2021,Aug,Pune,Tier 1,18+,Female,Class 6 Foundation,School Curriculum,6,Monthly,Online,Active,38.5,790.07,3.5
STU14725,2021-08-07,2021,Aug,Kota,Tier 3,18+,Male,Class 10 CBSE Complete,School Curriculum,10,Quarterly,Offline,Active,72.4,4298.86,3.9
STU10783,2021-08-07,2021,Aug,Delhi,Tier 1,18+,Female,Python for Beginners,Coding,6-8,Annual,Online,Active,72.1,7249.16,5.0
STU11384,2021-08-07,2021,Aug,Raipur,Tier 3,18+,Female,Spoken English Mastery,Skill Development,All,Annual,Online,Active,25.6,4713.91,4.2
STU14040,2021-08-08,2021,Aug,Raipur,Tier 3,18+,Female,Robotics & AI Basics,Coding,6-8,Annual,Online,Trial - Not Converted,9.0,0.0,
STU14407,2021-08-08,2021,Aug,Pune,Tier 1,11-14,Female,Class 10 CBSE Complete,School Curriculum,10,Annual,Online,Active,72.2,15296.87,3.5
STU12273,2021-08-09,2021,Aug,Pune,Tier 1,15-17,Male,UPSC Prelims Foundation,Competitive Exam,Graduate,Quarterly,Offline,Active,88.3,13981.52,4.5
STU11758,2021-08-09,2021,Aug,Bengaluru,Tier 1,18+,Male,Python for Beginners,Coding,6-8,Annual,Online,Active,61.7,8282.46,3.8
STU11139,2021-08-10,2021,Aug,Chennai,Tier 1,6-10,Male,UPSC Prelims Foundation,Competitive Exam,Graduate,Annual,Offline,Completed,100.0,47479.31,5.0
STU10891,2021-08-10,2021,Aug,Ranchi,Tier 3,15-17,Male,Coding for Kids - Scratch,Coding,3-5,Quarterly,Online,Active,88.9,2055.09,4.9
STU11109,2021-08-10,2021,Aug,Jaipur,Tier 2,6-10,Female,Class 10 CBSE Complete,School Curriculum,10,Annual,Online,Active,64.2,14849.91,4.4
STU12381,2021-08-11,2021,Aug,Jaipur,Tier 2,18+,Male,UPSC Prelims Foundation,Competitive Exam,Graduate,Annual,Offline,Trial - Not Converted,20.3,0.0,
STU13267,2021-08-11,2021,Aug,Kota,Tier 3,18+,Male,JEE Main Foundation,Competitive Exam,11-12,Annual,Offline,Trial - Not Converted,20.3,0.0,
STU11739,2021-08-11,2021,Aug,Mumbai,Tier 1,15-17,Female,Python for Beginners,Coding,6-8,Monthly,Online,Completed,100.0,802.1,2.8
STU10548,2021-08-12,2021,Aug,Ahmedabad,Tier 1,18+,Male,JEE Main Foundation,Competitive Exam,11-12,Quarterly,Online,Completed,100.0,11242.46,4.1
STU11716,2021-08-12,2021,Aug,Lucknow,Tier 2,6-10,Male,Coding for Kids - Scratch,Coding,3-5,Annual,Online,Churned,20.0,6106.07,4.3
STU13547,2021-08-13,2021,Aug,Ahmedabad,Tier 1,15-17,Male,Robotics & AI Basics,Coding,6-8,Annual,Offline,Trial - Not Converted,0.1,0.0,
STU14953,2021-08-13,2021,Aug,Chennai,Tier 1,6-10,Male,NEET Crash Course,Competitive Exam,11-12,Annual,Online,Trial - Not Converted,3.8,0.0,
STU13912,2021-08-13,2021,Aug,Kota,Tier 3,15-17,Male,UPSC Prelims Foundation,Competitive Exam,Graduate,Annual,Online,Churned,27.5,52247.48,3.6
STU12988,2021-08-13,2021,Aug,Raipur,Tier 3,15-17,Female,Class 6 Foundation,School Curriculum,6,Annual,Online,Trial - Not Converted,4.6,0.0,
STU15993,2021-08-13,2021,Aug,Jaipur,Tier 2,11-14,Female,NEET Crash Course,Competitive Exam,11-12,Annual,Online,Active,92.8,43789.96,3.4
STU13840,2021-08-14,2021,Aug,Jaipur,Tier 2,15-17,Male,Python for Beginners,Coding,6-8,Annual,Online,Active,24.4,7294.4,4.2
STU15594,2021-08-14,2021,Aug,Chennai,Tier 1,6-10,Female,Class 10 CBSE Complete,School Curriculum,10,Monthly,Offline,Completed,100.0,1414.25,4.4
STU11107,2021-08-14,2021,Aug,Patna,Tier 2,6-10,Male,Class 6 Foundation,School Curriculum,6,Quarterly,Offline,Trial - Not Converted,2.8,0.0,
STU10145,2021-08-14,2021,Aug,Patna,Tier 2,6-10,Male,Robotics & AI Basics,Coding,6-8,Quarterly,Offline,Trial - Not Converted,3.6,0.0,
STU10426,2021-08-15,2021,Aug,Ahmedabad,Tier 1,6-10,Male,UPSC Prelims Foundation,Competitive Exam,Graduate,Monthly,Offline,Active,33.8,5219.32,4.2
STU13155,2021-08-15,2021,Aug,Ranchi,Tier 3,18+,Male,Python for Beginners,Coding,6-8,Quarterly,Online,Completed,100.0,2181.82,4.2
STU13069,2021-08-15,2021,Aug,Bhopal,Tier 2,11-14,Male,JEE Main Foundation,Competitive Exam,11-12,Monthly,Online,Active,44.3,3496.98,4.4
STU13630,2021-08-15,2021,Aug,Patna,Tier 2,6-10,Male,Class 6 Foundation,School Curriculum,6,Annual,Online,Active,24.8,8180.52,4.1
STU15280,2021-08-15,2021,Aug,Surat,Tier 2,18+,Male,Class 10 CBSE Complete,School Curriculum,10,Annual,Online,Active,25.6,13514.43,4.2
STU14138,2021-08-15,2021,Aug,Kolkata,Tier 1,15-17,Female,Coding for Kids - Scratch,Coding,3-5,Monthly,Online,Completed,100.0,619.22,3.8
STU13685,2021-08-16,2021,Aug,Nagpur,Tier 2,11-14,Male,Class 10 CBSE Complete,School Curriculum,10,Annual,Online,Churned,11.6,15468.14,4.6
STU10325,2021-08-16,2021,Aug,Indore,Tier 2,18+,Male,Python for Beginners,Coding,6-8,Annual,Online,Active,67.6,7290.95,4.3
STU11714,2021-08-16,2021,Aug,Mumbai,Tier 1,6-10,Male,Robotics & AI Basics,Coding,6-8,Quarterly,Offline,Trial - Not Converted,18.0,0.0,
STU14970,2021-08-16,2021,Aug,Bengaluru,Tier 1,11-14,Male,Class 8 Maths & Science,School Curriculum,8,Quarterly,Offline,Completed,100.0,2721.27,4.6
STU13274,2021-08-16,2021,Aug,Hyderabad,Tier 1,6-10,Female,Class 6 Foundation,School Curriculum,6,Monthly,Online,Active,90.3,817.98,3.5
STU15463,2021-08-17,2021,Aug,Chennai,Tier 1,18+,Female,UPSC Prelims Foundation,Competitive Exam,Graduate,Annual,Online,Active,57.8,51841.26,5.0
STU15398,2021-08-17,2021,Aug,Delhi,Tier 1,18+,Male,Spoken English Mastery,Skill Development,All,Monthly,Online,Churned,30.3,469.15,5.0
STU11429,2021-08-17,2021,Aug,Mumbai,Tier 1,15-17,Male,Python for Beginners,Coding,6-8,Annual,Offline,Completed,100.0,8205.38,3.7
STU11965,2021-08-18,2021,Aug,Kolkata,Tier 1,15-17,Female,UPSC Prelims Foundation,Competitive Exam,Graduate,Annual,Offline,Active,72.4,51845.44,4.2
STU14789,2021-08-18,2021,Aug,Indore,Tier 2,18+,Male,Spoken English Mastery,Skill Development,All,Annual,Online,Active,76.3,4563.87,4.8
STU11821,2021-08-19,2021,Aug,Hyderabad,Tier 1,15-17,Male,Coding for Kids - Scratch,Coding,3-5,Monthly,Offline,Active,73.8,608.72,3.6
STU10923,2021-08-19,2021,Aug,Surat,Tier 2,18+,Male,Class 6 Foundation,School Curriculum,6,Monthly,Online,Trial - Not Converted,24.8,0.0,
STU10176,2021-08-19,2021,Aug,Nagpur,Tier 2,18+,Male,Python for Beginners,Coding,6-8,Monthly,Online,Active,61.1,731.94,4.5
STU10242,2021-08-19,2021,Aug,Bengaluru,Tier 1,11-14,Female,Spoken English Mastery,Skill Development,All,Quarterly,Online,Completed,100.0,1398.11,4.6
STU12863,2021-08-19,2021,Aug,Ahmedabad,Tier 1,18+,Female,Spoken English Mastery,Skill Development,All,Quarterly,Online,Active,70.5,1565.08,4.2
STU11853,2021-08-20,2021,Aug,Pune,Tier 1,18+,Female,Class 8 Maths & Science,School Curriculum,8,Annual,Online,Active,98.6,9307.04,4.0
STU11035,2021-08-20,2021,Aug,Nagpur,Tier 2,6-10,Female,Robotics & AI Basics,Coding,6-8,Quarterly,Online,Active,91.1,3855.01,5.0
STU11835,2021-08-20,2021,Aug,Kolkata,Tier 1,11-14,Male,Class 10 CBSE Complete,School Curriculum,10,Annual,Online,Active,84.5,14633.64,4.7
STU13760,2021-08-21,2021,Aug,Jaipur,Tier 2,15-17,Female,UPSC Prelims Foundation,Competitive Exam,Graduate,Monthly,Online,Completed,100.0,4603.21,4.4
STU12316,2021-08-21,2021,Aug,Bengaluru,Tier 1,6-10,Male,JEE Main Foundation,Competitive Exam,11-12,Quarterly,Online,Active,34.9,10381.15,4.4
STU14108,2021-08-21,2021,Aug,Nagpur,Tier 2,15-17,Female,Spoken English Mastery,Skill Development,All,Monthly,Online,Active,66.7,524.32,4.3
STU10142,2021-08-22,2021,Aug,Hyderabad,Tier 1,11-14,Male,Coding for Kids - Scratch,Coding,3-5,Monthly,Online,Active,51.1,604.43,3.9
STU14194,2021-08-22,2021,Aug,Patna,Tier 2,6-10,Male,Class 6 Foundation,School Curriculum,6,Annual,Online,Completed,100.0,8479.02,5.0
STU13434,2021-08-22,2021,Aug,Kanpur,Tier 2,18+,Female,Class 6 Foundation,School Curriculum,6,Quarterly,Online,Trial - Not Converted,9.3,0.0,
STU15399,2021-08-22,2021,Aug,Surat,Tier 2,15-17,Male,NEET Crash Course,Competitive Exam,11-12,Annual,Offline,Trial - Not Converted,23.0,0.0,
STU14561,2021-08-22,2021,Aug,Jodhpur,Tier 3,18+,Male,JEE Main Foundation,Competitive Exam,11-12,Annual,Offline,Completed,100.0,35075.96,5.0
STU13229,2021-08-23,2021,Aug,Chennai,Tier 1,15-17,Male,Class 6 Foundation,School Curriculum,6,Monthly,Online,Trial - Not Converted,15.7,0.0,
STU10403,2021-08-23,2021,Aug,Hyderabad,Tier 1,15-17,Female,Spoken English Mastery,Skill Development,All,Quarterly,Offline,Active,88.2,1433.87,3.8
STU10907,2021-08-23,2021,Aug,Pune,Tier 1,11-14,Female,Coding for Kids - Scratch,Coding,3-5,Monthly,Online,Active,65.0,695.24,3.9
STU13706,2021-08-23,2021,Aug,Raipur,Tier 3,15-17,Female,Robotics & AI Basics,Coding,6-8,Annual,Offline,Active,75.0,12603.09,4.8
STU10414,2021-08-23,2021,Aug,Bhopal,Tier 2,15-17,Female,Python for Beginners,Coding,6-8,Annual,Online,Completed,100.0,7159.21,4.4
STU13401,2021-08-24,2021,Aug,Delhi,Tier 1,6-10,Female,Class 10 CBSE Complete,School Curriculum,10,Annual,Offline,Trial - Not Converted,3.4,0.0,
STU10564,2021-08-24,2021,Aug,Bhopal,Tier 2,18+,Female,Python for Beginners,Coding,6-8,Quarterly,Online,Active,82.3,2308.53,3.9
STU11422,2021-08-24,2021,Aug,Ranchi,Tier 3,6-10,Male,Class 6 Foundation,School Curriculum,6,Annual,Online,Completed,100.0,8172.74,3.8
STU14410,2021-08-24,2021,Aug,Nagpur,Tier 2,11-14,Female,Robotics & AI Basics,Coding,6-8,Annual,Online,Trial - Not Converted,6.7,0.0,
STU10584,2021-08-25,2021,Aug,Bengaluru,Tier 1,11-14,Male,Class 10 CBSE Complete,School Curriculum,10,Monthly,Offline,Trial - Not Converted,12.7,0.0,
STU12181,2021-08-26,2021,Aug,Jaipur,Tier 2,18+,Female,NEET Crash Course,Competitive Exam,11-12,Monthly,Online,Completed,100.0,4466.36,5.0
STU14102,2021-08-26,2021,Aug,Hyderabad,Tier 1,15-17,Male,NEET Crash Course,Competitive Exam,11-12,Quarterly,Online,Active,48.3,12932.62,4.3
STU14978,2021-08-26,2021,Aug,Kanpur,Tier 2,18+,Male,Class 8 Maths & Science,School Curriculum,8,Annual,Online,Active,55.1,10229.63,4.3
STU13680,2021-08-26,2021,Aug,Kota,Tier 3,18+,Male,Coding for Kids - Scratch,Coding,3-5,Monthly,Online,Completed,100.0,629.39,3.7
STU12831,2021-08-26,2021,Aug,Kolkata,Tier 1,15-17,Male,NEET Crash Course,Competitive Exam,11-12,Annual,Offline,Active,83.5,42536.04,3.6
STU12429,2021-08-27,2021,Aug,Indore,Tier 2,15-17,Male,NEET Crash Course,Competitive Exam,11-12,Annual,Offline,Active,50.9,42777.95,4.1
STU11439,2021-08-27,2021,Aug,Patna,Tier 2,18+,Male,Python for Beginners,Coding,6-8,Annual,Online,Completed,100.0,7328.12,4.7
STU11302,2021-08-27,2021,Aug,Bhopal,Tier 2,15-17,Female,Class 8 Maths & Science,School Curriculum,8,Annual,Online,Trial - Not Converted,17.9,0.0,
STU12579,2021-08-27,2021,Aug,Ranchi,Tier 3,15-17,Male,Class 6 Foundation,School Curriculum,6,Annual,Offline,Churned,33.8,7741.71,4.3
STU10279,2021-08-27,2021,Aug,Bengaluru,Tier 1,11-14,Female,Spoken English Mastery,Skill Development,All,Annual,Online,Active,78.5,4885.41,4.5
STU11922,2021-08-27,2021,Aug,Nagpur,Tier 2,18+,Female,Class 10 CBSE Complete,School Curriculum,10,Monthly,Online,Active,31.9,1473.32,5.0
STU15750,2021-08-27,2021,Aug,Bengaluru,Tier 1,11-14,Female,Coding for Kids - Scratch,Coding,3-5,Annual,Online,Active,96.4,6526.65,4.3
STU13015,2021-08-28,2021,Aug,Bengaluru,Tier 1,11-14,Female,Python for Beginners,Coding,6-8,Annual,Online,Completed,100.0,7446.53,5.0
STU10645,2021-08-28,2021,Aug,Delhi,Tier 1,6-10,Female,Python for Beginners,Coding,6-8,Quarterly,Online,Trial - Not Converted,9.5,0.0,
STU11111,2021-08-28,2021,Aug,Bengaluru,Tier 1,6-10,Male,Class 8 Maths & Science,School Curriculum,8,Quarterly,Online,Completed,100.0,2781.39,4.5
STU14496,2021-08-28,2021,Aug,Jodhpur,Tier 3,18+,Male,Spoken English Mastery,Skill Development,All,Quarterly,Online,Active,88.6,1477.54,3.0
STU12902,2021-08-28,2021,Aug,Jodhpur,Tier 3,6-10,Male,Spoken English Mastery,Skill Development,All,Quarterly,Online,Active,81.8,1540.25,4.1
STU14849,2021-08-29,2021,Aug,Lucknow,Tier 2,15-17,Male,Class 10 CBSE Complete,School Curriculum,10,Quarterly,Offline,Active,72.4,4605.74,3.9
STU13148,2021-08-29,2021,Aug,Delhi,Tier 1,11-14,Female,Coding for Kids - Scratch,Coding,3-5,Annual,Online,Completed,100.0,6404.32,4.1
STU15183,2021-08-29,2021,Aug,Lucknow,Tier 2,11-14,Female,Coding for Kids - Scratch,Coding,3-5,Annual,Online,Active,39.1,6798.12,4.1
STU13663,2021-08-29,2021,Aug,Kolkata,Tier 1,18+,Male,Robotics & AI Basics,Coding,6-8,Annual,Offline,Active,40.9,12733.48,3.7
STU12754,2021-08-30,2021,Aug,Hyderabad,Tier 1,11-14,Female,Class 10 CBSE Complete,School Curriculum,10,Annual,Online,Completed,100.0,15449.66,4.3
STU14280,2021-08-30,2021,Aug,Guwahati,Tier 3,15-17,Female,Python for Beginners,Coding,6-8,Annual,Online,Active,90.9,8151.94,4.5
STU14167,2021-08-30,2021,Aug,Kota,Tier 3,6-10,Female,JEE Main Foundation,Competitive Exam,11-12,Monthly,Online,Churned,43.7,3716.07,5.0
STU10772,2021-08-31,2021,Aug,Bengaluru,Tier 1,15-17,Male,Python for Beginners,Coding,6-8,Annual,Online,Churned,24.1,7962.34,4.4
STU10436,2021-09-01,2021,Sep,Lucknow,Tier 2,11-14,Male,Class 10 CBSE Complete,School Curriculum,10,Annual,Offline,Trial - Not Converted,21.7,0.0,
STU15561,2021-09-01,2021,Sep,Bengaluru,Tier 1,15-17,Male,Robotics & AI Basics,Coding,6-8,Monthly,Online,Completed,100.0,1243.15,4.5
STU15958,2021-09-01,2021,Sep,Pune,Tier 1,11-14,Male,UPSC Prelims Foundation,Competitive Exam,Graduate,Annual,Offline,Active,20.5,46370.12,4.0
STU15302,2021-09-01,2021,Sep,Raipur,Tier 3,15-17,Male,Robotics & AI Basics,Coding,6-8,Monthly,Online,Active,93.1,1174.17,4.4
STU11504,2021-09-01,2021,Sep,Lucknow,Tier 2,18+,Male,Spoken English Mastery,Skill Development,All,Monthly,Offline,Active,72.3,474.49,4.6
STU11370,2021-09-02,2021,Sep,Delhi,Tier 1,18+,Female,Python for Beginners,Coding,6-8,Quarterly,Online,Active,58.7,2191.85,4.9
STU10967,2021-09-02,2021,Sep,Jaipur,Tier 2,11-14,Male,Coding for Kids - Scratch,Coding,3-5,Annual,Online,Completed,100.0,6975.37,3.2
STU13405,2021-09-02,2021,Sep,Bhopal,Tier 2,6-10,Female,Coding for Kids - Scratch,Coding,3-5,Monthly,Online,Churned,43.2,631.04,4.7
STU15190,2021-09-03,2021,Sep,Patna,Tier 2,15-17,Female,Class 6 Foundation,School Curriculum,6,Annual,Online,Active,41.2,8640.52,4.3
STU14677,2021-09-03,2021,Sep,Kolkata,Tier 1,18+,Female,Class 8 Maths & Science,School Curriculum,8,Annual,Online,Trial - Not Converted,19.9,0.0,
STU12134,2021-09-03,2021,Sep,Chennai,Tier 1,6-10,Female,UPSC Prelims Foundation,Competitive Exam,Graduate,Monthly,Offline,Completed,100.0,4529.6,3.8
STU10451,2021-09-03,2021,Sep,Patna,Tier 2,11-14,Female,NEET Crash Course,Competitive Exam,11-12,Annual,Online,Trial - Not Converted,5.4,0.0,
STU12548,2021-09-04,2021,Sep,Kolkata,Tier 1,15-17,Female,Class 10 CBSE Complete,School Curriculum,10,Monthly,Offline,Trial - Not Converted,0.5,0.0,
STU11222,2021-09-04,2021,Sep,Patna,Tier 2,18+,Male,Robotics & AI Basics,Coding,6-8,Annual,Online,Active,73.3,11337.89,4.5
STU14078,2021-09-05,2021,Sep,Kota,Tier 3,15-17,Male,JEE Main Foundation,Competitive Exam,11-12,Annual,Online,Active,30.2,38150.23,4.8
STU10149,2021-09-05,2021,Sep,Mumbai,Tier 1,6-10,Female,Class 8 Maths & Science,School Curriculum,8,Annual,Online,Active,63.0,9652.63,2.6
STU12641,2021-09-05,2021,Sep,Bengaluru,Tier 1,15-17,Male,UPSC Prelims Foundation,Competitive Exam,Graduate,Monthly,Online,Churned,49.4,5033.79,3.0
STU10271,2021-09-05,2021,Sep,Surat,Tier 2,18+,Female,JEE Main Foundation,Competitive Exam,11-12,Quarterly,Offline,Trial - Not Converted,22.0,0.0,
STU12712,2021-09-05,2021,Sep,Mumbai,Tier 1,18+,Male,Coding for Kids - Scratch,Coding,3-5,Annual,Online,Active,39.2,6412.95,3.9
STU12088,2021-09-05,2021,Sep,Meerut,Tier 3,15-17,Male,UPSC Prelims Foundation,Competitive Exam,Graduate,Annual,Offline,Active,95.5,48074.54,3.5
STU13066,2021-09-05,2021,Sep,Delhi,Tier 1,15-17,Male,Class 10 CBSE Complete,School Curriculum,10,Annual,Online,Churned,49.2,13749.38,3.8
STU13729,2021-09-06,2021,Sep,Kolkata,Tier 1,18+,Female,Robotics & AI Basics,Coding,6-8,Quarterly,Online,Active,31.9,3715.43,4.3
STU10533,2021-09-06,2021,Sep,Kolkata,Tier 1,15-17,Male,Class 8 Maths & Science,School Curriculum,8,Annual,Online,Trial - Not Converted,9.7,0.0,
STU12269,2021-09-07,2021,Sep,Bengaluru,Tier 1,11-14,Female,NEET Crash Course,Competitive Exam,11-12,Quarterly,Offline,Churned,28.4,13165.37,4.4
STU11807,2021-09-07,2021,Sep,Kolkata,Tier 1,18+,Male,Robotics & AI Basics,Coding,6-8,Annual,Online,Active,81.7,11641.08,2.6
STU13124,2021-09-07,2021,Sep,Meerut,Tier 3,15-17,Male,Spoken English Mastery,Skill Development,All,Annual,Offline,Active,87.6,4514.69,4.9
STU15923,2021-09-07,2021,Sep,Patna,Tier 2,15-17,Male,Class 6 Foundation,School Curriculum,6,Monthly,Online,Trial - Not Converted,9.9,0.0,
STU12099,2021-09-07,2021,Sep,Lucknow,Tier 2,6-10,Female,Python for Beginners,Coding,6-8,Quarterly,Online,Completed,100.0,2191.24,3.0
STU14886,2021-09-08,2021,Sep,Guwahati,Tier 3,15-17,Female,Coding for Kids - Scratch,Coding,3-5,Annual,Online,Active,71.8,6917.7,4.9
STU10830,2021-09-08,2021,Sep,Kanpur,Tier 2,11-14,Male,NEET Crash Course,Competitive Exam,11-12,Annual,Offline,Active,53.4,39443.48,3.7
STU11233,2021-09-08,2021,Sep,Hyderabad,Tier 1,18+,Male,Spoken English Mastery,Skill Development,All,Monthly,Online,Trial - Not Converted,22.2,0.0,
STU10023,2021-09-08,2021,Sep,Hyderabad,Tier 1,6-10,Male,JEE Main Foundation,Competitive Exam,11-12,Annual,Offline,Active,21.9,34219.14,5.0
STU12057,2021-09-09,2021,Sep,Surat,Tier 2,6-10,Male,Class 10 CBSE Complete,School Curriculum,10,Monthly,Offline,Active,85.5,1541.87,4.7
STU14443,2021-09-09,2021,Sep,Chennai,Tier 1,6-10,Male,JEE Main Foundation,Competitive Exam,11-12,Monthly,Online,Active,40.3,3820.78,4.4
STU10669,2021-09-09,2021,Sep,Nagpur,Tier 2,18+,Female,Python for Beginners,Coding,6-8,Annual,Online,Trial - Not Converted,1.5,0.0,
STU15448,2021-09-10,2021,Sep,Bengaluru,Tier 1,18+,Male,UPSC Prelims Foundation,Competitive Exam,Graduate,Annual,Online,Active,87.4,47682.44,4.4
STU11376,2021-09-10,2021,Sep,Raipur,Tier 3,6-10,Female,Python for Beginners,Coding,6-8,Annual,Online,Churned,47.5,7456.29,4.5
STU13014,2021-09-10,2021,Sep,Ahmedabad,Tier 1,11-14,Male,Coding for Kids - Scratch,Coding,3-5,Quarterly,Online,Active,33.5,1947.24,4.1
STU14971,2021-09-10,2021,Sep,Kolkata,Tier 1,6-10,Male,NEET Crash Course,Competitive Exam,11-12,Quarterly,Offline,Active,82.9,13553.56,2.8
STU12010,2021-09-10,2021,Sep,Kolkata,Tier 1,11-14,Male,Coding for Kids - Scratch,Coding,3-5,Annual,Online,Active,44.3,6542.41,3.5
STU13522,2021-09-10,2021,Sep,Delhi,Tier 1,11-14,Female,Class 10 CBSE Complete,School Curriculum,10,Quarterly,Offline,Completed,100.0,4359.45,4.4
STU13273,2021-09-10,2021,Sep,Kolkata,Tier 1,11-14,Female,Class 6 Foundation,School Curriculum,6,Annual,Offline,Churned,48.1,8736.67,5.0
STU12680,2021-09-11,2021,Sep,Chennai,Tier 1,18+,Female,Robotics & AI Basics,Coding,6-8,Annual,Online,Active,66.9,12028.33,4.0
STU12731,2021-09-11,2021,Sep,Jodhpur,Tier 3,18+,Male,Robotics & AI Basics,Coding,6-8,Monthly,Online,Completed,100.0,1132.35,3.7
STU13979,2021-09-11,2021,Sep,Patna,Tier 2,15-17,Male,Class 6 Foundation,School Curriculum,6,Annual,Offline,Active,27.6,8264.53,4.9
STU15845,2021-09-11,2021,Sep,Meerut,Tier 3,11-14,Female,JEE Main Foundation,Competitive Exam,11-12,Annual,Offline,Active,31.3,38490.56,4.8
STU13314,2021-09-11,2021,Sep,Delhi,Tier 1,11-14,Male,UPSC Prelims Foundation,Competitive Exam,Graduate,Quarterly,Offline,Active,64.8,13804.04,4.1
STU14656,2021-09-12,2021,Sep,Jaipur,Tier 2,11-14,Male,NEET Crash Course,Competitive Exam,11-12,Annual,Online,Active,67.4,41398.34,3.9
STU12239,2021-09-12,2021,Sep,Ahmedabad,Tier 1,15-17,Male,Class 8 Maths & Science,School Curriculum,8,Annual,Offline,Completed,100.0,9766.24,4.3
STU11477,2021-09-12,2021,Sep,Nagpur,Tier 2,11-14,Female,Spoken English Mastery,Skill Development,All,Quarterly,Online,Active,72.0,1404.07,4.6
STU10361,2021-09-12,2021,Sep,Mumbai,Tier 1,6-10,Male,UPSC Prelims Foundation,Competitive Exam,Graduate,Annual,Offline,Trial - Not Converted,8.5,0.0,
STU14493,2021-09-13,2021,Sep,Ahmedabad,Tier 1,6-10,Male,NEET Crash Course,Competitive Exam,11-12,Annual,Online,Completed,100.0,40190.55,3.4
STU10465,2021-09-13,2021,Sep,Ahmedabad,Tier 1,18+,Female,Robotics & AI Basics,Coding,6-8,Quarterly,Online,Churned,19.9,3444.92,4.5
STU15900,2021-09-13,2021,Sep,Varanasi,Tier 3,15-17,Female,Python for Beginners,Coding,6-8,Quarterly,Offline,Trial - Not Converted,2.5,0.0,
STU15682,2021-09-13,2021,Sep,Bengaluru,Tier 1,11-14,Female,Python for Beginners,Coding,6-8,Quarterly,Online,Churned,18.9,2474.82,4.0
STU11365,2021-09-13,2021,Sep,Lucknow,Tier 2,6-10,Male,UPSC Prelims Foundation,Competitive Exam,Graduate,Annual,Offline,Active,40.2,48377.3,4.1
STU10189,2021-09-13,2021,Sep,Delhi,Tier 1,11-14,Female,UPSC Prelims Foundation,Competitive Exam,Graduate,Quarterly,Online,Trial - Not Converted,0.9,0.0,
STU13876,2021-09-14,2021,Sep,Hyderabad,Tier 1,15-17,Female,Coding for Kids - Scratch,Coding,3-5,Quarterly,Offline,Completed,100.0,1893.35,4.1
STU14557,2021-09-14,2021,Sep,Meerut,Tier 3,6-10,Male,NEET Crash Course,Competitive Exam,11-12,Monthly,Offline,Active,46.6,4511.35,3.8
STU11169,2021-09-14,2021,Sep,Bhopal,Tier 2,11-14,Male,Python for Beginners,Coding,6-8,Annual,Online,Active,55.2,7128.44,3.5
STU10043,2021-09-15,2021,Sep,Varanasi,Tier 3,15-17,Female,Class 6 Foundation,School Curriculum,6,Annual,Offline,Trial - Not Converted,8.3,0.0,
STU14126,2021-09-15,2021,Sep,Mumbai,Tier 1,18+,Female,JEE Main Foundation,Competitive Exam,11-12,Annual,Offline,Churned,36.3,38976.23,4.5
STU10689,2021-09-16,2021,Sep,Kolkata,Tier 1,11-14,Male,Class 6 Foundation,School Curriculum,6,Quarterly,Online,Trial - Not Converted,10.1,0.0,
STU11327,2021-09-16,2021,Sep,Chennai,Tier 1,6-10,Female,Class 8 Maths & Science,School Curriculum,8,Annual,Online,Trial - Not Converted,12.1,0.0,
STU13627,2021-09-16,2021,Sep,Pune,Tier 1,15-17,Female,Robotics & AI Basics,Coding,6-8,Quarterly,Online,Trial - Not Converted,13.1,0.0,
STU11574,2021-09-16,2021,Sep,Bhopal,Tier 2,6-10,Female,Class 8 Maths & Science,School Curriculum,8,Quarterly,Offline,Trial - Not Converted,5.3,0.0,
STU10406,2021-09-16,2021,Sep,Delhi,Tier 1,15-17,Male,Spoken English Mastery,Skill Development,All,Monthly,Online,Active,81.8,470.27,4.8
STU15385,2021-09-17,2021,Sep,Surat,Tier 2,18+,Female,Class 6 Foundation,School Curriculum,6,Annual,Online,Active,34.2,8155.19,4.5
STU13933,2021-09-17,2021,Sep,Ahmedabad,Tier 1,6-10,Male,JEE Main Foundation,Competitive Exam,11-12,Quarterly,Online,Churned,10.6,11671.78,4.8
STU14336,2021-09-17,2021,Sep,Kolkata,Tier 1,6-10,Female,Python for Beginners,Coding,6-8,Annual,Online,Churned,50.9,8209.59,4.6
STU10093,2021-09-18,2021,Sep,Kolkata,Tier 1,11-14,Male,Class 6 Foundation,School Curriculum,6,Quarterly,Online,Active,99.0,2445.83,4.1
STU13728,2021-09-18,2021,Sep,Mumbai,Tier 1,18+,Female,Spoken English Mastery,Skill Development,All,Annual,Online,Active,87.7,5093.1,5.0
STU14546,2021-09-18,2021,Sep,Patna,Tier 2,15-17,Male,Class 6 Foundation,School Curriculum,6,Annual,Offline,Churned,10.2,7993.36,5.0
STU12177,2021-09-18,2021,Sep,Patna,Tier 2,18+,Male,Class 8 Maths & Science,School Curriculum,8,Annual,Offline,Active,37.9,9737.48,3.9
STU14770,2021-09-18,2021,Sep,Ahmedabad,Tier 1,15-17,Male,Class 8 Maths & Science,School Curriculum,8,Quarterly,Online,Completed,100.0,3131.98,4.2
STU15693,2021-09-18,2021,Sep,Kota,Tier 3,15-17,Male,Python for Beginners,Coding,6-8,Monthly,Online,Active,49.4,731.9,5.0
STU12773,2021-09-18,2021,Sep,Guwahati,Tier 3,18+,Male,Class 8 Maths & Science,School Curriculum,8,Monthly,Offline,Active,61.1,992.88,3.2
STU10258,2021-09-18,2021,Sep,Chennai,Tier 1,6-10,Female,Coding for Kids - Scratch,Coding,3-5,Annual,Online,Completed,100.0,6337.88,4.2
STU14752,2021-09-18,2021,Sep,Hyderabad,Tier 1,6-10,Female,Python for Beginners,Coding,6-8,Quarterly,Online,Completed,100.0,2252.83,4.2
STU11534,2021-09-18,2021,Sep,Jaipur,Tier 2,18+,Male,JEE Main Foundation,Competitive Exam,11-12,Annual,Online,Trial - Not Converted,5.4,0.0,
STU12425,2021-09-19,2021,Sep,Meerut,Tier 3,11-14,Male,Class 8 Maths & Science,School Curriculum,8,Annual,Online,Trial - Not Converted,13.6,0.0,
STU11886,2021-09-19,2021,Sep,Bengaluru,Tier 1,18+,Male,Spoken English Mastery,Skill Development,All,Monthly,Online,Active,44.0,468.93,4.4
STU14586,2021-09-19,2021,Sep,Kota,Tier 3,6-10,Female,UPSC Prelims Foundation,Competitive Exam,Graduate,Monthly,Offline,Active,59.1,5109.52,5.0
STU14524,2021-09-19,2021,Sep,Delhi,Tier 1,6-10,Male,Class 8 Maths & Science,School Curriculum,8,Annual,Offline,Trial - Not Converted,19.3,0.0,
STU11155,2021-09-19,2021,Sep,Kanpur,Tier 2,15-17,Male,Coding for Kids - Scratch,Coding,3-5,Annual,Online,Active,60.3,6614.06,5.0
STU11329,2021-09-19,2021,Sep,Nagpur,Tier 2,11-14,Female,UPSC Prelims Foundation,Competitive Exam,Graduate,Quarterly,Offline,Active,90.3,13507.69,4.1
STU11797,2021-09-19,2021,Sep,Bhopal,Tier 2,6-10,Female,UPSC Prelims Foundation,Competitive Exam,Graduate,Monthly,Online,Active,40.0,4603.5,3.1
STU14490,2021-09-20,2021,Sep,Varanasi,Tier 3,6-10,Female,Python for Beginners,Coding,6-8,Monthly,Online,Active,30.0,811.39,4.2
STU13736,2021-09-20,2021,Sep,Raipur,Tier 3,18+,Female,Coding for Kids - Scratch,Coding,3-5,Annual,Online,Churned,27.7,6774.51,4.7
STU14232,2021-09-20,2021,Sep,Delhi,Tier 1,11-14,Female,Spoken English Mastery,Skill Development,All,Annual,Online,Churned,31.0,4538.21,5.0
STU14707,2021-09-21,2021,Sep,Raipur,Tier 3,15-17,Female,Class 8 Maths & Science,School Curriculum,8,Annual,Online,Active,71.7,9338.13,3.6
STU13173,2021-09-21,2021,Sep,Ahmedabad,Tier 1,11-14,Female,Spoken English Mastery,Skill Development,All,Quarterly,Online,Trial - Not Converted,8.6,0.0,
STU15294,2021-09-21,2021,Sep,Meerut,Tier 3,15-17,Female,NEET Crash Course,Competitive Exam,11-12,Monthly,Offline,Completed,100.0,4286.82,4.5
STU14710,2021-09-22,2021,Sep,Hyderabad,Tier 1,11-14,Female,Class 8 Maths & Science,School Curriculum,8,Annual,Online,Active,37.5,9664.06,4.8
STU12106,2021-09-22,2021,Sep,Guwahati,Tier 3,15-17,Male,Spoken English Mastery,Skill Development,All,Annual,Online,Active,24.7,4661.7,4.6
STU12009,2021-09-22,2021,Sep,Indore,Tier 2,15-17,Male,Python for Beginners,Coding,6-8,Monthly,Online,Active,68.0,774.18,4.5
STU11668,2021-09-23,2021,Sep,Bhopal,Tier 2,18+,Female,Class 8 Maths & Science,School Curriculum,8,Quarterly,Online,Active,25.8,2819.17,4.1
STU10707,2021-09-23,2021,Sep,Surat,Tier 2,11-14,Male,Class 8 Maths & Science,School Curriculum,8,Annual,Offline,Churned,44.0,9950.63,4.7
STU10178,2021-09-23,2021,Sep,Jodhpur,Tier 3,6-10,Male,Coding for Kids - Scratch,Coding,3-5,Monthly,Online,Completed,100.0,698.86,4.0
STU11237,2021-09-23,2021,Sep,Chennai,Tier 1,11-14,Female,Python for Beginners,Coding,6-8,Annual,Online,Completed,100.0,7466.16,3.3
STU14270,2021-09-23,2021,Sep,Nagpur,Tier 2,11-14,Female,UPSC Prelims Foundation,Competitive Exam,Graduate,Annual,Online,Active,54.4,45809.0,5.0
STU12756,2021-09-23,2021,Sep,Ranchi,Tier 3,18+,Male,Class 6 Foundation,School Curriculum,6,Annual,Online,Completed,100.0,7535.96,4.0
STU14778,2021-09-23,2021,Sep,Lucknow,Tier 2,18+,Male,UPSC Prelims Foundation,Competitive Exam,Graduate,Annual,Online,Churned,52.6,52218.67,3.8
STU14930,2021-09-24,2021,Sep,Bengaluru,Tier 1,6-10,Female,UPSC Prelims Foundation,Competitive Exam,Graduate,Monthly,Online,Active,70.1,5222.02,3.9
STU12438,2021-09-24,2021,Sep,Indore,Tier 2,6-10,Male,Coding for Kids - Scratch,Coding,3-5,Annual,Online,Trial - Not Converted,17.9,0.0,
STU12321,2021-09-24,2021,Sep,Jaipur,Tier 2,15-17,Female,Robotics & AI Basics,Coding,6-8,Monthly,Online,Churned,35.7,1268.8,5.0
STU15546,2021-09-25,2021,Sep,Delhi,Tier 1,11-14,Male,Robotics & AI Basics,Coding,6-8,Quarterly,Online,Trial - Not Converted,19.0,0.0,
STU14714,2021-09-25,2021,Sep,Ahmedabad,Tier 1,18+,Male,Class 10 CBSE Complete,School Curriculum,10,Monthly,Offline,Active,53.1,1448.11,4.1
STU14585,2021-09-25,2021,Sep,Pune,Tier 1,6-10,Male,NEET Crash Course,Competitive Exam,11-12,Quarterly,Offline,Trial - Not Converted,18.6,0.0,
STU13617,2021-09-25,2021,Sep,Kolkata,Tier 1,15-17,Male,JEE Main Foundation,Competitive Exam,11-12,Annual,Offline,Active,45.3,36582.78,3.1
STU10312,2021-09-25,2021,Sep,Ahmedabad,Tier 1,6-10,Female,Coding for Kids - Scratch,Coding,3-5,Annual,Online,Active,79.1,6938.13,4.4
STU15586,2021-09-26,2021,Sep,Kanpur,Tier 2,15-17,Female,NEET Crash Course,Competitive Exam,11-12,Annual,Offline,Active,76.1,43766.38,3.4
STU11128,2021-09-26,2021,Sep,Ahmedabad,Tier 1,11-14,Female,Class 10 CBSE Complete,School Curriculum,10,Quarterly,Offline,Completed,100.0,4426.04,3.6
STU13282,2021-09-26,2021,Sep,Surat,Tier 2,6-10,Male,NEET Crash Course,Competitive Exam,11-12,Monthly,Online,Active,49.8,4057.93,4.7
STU12685,2021-09-27,2021,Sep,Delhi,Tier 1,11-14,Male,Class 10 CBSE Complete,School Curriculum,10,Annual,Online,Trial - Not Converted,13.1,0.0,
STU15775,2021-09-27,2021,Sep,Delhi,Tier 1,15-17,Female,Python for Beginners,Coding,6-8,Annual,Online,Completed,100.0,7576.34,3.5
STU10179,2021-09-27,2021,Sep,Ahmedabad,Tier 1,11-14,Male,JEE Main Foundation,Competitive Exam,11-12,Annual,Offline,Trial - Not Converted,7.3,0.0,
STU11419,2021-09-27,2021,Sep,Jodhpur,Tier 3,6-10,Male,UPSC Prelims Foundation,Competitive Exam,Graduate,Monthly,Offline,Trial - Not Converted,3.7,0.0,
STU12068,2021-09-27,2021,Sep,Nagpur,Tier 2,15-17,Female,Spoken English Mastery,Skill Development,All,Annual,Online,Active,86.2,4604.98,4.7
STU15380,2021-09-28,2021,Sep,Nagpur,Tier 2,15-17,Male,Coding for Kids - Scratch,Coding,3-5,Quarterly,Online,Trial - Not Converted,21.8,0.0,
STU12703,2021-09-28,2021,Sep,Mumbai,Tier 1,6-10,Male,JEE Main Foundation,Competitive Exam,11-12,Quarterly,Offline,Completed,100.0,10169.91,3.3
STU13374,2021-09-28,2021,Sep,Lucknow,Tier 2,11-14,Male,NEET Crash Course,Competitive Exam,11-12,Monthly,Offline,Completed,100.0,4313.47,3.2
STU13971,2021-09-28,2021,Sep,Delhi,Tier 1,18+,Female,NEET Crash Course,Competitive Exam,11-12,Quarterly,Online,Completed,100.0,13094.42,3.3
STU15755,2021-09-28,2021,Sep,Kolkata,Tier 1,15-17,Male,Class 10 CBSE Complete,School Curriculum,10,Annual,Online,Active,75.2,14551.88,5.0
STU13570,2021-09-28,2021,Sep,Pune,Tier 1,6-10,Male,Python for Beginners,Coding,6-8,Annual,Online,Active,25.9,7188.36,4.8
STU14899,2021-09-29,2021,Sep,Chennai,Tier 1,11-14,Male,NEET Crash Course,Competitive Exam,11-12,Quarterly,Online,Active,23.8,13477.39,4.3
STU14176,2021-09-29,2021,Sep,Mumbai,Tier 1,11-14,Female,Python for Beginners,Coding,6-8,Annual,Online,Active,44.3,7618.51,4.6
STU12998,2021-09-29,2021,Sep,Delhi,Tier 1,11-14,Male,Coding for Kids - Scratch,Coding,3-5,Annual,Online,Trial - Not Converted,5.2,0.0,
STU13646,2021-09-29,2021,Sep,Patna,Tier 2,6-10,Female,Class 6 Foundation,School Curriculum,6,Annual,Online,Trial - Not Converted,6.1,0.0,
STU14073,2021-09-29,2021,Sep,Kolkata,Tier 1,6-10,Female,UPSC Prelims Foundation,Competitive Exam,Graduate,Annual,Online,Completed,100.0,48209.49,3.4
STU10981,2021-09-29,2021,Sep,Kota,Tier 3,11-14,Male,Spoken English Mastery,Skill Development,All,Monthly,Online,Active,93.2,457.78,5.0
STU15200,2021-09-29,2021,Sep,Hyderabad,Tier 1,11-14,Female,Spoken English Mastery,Skill Development,All,Monthly,Online,Churned,27.5,459.12,3.8
STU14106,2021-09-29,2021,Sep,Pune,Tier 1,11-14,Female,Coding for Kids - Scratch,Coding,3-5,Annual,Online,Churned,12.6,6121.01,5.0
STU12331,2021-09-30,2021,Sep,Kolkata,Tier 1,18+,Female,Coding for Kids - Scratch,Coding,3-5,Annual,Online,Completed,100.0,6674.51,2.6
STU11022,2021-09-30,2021,Sep,Bengaluru,Tier 1,6-10,Female,Python for Beginners,Coding,6-8,Quarterly,Online,Active,39.9,2419.36,4.4
STU15189,2021-09-30,2021,Sep,Chennai,Tier 1,18+,Male,Spoken English Mastery,Skill Development,All,Annual,Online,Active,39.0,5194.39,4.4
STU15430,2021-09-30,2021,Sep,Ahmedabad,Tier 1,18+,Female,Class 10 CBSE Complete,School Curriculum,10,Annual,Offline,Completed,100.0,14081.68,3.5
STU13315,2021-09-30,2021,Sep,Delhi,Tier 1,11-14,Female,UPSC Prelims Foundation,Competitive Exam,Graduate,Annual,Online,Churned,26.0,51838.85,5.0
STU14424,2021-09-30,2021,Sep,Bengaluru,Tier 1,11-14,Female,Robotics & AI Basics,Coding,6-8,Annual,Online,Active,23.8,13061.89,4.5
STU10661,2021-10-01,2021,Oct,Kolkata,Tier 1,15-17,Female,Coding for Kids - Scratch,Coding,3-5,Monthly,Online,Trial - Not Converted,7.3,0.0,
STU14030,2021-10-01,2021,Oct,Pune,Tier 1,18+,Female,Spoken English Mastery,Skill Development,All,Quarterly,Offline,Trial - Not Converted,17.9,0.0,
STU12221,2021-10-02,2021,Oct,Delhi,Tier 1,18+,Female,Python for Beginners,Coding,6-8,Annual,Offline,Active,42.0,7818.61,5.0
STU14168,2021-10-02,2021,Oct,Mumbai,Tier 1,11-14,Female,Class 6 Foundation,School Curriculum,6,Annual,Online,Trial - Not Converted,21.2,0.0,
STU11582,2021-10-02,2021,Oct,Hyderabad,Tier 1,15-17,Male,Spoken English Mastery,Skill Development,All,Monthly,Online,Active,75.8,460.58,3.6
STU10264,2021-10-02,2021,Oct,Chennai,Tier 1,15-17,Male,Spoken English Mastery,Skill Development,All,Quarterly,Online,Active,72.0,1484.94,4.2
STU11484,2021-10-02,2021,Oct,Mumbai,Tier 1,6-10,Female,Coding for Kids - Scratch,Coding,3-5,Annual,Online,Active,91.3,6712.26,5.0
STU11065,2021-10-02,2021,Oct,Lucknow,Tier 2,11-14,Female,Class 10 CBSE Complete,School Curriculum,10,Annual,Offline,Completed,100.0,14449.04,4.0
STU11099,2021-10-04,2021,Oct,Surat,Tier 2,6-10,Female,NEET Crash Course,Competitive Exam,11-12,Monthly,Online,Active,88.8,4023.98,5.0
STU14009,2021-10-04,2021,Oct,Hyderabad,Tier 1,18+,Male,Spoken English Mastery,Skill Development,All,Quarterly,Offline,Churned,50.9,1493.17,4.7
STU10089,2021-10-04,2021,Oct,Mumbai,Tier 1,11-14,Male,Class 6 Foundation,School Curriculum,6,Annual,Online,Active,62.6,7968.72,3.4
STU13337,2021-10-04,2021,Oct,Varanasi,Tier 3,18+,Female,Robotics & AI Basics,Coding,6-8,Quarterly,Online,Active,46.0,3894.78,3.8
STU12098,2021-10-04,2021,Oct,Surat,Tier 2,15-17,Male,JEE Main Foundation,Competitive Exam,11-12,Quarterly,Online,Completed,100.0,10456.12,5.0
STU15162,2021-10-05,2021,Oct,Bengaluru,Tier 1,6-10,Male,Coding for Kids - Scratch,Coding,3-5,Annual,Online,Active,85.9,6871.09,4.2
STU15813,2021-10-05,2021,Oct,Surat,Tier 2,18+,Female,Class 6 Foundation,School Curriculum,6,Annual,Offline,Churned,46.0,8109.77,4.3
STU12738,2021-10-05,2021,Oct,Bengaluru,Tier 1,11-14,Female,Class 8 Maths & Science,School Curriculum,8,Monthly,Offline,Trial - Not Converted,2.4,0.0,
STU10748,2021-10-05,2021,Oct,Bhopal,Tier 2,15-17,Male,Coding for Kids - Scratch,Coding,3-5,Annual,Online,Trial - Not Converted,0.5,0.0,
STU14534,2021-10-06,2021,Oct,Indore,Tier 2,11-14,Male,Class 10 CBSE Complete,School Curriculum,10,Annual,Online,Completed,100.0,13750.93,3.6
STU15361,2021-10-06,2021,Oct,Pune,Tier 1,11-14,Male,Coding for Kids - Scratch,Coding,3-5,Annual,Online,Active,24.0,6949.72,3.7
STU14943,2021-10-06,2021,Oct,Jaipur,Tier 2,11-14,Female,Class 10 CBSE Complete,School Curriculum,10,Annual,Online,Active,38.0,14091.88,4.4
STU13224,2021-10-06,2021,Oct,Kolkata,Tier 1,15-17,Female,Spoken English Mastery,Skill Development,All,Quarterly,Online,Trial - Not Converted,10.1,0.0,
STU14941,2021-10-06,2021,Oct,Jaipur,Tier 2,15-17,Male,Class 10 CBSE Complete,School Curriculum,10,Monthly,Online,Completed,100.0,1437.81,3.2
STU15234,2021-10-07,2021,Oct,Jodhpur,Tier 3,6-10,Female,NEET Crash Course,Competitive Exam,11-12,Monthly,Online,Trial - Not Converted,16.9,0.0,
STU13608,2021-10-07,2021,Oct,Kota,Tier 3,18+,Male,Robotics & AI Basics,Coding,6-8,Quarterly,Online,Active,59.7,3479.5,3.0
STU10050,2021-10-07,2021,Oct,Lucknow,Tier 2,11-14,Female,Class 8 Maths & Science,School Curriculum,8,Monthly,Online,Trial - Not Converted,13.2,0.0,
STU12043,2021-10-07,2021,Oct,Kanpur,Tier 2,6-10,Female,Class 8 Maths & Science,School Curriculum,8,Annual,Online,Churned,15.3,9124.09,3.9
STU14760,2021-10-08,2021,Oct,Bengaluru,Tier 1,18+,Female,Class 8 Maths & Science,School Curriculum,8,Annual,Offline,Active,86.3,10124.35,4.4
STU14036,2021-10-08,2021,Oct,Ranchi,Tier 3,15-17,Male,UPSC Prelims Foundation,Competitive Exam,Graduate,Quarterly,Online,Completed,100.0,15487.25,4.7
STU13132,2021-10-08,2021,Oct,Bengaluru,Tier 1,15-17,Female,Class 10 CBSE Complete,School Curriculum,10,Annual,Online,Active,77.3,15514.42,3.8
STU12182,2021-10-09,2021,Oct,Jodhpur,Tier 3,15-17,Male,Robotics & AI Basics,Coding,6-8,Annual,Online,Completed,100.0,12397.13,4.0
STU13377,2021-10-09,2021,Oct,Indore,Tier 2,6-10,Female,Class 6 Foundation,School Curriculum,6,Quarterly,Online,Active,21.4,2471.5,3.7
STU11643,2021-10-09,2021,Oct,Nagpur,Tier 2,11-14,Female,Class 8 Maths & Science,School Curriculum,8,Annual,Online,Trial - Not Converted,16.8,0.0,
STU12427,2021-10-09,2021,Oct,Jaipur,Tier 2,11-14,Male,NEET Crash Course,Competitive Exam,11-12,Annual,Offline,Churned,14.9,42440.38,3.9
STU11878,2021-10-09,2021,Oct,Surat,Tier 2,11-14,Male,NEET Crash Course,Competitive Exam,11-12,Annual,Offline,Completed,100.0,43983.14,4.3
STU12045,2021-10-09,2021,Oct,Nagpur,Tier 2,6-10,Female,Class 10 CBSE Complete,School Curriculum,10,Annual,Online,Active,48.3,15110.54,4.2
STU15542,2021-10-10,2021,Oct,Guwahati,Tier 3,6-10,Male,Spoken English Mastery,Skill Development,All,Annual,Online,Churned,11.0,5173.84,5.0
STU10118,2021-10-10,2021,Oct,Jaipur,Tier 2,11-14,Female,UPSC Prelims Foundation,Competitive Exam,Graduate,Annual,Online,Active,52.9,49885.18,4.5
STU11328,2021-10-10,2021,Oct,Hyderabad,Tier 1,11-14,Male,Class 10 CBSE Complete,School Curriculum,10,Quarterly,Online,Active,69.0,4105.26,3.2
STU13467,2021-10-11,2021,Oct,Lucknow,Tier 2,6-10,Female,Spoken English Mastery,Skill Development,All,Annual,Online,Active,65.4,4897.24,5.0
STU11217,2021-10-11,2021,Oct,Delhi,Tier 1,18+,Female,Class 8 Maths & Science,School Curriculum,8,Annual,Online,Active,43.0,9138.88,4.2
STU12193,2021-10-12,2021,Oct,Mumbai,Tier 1,11-14,Female,JEE Main Foundation,Competitive Exam,11-12,Annual,Online,Trial - Not Converted,9.4,0.0,
STU11944,2021-10-12,2021,Oct,Mumbai,Tier 1,6-10,Female,Coding for Kids - Scratch,Coding,3-5,Monthly,Offline,Active,56.7,665.71,3.7
STU11933,2021-10-12,2021,Oct,Hyderabad,Tier 1,11-14,Male,Class 6 Foundation,School Curriculum,6,Annual,Online,Active,60.7,7968.45,4.5
STU14249,2021-10-12,2021,Oct,Nagpur,Tier 2,15-17,Male,Class 8 Maths & Science,School Curriculum,8,Quarterly,Offline,Active,69.8,2859.89,4.1
STU11397,2021-10-13,2021,Oct,Jaipur,Tier 2,6-10,Female,Class 6 Foundation,School Curriculum,6,Quarterly,Offline,Trial - Not Converted,19.8,0.0,
STU14905,2021-10-13,2021,Oct,Jaipur,Tier 2,15-17,Female,UPSC Prelims Foundation,Competitive Exam,Graduate,Annual,Offline,Active,67.6,46333.47,3.1
STU15373,2021-10-13,2021,Oct,Bhopal,Tier 2,6-10,Female,Class 6 Foundation,School Curriculum,6,Annual,Online,Completed,100.0,7916.6,4.0
STU14237,2021-10-14,2021,Oct,Patna,Tier 2,18+,Female,Robotics & AI Basics,Coding,6-8,Quarterly,Online,Active,71.4,3428.89,4.5
STU14416,2021-10-14,2021,Oct,Patna,Tier 2,6-10,Female,Class 6 Foundation,School Curriculum,6,Monthly,Offline,Completed,100.0,766.14,4.7
STU12547,2021-10-14,2021,Oct,Hyderabad,Tier 1,11-14,Female,Python for Beginners,Coding,6-8,Monthly,Offline,Active,90.5,742.59,5.0
STU12108,2021-10-14,2021,Oct,Lucknow,Tier 2,18+,Male,JEE Main Foundation,Competitive Exam,11-12,Monthly,Online,Completed,100.0,3815.78,4.0
STU11960,2021-10-14,2021,Oct,Bengaluru,Tier 1,6-10,Female,Class 6 Foundation,School Curriculum,6,Annual,Offline,Active,57.5,8692.97,4.1
STU14824,2021-10-15,2021,Oct,Indore,Tier 2,18+,Female,Class 6 Foundation,School Curriculum,6,Annual,Online,Active,77.3,8224.22,3.7
STU12367,2021-10-15,2021,Oct,Ranchi,Tier 3,6-10,Male,NEET Crash Course,Competitive Exam,11-12,Quarterly,Offline,Churned,12.0,12009.67,3.4
STU15095,2021-10-15,2021,Oct,Ahmedabad,Tier 1,6-10,Female,Robotics & AI Basics,Coding,6-8,Annual,Online,Active,70.9,11975.36,3.7
STU13943,2021-10-15,2021,Oct,Guwahati,Tier 3,11-14,Male,UPSC Prelims Foundation,Competitive Exam,Graduate,Quarterly,Online,Active,62.5,13749.65,3.0
STU15788,2021-10-15,2021,Oct,Pune,Tier 1,6-10,Male,UPSC Prelims Foundation,Competitive Exam,Graduate,Quarterly,Online,Active,22.0,15704.56,4.7
STU15904,2021-10-15,2021,Oct,Lucknow,Tier 2,18+,Male,UPSC Prelims Foundation,Competitive Exam,Graduate,Monthly,Online,Active,58.6,4818.99,4.3
STU12312,2021-10-16,2021,Oct,Jaipur,Tier 2,6-10,Female,Spoken English Mastery,Skill Development,All,Annual,Online,Active,30.5,4845.54,4.5
STU13145,2021-10-16,2021,Oct,Kanpur,Tier 2,11-14,Male,JEE Main Foundation,Competitive Exam,11-12,Annual,Online,Trial - Not Converted,11.3,0.0,
STU12555,2021-10-16,2021,Oct,Indore,Tier 2,15-17,Male,UPSC Prelims Foundation,Competitive Exam,Graduate,Annual,Online,Completed,100.0,49028.63,4.4
STU11503,2021-10-16,2021,Oct,Varanasi,Tier 3,6-10,Male,Python for Beginners,Coding,6-8,Monthly,Online,Active,33.3,743.54,4.0
STU10161,2021-10-16,2021,Oct,Pune,Tier 1,6-10,Male,Class 6 Foundation,School Curriculum,6,Annual,Online,Trial - Not Converted,24.2,0.0,
STU11679,2021-10-17,2021,Oct,Bhopal,Tier 2,11-14,Male,JEE Main Foundation,Competitive Exam,11-12,Quarterly,Offline,Active,99.0,11135.02,4.6
STU11165,2021-10-17,2021,Oct,Guwahati,Tier 3,15-17,Female,Python for Beginners,Coding,6-8,Annual,Online,Completed,100.0,7355.35,4.4
STU15726,2021-10-17,2021,Oct,Hyderabad,Tier 1,15-17,Female,JEE Main Foundation,Competitive Exam,11-12,Annual,Online,Active,56.7,35420.28,4.6
STU13784,2021-10-17,2021,Oct,Kanpur,Tier 2,6-10,Male,Class 8 Maths & Science,School Curriculum,8,Annual,Online,Trial - Not Converted,0.6,0.0,
STU10173,2021-10-18,2021,Oct,Mumbai,Tier 1,15-17,Female,NEET Crash Course,Competitive Exam,11-12,Annual,Online,Completed,100.0,42084.4,3.3
STU15932,2021-10-18,2021,Oct,Guwahati,Tier 3,15-17,Female,Robotics & AI Basics,Coding,6-8,Quarterly,Online,Trial - Not Converted,20.4,0.0,
STU10033,2021-10-18,2021,Oct,Indore,Tier 2,15-17,Female,JEE Main Foundation,Competitive Exam,11-12,Annual,Online,Active,35.2,36297.72,4.1
STU15969,2021-10-18,2021,Oct,Hyderabad,Tier 1,6-10,Female,JEE Main Foundation,Competitive Exam,11-12,Quarterly,Online,Active,44.3,11448.2,5.0
STU15414,2021-10-18,2021,Oct,Pune,Tier 1,11-14,Male,Spoken English Mastery,Skill Development,All,Annual,Online,Trial - Not Converted,24.6,0.0,
STU10522,2021-10-19,2021,Oct,Hyderabad,Tier 1,6-10,Female,NEET Crash Course,Competitive Exam,11-12,Annual,Offline,Active,41.2,42701.19,5.0
STU13656,2021-10-19,2021,Oct,Pune,Tier 1,6-10,Male,JEE Main Foundation,Competitive Exam,11-12,Annual,Online,Trial - Not Converted,19.6,0.0,
STU13048,2021-10-19,2021,Oct,Surat,Tier 2,15-17,Female,Robotics & AI Basics,Coding,6-8,Annual,Online,Active,82.8,11833.01,3.7
STU14034,2021-10-19,2021,Oct,Jaipur,Tier 2,15-17,Female,UPSC Prelims Foundation,Competitive Exam,Graduate,Quarterly,Online,Churned,28.9,14622.01,4.3
STU12663,2021-10-19,2021,Oct,Bengaluru,Tier 1,11-14,Female,Class 10 CBSE Complete,School Curriculum,10,Annual,Offline,Trial - Not Converted,18.4,0.0,
STU12647,2021-10-19,2021,Oct,Patna,Tier 2,11-14,Male,Class 6 Foundation,School Curriculum,6,Quarterly,Offline,Trial - Not Converted,17.9,0.0,
STU13385,2021-10-19,2021,Oct,Indore,Tier 2,15-17,Female,Coding for Kids - Scratch,Coding,3-5,Monthly,Online,Active,32.2,628.11,4.7
STU10673,2021-10-19,2021,Oct,Delhi,Tier 1,15-17,Female,NEET Crash Course,Competitive Exam,11-12,Quarterly,Offline,Active,72.6,11878.92,4.0
STU12819,2021-10-19,2021,Oct,Jaipur,Tier 2,15-17,Male,Coding for Kids - Scratch,Coding,3-5,Annual,Online,Active,71.4,6883.05,4.3
STU13026,2021-10-20,2021,Oct,Mumbai,Tier 1,15-17,Male,Spoken English Mastery,Skill Development,All,Annual,Online,Active,77.3,4838.37,3.7
STU13546,2021-10-20,2021,Oct,Hyderabad,Tier 1,15-17,Male,Coding for Kids - Scratch,Coding,3-5,Annual,Online,Active,29.0,6170.39,3.2
STU14134,2021-10-20,2021,Oct,Surat,Tier 2,15-17,Female,Coding for Kids - Scratch,Coding,3-5,Quarterly,Offline,Active,80.4,2018.92,2.3
STU14212,2021-10-20,2021,Oct,Jaipur,Tier 2,11-14,Female,Coding for Kids - Scratch,Coding,3-5,Monthly,Online,Trial - Not Converted,5.4,0.0,
STU12874,2021-10-20,2021,Oct,Bengaluru,Tier 1,11-14,Female,Spoken English Mastery,Skill Development,All,Annual,Online,Trial - Not Converted,14.1,0.0,
STU12415,2021-10-20,2021,Oct,Lucknow,Tier 2,18+,Male,Coding for Kids - Scratch,Coding,3-5,Monthly,Online,Active,68.6,661.95,3.8
STU12523,2021-10-20,2021,Oct,Kota,Tier 3,6-10,Female,NEET Crash Course,Competitive Exam,11-12,Annual,Offline,Completed,100.0,40471.22,3.9
STU15896,2021-10-20,2021,Oct,Raipur,Tier 3,15-17,Male,Python for Beginners,Coding,6-8,Annual,Online,Completed,100.0,7505.85,4.4
STU10458,2021-10-20,2021,Oct,Nagpur,Tier 2,6-10,Male,Coding for Kids - Scratch,Coding,3-5,Monthly,Offline,Churned,14.6,603.68,4.5
STU10373,2021-10-20,2021,Oct,Varanasi,Tier 3,15-17,Female,Coding for Kids - Scratch,Coding,3-5,Monthly,Online,Active,92.1,670.77,4.4
STU12571,2021-10-21,2021,Oct,Meerut,Tier 3,15-17,Male,Class 8 Maths & Science,School Curriculum,8,Annual,Offline,Completed,100.0,10188.16,4.4
STU10390,2021-10-21,2021,Oct,Meerut,Tier 3,6-10,Male,Class 10 CBSE Complete,School Curriculum,10,Quarterly,Offline,Completed,100.0,4169.39,4.4
STU12935,2021-10-21,2021,Oct,Hyderabad,Tier 1,15-17,Male,NEET Crash Course,Competitive Exam,11-12,Quarterly,Online,Active,44.8,13462.95,3.8
STU13259,2021-10-21,2021,Oct,Pune,Tier 1,18+,Female,Class 8 Maths & Science,School Curriculum,8,Quarterly,Online,Trial - Not Converted,12.7,0.0,
STU11257,2021-10-21,2021,Oct,Ahmedabad,Tier 1,18+,Female,UPSC Prelims Foundation,Competitive Exam,Graduate,Quarterly,Offline,Active,26.4,14843.86,2.7
STU12109,2021-10-22,2021,Oct,Kanpur,Tier 2,11-14,Male,Class 8 Maths & Science,School Curriculum,8,Quarterly,Offline,Active,35.1,2930.4,2.7
STU15652,2021-10-22,2021,Oct,Raipur,Tier 3,18+,Male,Python for Beginners,Coding,6-8,Annual,Offline,Active,68.4,7504.91,3.8
STU14381,2021-10-22,2021,Oct,Kanpur,Tier 2,11-14,Male,Python for Beginners,Coding,6-8,Annual,Online,Active,44.7,7599.64,3.5
STU15304,2021-10-22,2021,Oct,Chennai,Tier 1,15-17,Male,UPSC Prelims Foundation,Competitive Exam,Graduate,Quarterly,Offline,Completed,100.0,15075.87,4.0
STU11959,2021-10-22,2021,Oct,Ranchi,Tier 3,18+,Female,Class 10 CBSE Complete,School Curriculum,10,Annual,Online,Active,51.4,15507.83,5.0
STU11497,2021-10-22,2021,Oct,Kanpur,Tier 2,11-14,Male,Class 8 Maths & Science,School Curriculum,8,Annual,Online,Churned,16.9,9930.12,3.9
STU11642,2021-10-22,2021,Oct,Delhi,Tier 1,6-10,Male,JEE Main Foundation,Competitive Exam,11-12,Annual,Offline,Active,28.3,34152.17,3.4
STU15668,2021-10-22,2021,Oct,Pune,Tier 1,15-17,Male,Class 6 Foundation,School Curriculum,6,Annual,Online,Churned,35.3,8736.86,4.8
STU13731,2021-10-22,2021,Oct,Hyderabad,Tier 1,18+,Male,Class 6 Foundation,School Curriculum,6,Quarterly,Offline,Active,94.3,2305.47,4.5
STU10624,2021-10-23,2021,Oct,Chennai,Tier 1,11-14,Female,JEE Main Foundation,Competitive Exam,11-12,Quarterly,Offline,Trial - Not Converted,5.2,0.0,
STU10296,2021-10-23,2021,Oct,Indore,Tier 2,6-10,Female,Class 8 Maths & Science,School Curriculum,8,Annual,Online,Trial - Not Converted,10.9,0.0,
STU12674,2021-10-23,2021,Oct,Patna,Tier 2,18+,Male,Robotics & AI Basics,Coding,6-8,Monthly,Offline,Active,83.8,1298.08,4.4
STU15804,2021-10-23,2021,Oct,Bengaluru,Tier 1,11-14,Male,JEE Main Foundation,Competitive Exam,11-12,Annual,Offline,Trial - Not Converted,15.6,0.0,
STU10683,2021-10-24,2021,Oct,Kolkata,Tier 1,18+,Female,Python for Beginners,Coding,6-8,Annual,Online,Active,94.6,7930.91,4.2
STU13338,2021-10-24,2021,Oct,Chennai,Tier 1,6-10,Male,NEET Crash Course,Competitive Exam,11-12,Annual,Online,Active,86.8,41420.48,4.3
STU11268,2021-10-25,2021,Oct,Hyderabad,Tier 1,15-17,Female,Spoken English Mastery,Skill Development,All,Monthly,Online,Trial - Not Converted,4.1,0.0,
STU12116,2021-10-25,2021,Oct,Guwahati,Tier 3,15-17,Female,Class 8 Maths & Science,School Curriculum,8,Annual,Offline,Trial - Not Converted,21.6,0.0,
STU13054,2021-10-25,2021,Oct,Delhi,Tier 1,15-17,Male,Robotics & AI Basics,Coding,6-8,Annual,Online,Active,75.1,12038.15,3.7
STU12441,2021-10-26,2021,Oct,Hyderabad,Tier 1,18+,Female,UPSC Prelims Foundation,Competitive Exam,Graduate,Monthly,Online,Trial - Not Converted,22.7,0.0,
STU13670,2021-10-26,2021,Oct,Chennai,Tier 1,15-17,Female,Class 8 Maths & Science,School Curriculum,8,Annual,Online,Trial - Not Converted,13.9,0.0,
STU12892,2021-10-27,2021,Oct,Bhopal,Tier 2,18+,Male,UPSC Prelims Foundation,Competitive Exam,Graduate,Monthly,Offline,Active,99.8,5061.03,4.0
STU12074,2021-10-27,2021,Oct,Lucknow,Tier 2,15-17,Male,Python for Beginners,Coding,6-8,Annual,Online,Active,67.1,8068.62,3.9
STU15630,2021-10-27,2021,Oct,Bengaluru,Tier 1,15-17,Female,Coding for Kids - Scratch,Coding,3-5,Monthly,Online,Churned,42.1,640.01,4.4
STU12818,2021-10-27,2021,Oct,Chennai,Tier 1,15-17,Male,Spoken English Mastery,Skill Development,All,Annual,Offline,Active,53.3,4841.19,3.7
STU14655,2021-10-27,2021,Oct,Jaipur,Tier 2,11-14,Female,Coding for Kids - Scratch,Coding,3-5,Monthly,Online,Trial - Not Converted,21.8,0.0,
STU14551,2021-10-27,2021,Oct,Kolkata,Tier 1,15-17,Female,Coding for Kids - Scratch,Coding,3-5,Annual,Online,Active,35.8,6309.59,3.6
STU12687,2021-10-27,2021,Oct,Ahmedabad,Tier 1,15-17,Male,Class 8 Maths & Science,School Curriculum,8,Quarterly,Online,Active,60.5,2989.31,4.8
STU13398,2021-10-28,2021,Oct,Kolkata,Tier 1,6-10,Male,NEET Crash Course,Competitive Exam,11-12,Monthly,Online,Completed,100.0,4195.46,5.0
STU14580,2021-10-28,2021,Oct,Chennai,Tier 1,6-10,Female,NEET Crash Course,Competitive Exam,11-12,Annual,Offline,Active,34.6,41545.88,4.5
STU11998,2021-10-28,2021,Oct,Jodhpur,Tier 3,15-17,Male,UPSC Prelims Foundation,Competitive Exam,Graduate,Annual,Online,Active,40.3,45187.58,3.9
STU10778,2021-10-29,2021,Oct,Delhi,Tier 1,18+,Female,Coding for Kids - Scratch,Coding,3-5,Quarterly,Online,Active,46.3,1885.56,4.4
STU10589,2021-10-29,2021,Oct,Bengaluru,Tier 1,6-10,Female,Class 6 Foundation,School Curriculum,6,Monthly,Offline,Active,89.0,812.9,4.6
STU14618,2021-10-29,2021,Oct,Meerut,Tier 3,18+,Male,JEE Main Foundation,Competitive Exam,11-12,Annual,Online,Churned,24.6,38920.26,5.0
STU12667,2021-10-29,2021,Oct,Ahmedabad,Tier 1,15-17,Female,UPSC Prelims Foundation,Competitive Exam,Graduate,Annual,Offline,Active,21.0,49612.83,4.1
STU11459,2021-10-30,2021,Oct,Patna,Tier 2,15-17,Female,Class 10 CBSE Complete,School Curriculum,10,Monthly,Online,Active,61.2,1454.43,4.1
STU15968,2021-10-30,2021,Oct,Lucknow,Tier 2,11-14,Male,Spoken English Mastery,Skill Development,All,Annual,Online,Active,40.0,4813.34,4.2
STU15306,2021-10-30,2021,Oct,Kolkata,Tier 1,11-14,Male,Spoken English Mastery,Skill Development,All,Quarterly,Online,Active,23.7,1485.9,4.8
STU12449,2021-10-31,2021,Oct,Bhopal,Tier 2,18+,Female,JEE Main Foundation,Competitive Exam,11-12,Annual,Online,Active,85.6,39143.62,4.5
STU10843,2021-10-31,2021,Oct,Jaipur,Tier 2,11-14,Male,NEET Crash Course,Competitive Exam,11-12,Monthly,Online,Active,37.3,4384.21,4.5
STU13175,2021-10-31,2021,Oct,Mumbai,Tier 1,6-10,Female,NEET Crash Course,Competitive Exam,11-12,Quarterly,Offline,Trial - Not Converted,2.7,0.0,
STU10313,2021-10-31,2021,Oct,Pune,Tier 1,18+,Male,NEET Crash Course,Competitive Exam,11-12,Annual,Offline,Active,36.5,39042.67,3.6
STU11470,2021-10-31,2021,Oct,Bengaluru,Tier 1,18+,Female,Class 6 Foundation,School Curriculum,6,Monthly,Online,Completed,100.0,820.02,5.0
STU11113,2021-11-01,2021,Nov,Mumbai,Tier 1,15-17,Male,UPSC Prelims Foundation,Competitive Exam,Graduate,Annual,Online,Active,33.9,47944.33,4.2
STU10908,2021-11-01,2021,Nov,Lucknow,Tier 2,6-10,Female,JEE Main Foundation,Competitive Exam,11-12,Quarterly,Offline,Completed,100.0,10944.64,3.5
STU11805,2021-11-01,2021,Nov,Kolkata,Tier 1,18+,Male,Spoken English Mastery,Skill Development,All,Quarterly,Online,Trial - Not Converted,15.0,0.0,
STU11290,2021-11-01,2021,Nov,Hyderabad,Tier 1,15-17,Male,Robotics & AI Basics,Coding,6-8,Annual,Online,Active,53.0,12930.89,4.5
STU13130,2021-11-01,2021,Nov,Jodhpur,Tier 3,11-14,Male,Class 6 Foundation,School Curriculum,6,Quarterly,Offline,Completed,100.0,2620.18,3.9
STU11077,2021-11-02,2021,Nov,Indore,Tier 2,11-14,Female,Class 6 Foundation,School Curriculum,6,Annual,Online,Active,25.4,8314.96,3.8
STU11932,2021-11-03,2021,Nov,Nagpur,Tier 2,11-14,Male,UPSC Prelims Foundation,Competitive Exam,Graduate,Annual,Offline,Trial - Not Converted,21.0,0.0,
STU15673,2021-11-03,2021,Nov,Indore,Tier 2,11-14,Male,UPSC Prelims Foundation,Competitive Exam,Graduate,Monthly,Online,Active,55.1,5048.27,5.0
STU11009,2021-11-03,2021,Nov,Chennai,Tier 1,15-17,Female,Coding for Kids - Scratch,Coding,3-5,Annual,Online,Active,68.3,6447.63,4.6
STU14689,2021-11-03,2021,Nov,Chennai,Tier 1,11-14,Male,Robotics & AI Basics,Coding,6-8,Annual,Online,Completed,100.0,12154.58,4.0
STU15539,2021-11-03,2021,Nov,Kanpur,Tier 2,15-17,Male,Coding for Kids - Scratch,Coding,3-5,Quarterly,Online,Active,30.5,2049.03,3.8
STU11596,2021-11-04,2021,Nov,Raipur,Tier 3,18+,Female,UPSC Prelims Foundation,Competitive Exam,Graduate,Monthly,Offline,Active,23.3,4835.78,4.5
STU14188,2021-11-04,2021,Nov,Bhopal,Tier 2,18+,Male,Spoken English Mastery,Skill Development,All,Annual,Offline,Active,84.5,4705.08,4.3
STU13829,2021-11-04,2021,Nov,Chennai,Tier 1,6-10,Female,Python for Beginners,Coding,6-8,Monthly,Online,Active,86.5,797.23,4.4
STU13813,2021-11-05,2021,Nov,Pune,Tier 1,6-10,Male,Coding for Kids - Scratch,Coding,3-5,Quarterly,Online,Completed,100.0,2035.75,4.3
STU15377,2021-11-05,2021,Nov,Meerut,Tier 3,11-14,Male,Class 8 Maths & Science,School Curriculum,8,Annual,Online,Churned,39.4,9427.83,4.4
STU11914,2021-11-05,2021,Nov,Guwahati,Tier 3,18+,Female,Class 10 CBSE Complete,School Curriculum,10,Monthly,Online,Trial - Not Converted,19.0,0.0,
STU12216,2021-11-05,2021,Nov,Nagpur,Tier 2,6-10,Male,Python for Beginners,Coding,6-8,Annual,Offline,Active,85.1,7554.47,4.8
STU13156,2021-11-05,2021,Nov,Surat,Tier 2,15-17,Female,Class 8 Maths & Science,School Curriculum,8,Monthly,Online,Trial - Not Converted,20.3,0.0,
STU12039,2021-11-05,2021,Nov,Jaipur,Tier 2,11-14,Male,Class 8 Maths & Science,School Curriculum,8,Monthly,Online,Churned,31.4,991.62,4.1
STU14506,2021-11-05,2021,Nov,Bengaluru,Tier 1,11-14,Male,Class 6 Foundation,School Curriculum,6,Annual,Offline,Completed,100.0,8137.28,5.0
STU13948,2021-11-05,2021,Nov,Patna,Tier 2,11-14,Male,Coding for Kids - Scratch,Coding,3-5,Annual,Offline,Active,88.3,6587.45,4.0
STU14179,2021-11-05,2021,Nov,Jodhpur,Tier 3,18+,Male,Class 6 Foundation,School Curriculum,6,Annual,Online,Trial - Not Converted,8.9,0.0,
STU12585,2021-11-05,2021,Nov,Pune,Tier 1,18+,Female,Spoken English Mastery,Skill Development,All,Annual,Online,Active,31.2,5052.42,3.7
STU12488,2021-11-06,2021,Nov,Kolkata,Tier 1,11-14,Female,Python for Beginners,Coding,6-8,Annual,Online,Completed,100.0,7343.17,4.0
STU13111,2021-11-06,2021,Nov,Nagpur,Tier 2,11-14,Female,Robotics & AI Basics,Coding,6-8,Monthly,Offline,Trial - Not Converted,20.1,0.0,
STU12655,2021-11-06,2021,Nov,Bhopal,Tier 2,11-14,Male,Class 10 CBSE Complete,School Curriculum,10,Annual,Offline,Active,97.9,14395.71,3.8
STU12866,2021-11-06,2021,Nov,Bhopal,Tier 2,18+,Male,JEE Main Foundation,Competitive Exam,11-12,Annual,Offline,Active,54.6,37884.06,3.9
STU10090,2021-11-06,2021,Nov,Surat,Tier 2,15-17,Male,Python for Beginners,Coding,6-8,Annual,Online,Trial - Not Converted,6.9,0.0,
STU12613,2021-11-06,2021,Nov,Surat,Tier 2,15-17,Male,Class 6 Foundation,School Curriculum,6,Annual,Online,Churned,51.4,7953.38,4.2
STU11811,2021-11-06,2021,Nov,Kolkata,Tier 1,15-17,Female,Robotics & AI Basics,Coding,6-8,Quarterly,Online,Active,61.4,3556.57,3.8
STU10444,2021-11-07,2021,Nov,Lucknow,Tier 2,11-14,Male,Class 6 Foundation,School Curriculum,6,Annual,Offline,Active,26.1,8690.45,3.2
STU10790,2021-11-07,2021,Nov,Hyderabad,Tier 1,15-17,Female,UPSC Prelims Foundation,Competitive Exam,Graduate,Annual,Online,Churned,46.9,51471.16,3.9
STU13386,2021-11-07,2021,Nov,Chennai,Tier 1,18+,Female,Class 6 Foundation,School Curriculum,6,Quarterly,Online,Completed,100.0,2273.89,3.6
STU13600,2021-11-07,2021,Nov,Delhi,Tier 1,6-10,Male,Python for Beginners,Coding,6-8,Annual,Online,Trial - Not Converted,3.3,0.0,
STU12621,2021-11-08,2021,Nov,Jodhpur,Tier 3,11-14,Female,UPSC Prelims Foundation,Competitive Exam,Graduate,Monthly,Online,Trial - Not Converted,7.2,0.0,
STU11687,2021-11-08,2021,Nov,Surat,Tier 2,18+,Female,Class 6 Foundation,School Curriculum,6,Monthly,Online,Active,46.6,835.8,3.8
STU11817,2021-11-08,2021,Nov,Pune,Tier 1,18+,Male,Python for Beginners,Coding,6-8,Annual,Offline,Completed,100.0,7329.91,3.8
STU13983,2021-11-08,2021,Nov,Pune,Tier 1,18+,Male,UPSC Prelims Foundation,Competitive Exam,Graduate,Annual,Online,Trial - Not Converted,21.8,0.0,
STU14777,2021-11-09,2021,Nov,Kolkata,Tier 1,18+,Female,Robotics & AI Basics,Coding,6-8,Monthly,Online,Trial - Not Converted,24.3,0.0,
STU10034,2021-11-09,2021,Nov,Kanpur,Tier 2,15-17,Female,Spoken English Mastery,Skill Development,All,Annual,Online,Active,41.5,5177.21,3.8
STU14671,2021-11-09,2021,Nov,Varanasi,Tier 3,18+,Male,UPSC Prelims Foundation,Competitive Exam,Graduate,Annual,Online,Active,89.8,45000.63,4.1
STU11967,2021-11-10,2021,Nov,Nagpur,Tier 2,11-14,Female,Class 6 Foundation,School Curriculum,6,Annual,Online,Churned,18.7,8727.81,4.6
STU14939,2021-11-10,2021,Nov,Delhi,Tier 1,15-17,Male,Class 10 CBSE Complete,School Curriculum,10,Monthly,Offline,Active,24.6,1553.52,4.2
STU11662,2021-11-10,2021,Nov,Kolkata,Tier 1,11-14,Male,Spoken English Mastery,Skill Development,All,Quarterly,Online,Completed,100.0,1506.32,4.5
STU15069,2021-11-11,2021,Nov,Ranchi,Tier 3,18+,Male,JEE Main Foundation,Competitive Exam,11-12,Quarterly,Offline,Trial - Not Converted,22.4,0.0,
STU10818,2021-11-11,2021,Nov,Kolkata,Tier 1,15-17,Female,JEE Main Foundation,Competitive Exam,11-12,Monthly,Offline,Active,94.4,3652.24,3.2
STU14199,2021-11-11,2021,Nov,Meerut,Tier 3,15-17,Female,Robotics & AI Basics,Coding,6-8,Monthly,Online,Active,37.7,1271.07,4.6
STU13461,2021-11-11,2021,Nov,Chennai,Tier 1,6-10,Female,Robotics & AI Basics,Coding,6-8,Quarterly,Online,Completed,100.0,3471.06,3.5
STU13867,2021-11-11,2021,Nov,Jaipur,Tier 2,11-14,Male,Class 6 Foundation,School Curriculum,6,Annual,Online,Active,44.5,7795.41,4.2
STU14828,2021-11-12,2021,Nov,Bengaluru,Tier 1,18+,Female,JEE Main Foundation,Competitive Exam,11-12,Annual,Offline,Completed,100.0,37084.33,4.6
STU12183,2021-11-12,2021,Nov,Bhopal,Tier 2,11-14,Male,Python for Beginners,Coding,6-8,Annual,Online,Trial - Not Converted,2.5,0.0,
STU11491,2021-11-12,2021,Nov,Bengaluru,Tier 1,11-14,Male,Class 8 Maths & Science,School Curriculum,8,Annual,Offline,Active,49.3,10493.51,4.8
STU15768,2021-11-12,2021,Nov,Mumbai,Tier 1,15-17,Female,Class 8 Maths & Science,School Curriculum,8,Monthly,Online,Active,26.1,913.96,3.1
STU10990,2021-11-13,2021,Nov,Delhi,Tier 1,11-14,Female,Python for Beginners,Coding,6-8,Annual,Online,Active,97.1,7788.45,4.2
STU15728,2021-11-13,2021,Nov,Patna,Tier 2,6-10,Female,Coding for Kids - Scratch,Coding,3-5,Annual,Online,Trial - Not Converted,15.9,0.0,
STU12646,2021-11-13,2021,Nov,Hyderabad,Tier 1,15-17,Female,Spoken English Mastery,Skill Development,All,Quarterly,Online,Active,91.2,1410.11,3.9
STU11760,2021-11-13,2021,Nov,Surat,Tier 2,11-14,Male,Spoken English Mastery,Skill Development,All,Annual,Online,Active,26.3,4764.54,4.2
STU14352,2021-11-14,2021,Nov,Ranchi,Tier 3,6-10,Female,JEE Main Foundation,Competitive Exam,11-12,Monthly,Offline,Trial - Not Converted,14.3,0.0,
STU14734,2021-11-14,2021,Nov,Mumbai,Tier 1,6-10,Female,NEET Crash Course,Competitive Exam,11-12,Quarterly,Online,Active,66.7,13528.72,4.2
STU12402,2021-11-14,2021,Nov,Jaipur,Tier 2,6-10,Male,Class 10 CBSE Complete,School Curriculum,10,Monthly,Offline,Trial - Not Converted,5.0,0.0,
STU12433,2021-11-14,2021,Nov,Pune,Tier 1,15-17,Female,Spoken English Mastery,Skill Development,All,Annual,Online,Active,65.5,5101.3,4.1
STU13440,2021-11-14,2021,Nov,Chennai,Tier 1,6-10,Female,Class 8 Maths & Science,School Curriculum,8,Annual,Offline,Completed,100.0,9800.04,5.0
STU10852,2021-11-14,2021,Nov,Ahmedabad,Tier 1,6-10,Female,UPSC Prelims Foundation,Competitive Exam,Graduate,Annual,Online,Churned,38.3,46385.97,4.8
STU14307,2021-11-14,2021,Nov,Delhi,Tier 1,18+,Male,Spoken English Mastery,Skill Development,All,Annual,Online,Active,92.9,5116.94,4.8
STU15640,2021-11-15,2021,Nov,Hyderabad,Tier 1,18+,Male,Spoken English Mastery,Skill Development,All,Annual,Online,Active,45.4,4623.61,4.8
STU13049,2021-11-16,2021,Nov,Pune,Tier 1,15-17,Female,JEE Main Foundation,Competitive Exam,11-12,Monthly,Online,Active,46.6,3638.41,4.5
STU14209,2021-11-16,2021,Nov,Jodhpur,Tier 3,15-17,Female,Python for Beginners,Coding,6-8,Monthly,Online,Completed,100.0,805.84,3.7
STU15618,2021-11-16,2021,Nov,Delhi,Tier 1,6-10,Female,UPSC Prelims Foundation,Competitive Exam,Graduate,Monthly,Online,Completed,100.0,4946.26,3.9
STU10890,2021-11-16,2021,Nov,Lucknow,Tier 2,18+,Female,JEE Main Foundation,Competitive Exam,11-12,Annual,Online,Active,52.2,35854.36,4.0
STU11548,2021-11-16,2021,Nov,Delhi,Tier 1,15-17,Male,NEET Crash Course,Competitive Exam,11-12,Monthly,Online,Completed,100.0,4487.95,4.0
STU15698,2021-11-17,2021,Nov,Chennai,Tier 1,11-14,Female,NEET Crash Course,Competitive Exam,11-12,Quarterly,Offline,Active,46.4,12769.03,4.7
STU12729,2021-11-17,2021,Nov,Bengaluru,Tier 1,11-14,Male,Class 8 Maths & Science,School Curriculum,8,Quarterly,Online,Active,46.0,2839.69,4.7
STU11723,2021-11-17,2021,Nov,Bengaluru,Tier 1,6-10,Female,Class 6 Foundation,School Curriculum,6,Quarterly,Offline,Active,88.5,2343.15,4.9
STU10466,2021-11-17,2021,Nov,Patna,Tier 2,15-17,Female,Class 8 Maths & Science,School Curriculum,8,Annual,Offline,Active,55.6,9307.57,4.4
STU11775,2021-11-18,2021,Nov,Mumbai,Tier 1,15-17,Female,Robotics & AI Basics,Coding,6-8,Monthly,Offline,Churned,13.4,1214.89,3.8
STU12152,2021-11-18,2021,Nov,Kolkata,Tier 1,11-14,Female,Spoken English Mastery,Skill Development,All,Annual,Online,Trial - Not Converted,7.3,0.0,
STU12827,2021-11-18,2021,Nov,Pune,Tier 1,15-17,Female,Class 8 Maths & Science,School Curriculum,8,Monthly,Online,Completed,100.0,1026.52,4.3
STU15247,2021-11-18,2021,Nov,Pune,Tier 1,6-10,Male,Python for Beginners,Coding,6-8,Annual,Online,Active,48.2,7743.76,4.5
STU12363,2021-11-18,2021,Nov,Hyderabad,Tier 1,18+,Female,NEET Crash Course,Competitive Exam,11-12,Annual,Offline,Active,30.9,40429.84,4.1
STU13956,2021-11-19,2021,Nov,Meerut,Tier 3,6-10,Male,NEET Crash Course,Competitive Exam,11-12,Annual,Online,Trial - Not Converted,14.5,0.0,
STU11058,2021-11-19,2021,Nov,Nagpur,Tier 2,6-10,Female,JEE Main Foundation,Competitive Exam,11-12,Annual,Offline,Active,82.7,37924.72,3.5
STU11241,2021-11-19,2021,Nov,Nagpur,Tier 2,15-17,Male,Robotics & AI Basics,Coding,6-8,Annual,Offline,Active,33.4,12739.16,5.0
STU13390,2021-11-19,2021,Nov,Nagpur,Tier 2,15-17,Male,Class 6 Foundation,School Curriculum,6,Annual,Online,Churned,35.7,8355.13,4.6
STU15402,2021-11-19,2021,Nov,Delhi,Tier 1,15-17,Male,JEE Main Foundation,Competitive Exam,11-12,Annual,Offline,Active,85.1,34539.43,4.4
STU14317,2021-11-19,2021,Nov,Hyderabad,Tier 1,15-17,Female,UPSC Prelims Foundation,Competitive Exam,Graduate,Annual,Offline,Completed,100.0,47585.73,3.6
STU10997,2021-11-19,2021,Nov,Bengaluru,Tier 1,6-10,Female,Python for Beginners,Coding,6-8,Annual,Online,Churned,37.7,8261.78,4.4
STU11765,2021-11-19,2021,Nov,Pune,Tier 1,15-17,Female,Class 8 Maths & Science,School Curriculum,8,Monthly,Online,Churned,16.6,971.6,4.0
STU10500,2021-11-19,2021,Nov,Hyderabad,Tier 1,11-14,Male,Class 10 CBSE Complete,School Curriculum,10,Annual,Offline,Completed,100.0,15027.47,4.3
STU11417,2021-11-20,2021,Nov,Bengaluru,Tier 1,15-17,Female,NEET Crash Course,Competitive Exam,11-12,Annual,Online,Active,71.4,41269.52,5.0
STU14582,2021-11-20,2021,Nov,Hyderabad,Tier 1,6-10,Male,Coding for Kids - Scratch,Coding,3-5,Monthly,Online,Trial - Not Converted,0.7,0.0,
STU12195,2021-11-20,2021,Nov,Lucknow,Tier 2,18+,Female,Class 10 CBSE Complete,School Curriculum,10,Annual,Offline,Active,22.0,14022.11,3.5
STU10625,2021-11-20,2021,Nov,Mumbai,Tier 1,11-14,Male,Python for Beginners,Coding,6-8,Annual,Online,Completed,100.0,7896.97,3.9
STU15786,2021-11-20,2021,Nov,Bengaluru,Tier 1,18+,Male,UPSC Prelims Foundation,Competitive Exam,Graduate,Monthly,Offline,Active,47.4,4793.58,4.6
STU14028,2021-11-21,2021,Nov,Chennai,Tier 1,15-17,Female,NEET Crash Course,Competitive Exam,11-12,Annual,Online,Active,76.2,42985.07,3.8
STU11605,2021-11-21,2021,Nov,Guwahati,Tier 3,18+,Female,Class 6 Foundation,School Curriculum,6,Annual,Offline,Active,52.8,8142.7,4.5
STU13792,2021-11-21,2021,Nov,Hyderabad,Tier 1,6-10,Male,Class 10 CBSE Complete,School Curriculum,10,Annual,Online,Trial - Not Converted,24.1,0.0,
STU12608,2021-11-21,2021,Nov,Patna,Tier 2,6-10,Male,JEE Main Foundation,Competitive Exam,11-12,Quarterly,Offline,Trial - Not Converted,7.4,0.0,
STU14784,2021-11-21,2021,Nov,Delhi,Tier 1,6-10,Female,Coding for Kids - Scratch,Coding,3-5,Quarterly,Online,Active,26.1,1904.88,4.9
STU14240,2021-11-23,2021,Nov,Mumbai,Tier 1,6-10,Female,JEE Main Foundation,Competitive Exam,11-12,Annual,Offline,Active,36.5,37248.52,4.2
STU11650,2021-11-23,2021,Nov,Kanpur,Tier 2,11-14,Female,Coding for Kids - Scratch,Coding,3-5,Quarterly,Online,Active,77.2,1950.9,4.7
STU13406,2021-11-23,2021,Nov,Bengaluru,Tier 1,18+,Male,Robotics & AI Basics,Coding,6-8,Monthly,Online,Completed,100.0,1193.51,4.2
STU11789,2021-11-23,2021,Nov,Kolkata,Tier 1,18+,Male,Class 6 Foundation,School Curriculum,6,Annual,Online,Active,55.9,7946.81,3.7
STU13036,2021-11-23,2021,Nov,Mumbai,Tier 1,6-10,Male,Class 8 Maths & Science,School Curriculum,8,Annual,Offline,Active,25.5,9608.48,4.4
STU10853,2021-11-24,2021,Nov,Bengaluru,Tier 1,11-14,Male,JEE Main Foundation,Competitive Exam,11-12,Annual,Online,Completed,100.0,36086.74,4.3
STU11228,2021-11-24,2021,Nov,Kanpur,Tier 2,6-10,Male,NEET Crash Course,Competitive Exam,11-12,Quarterly,Offline,Active,99.6,12296.92,5.0
STU12996,2021-11-24,2021,Nov,Varanasi,Tier 3,18+,Female,Robotics & AI Basics,Coding,6-8,Monthly,Online,Active,57.5,1140.65,4.9
STU13094,2021-11-24,2021,Nov,Kanpur,Tier 2,6-10,Male,Class 8 Maths & Science,School Curriculum,8,Quarterly,Online,Active,28.5,3028.34,4.5
STU14823,2021-11-24,2021,Nov,Indore,Tier 2,11-14,Female,Class 10 CBSE Complete,School Curriculum,10,Annual,Online,Churned,24.0,15616.56,4.0
STU12815,2021-11-24,2021,Nov,Bengaluru,Tier 1,6-10,Male,NEET Crash Course,Competitive Exam,11-12,Annual,Online,Active,49.8,43078.42,5.0
STU12026,2021-11-24,2021,Nov,Kanpur,Tier 2,15-17,Male,NEET Crash Course,Competitive Exam,11-12,Annual,Offline,Active,68.4,40566.59,3.8
STU15322,2021-11-25,2021,Nov,Kolkata,Tier 1,18+,Male,Spoken English Mastery,Skill Development,All,Quarterly,Online,Completed,100.0,1558.47,3.5
STU15821,2021-11-25,2021,Nov,Surat,Tier 2,11-14,Male,Spoken English Mastery,Skill Development,All,Annual,Online,Active,75.4,4882.1,4.1
STU14084,2021-11-26,2021,Nov,Bhopal,Tier 2,18+,Female,NEET Crash Course,Competitive Exam,11-12,Annual,Online,Active,22.1,41332.93,3.5
STU10370,2021-11-26,2021,Nov,Jodhpur,Tier 3,6-10,Female,JEE Main Foundation,Competitive Exam,11-12,Quarterly,Online,Trial - Not Converted,0.6,0.0,
STU10774,2021-11-26,2021,Nov,Guwahati,Tier 3,18+,Male,Class 6 Foundation,School Curriculum,6,Monthly,Online,Active,43.1,817.71,4.3
STU10616,2021-11-26,2021,Nov,Jaipur,Tier 2,11-14,Female,Python for Beginners,Coding,6-8,Annual,Online,Completed,100.0,7561.41,4.9
STU12033,2021-11-27,2021,Nov,Delhi,Tier 1,15-17,Male,NEET Crash Course,Competitive Exam,11-12,Annual,Offline,Active,39.8,43931.3,4.8
STU13381,2021-11-27,2021,Nov,Jaipur,Tier 2,11-14,Female,Spoken English Mastery,Skill Development,All,Annual,Online,Trial - Not Converted,18.1,0.0,
STU13851,2021-11-27,2021,Nov,Nagpur,Tier 2,15-17,Female,Spoken English Mastery,Skill Development,All,Quarterly,Online,Active,28.9,1430.32,4.6
STU10563,2021-11-28,2021,Nov,Jodhpur,Tier 3,18+,Male,UPSC Prelims Foundation,Competitive Exam,Graduate,Quarterly,Online,Trial - Not Converted,10.2,0.0,
STU10240,2021-11-28,2021,Nov,Bhopal,Tier 2,6-10,Male,Spoken English Mastery,Skill Development,All,Quarterly,Online,Trial - Not Converted,18.2,0.0,
STU11018,2021-11-28,2021,Nov,Indore,Tier 2,11-14,Female,Python for Beginners,Coding,6-8,Annual,Online,Churned,46.7,7344.75,3.6
STU13816,2021-11-28,2021,Nov,Raipur,Tier 3,15-17,Female,NEET Crash Course,Competitive Exam,11-12,Monthly,Offline,Trial - Not Converted,2.4,0.0,
STU14346,2021-11-28,2021,Nov,Bengaluru,Tier 1,18+,Female,Class 10 CBSE Complete,School Curriculum,10,Annual,Online,Active,30.3,14466.48,4.0
STU10143,2021-11-28,2021,Nov,Chennai,Tier 1,15-17,Female,UPSC Prelims Foundation,Competitive Exam,Graduate,Quarterly,Offline,Active,69.8,13628.91,3.2
STU11193,2021-11-29,2021,Nov,Patna,Tier 2,18+,Female,Class 10 CBSE Complete,School Curriculum,10,Annual,Online,Completed,100.0,13962.25,5.0
STU11652,2021-11-29,2021,Nov,Nagpur,Tier 2,18+,Male,Class 6 Foundation,School Curriculum,6,Quarterly,Online,Churned,59.2,2528.45,3.9
STU13895,2021-11-29,2021,Nov,Chennai,Tier 1,11-14,Male,Robotics & AI Basics,Coding,6-8,Monthly,Online,Trial - Not Converted,17.1,0.0,
STU13068,2021-11-29,2021,Nov,Meerut,Tier 3,11-14,Female,UPSC Prelims Foundation,Competitive Exam,Graduate,Quarterly,Offline,Completed,100.0,13777.44,4.1
STU11862,2021-11-29,2021,Nov,Patna,Tier 2,18+,Male,JEE Main Foundation,Competitive Exam,11-12,Annual,Online,Active,20.8,36554.19,3.6
STU11833,2021-11-30,2021,Nov,Chennai,Tier 1,15-17,Female,Class 8 Maths & Science,School Curriculum,8,Annual,Online,Churned,21.5,10071.73,4.0
STU11898,2021-11-30,2021,Nov,Bengaluru,Tier 1,6-10,Male,Class 6 Foundation,School Curriculum,6,Monthly,Offline,Trial - Not Converted,15.2,0.0,
STU12387,2021-11-30,2021,Nov,Varanasi,Tier 3,6-10,Female,UPSC Prelims Foundation,Competitive Exam,Graduate,Annual,Offline,Active,74.6,52206.77,4.5
STU10640,2021-11-30,2021,Nov,Mumbai,Tier 1,11-14,Male,Class 6 Foundation,School Curriculum,6,Quarterly,Offline,Completed,100.0,2325.91,4.4
STU13967,2021-12-01,2021,Dec,Bengaluru,Tier 1,15-17,Male,JEE Main Foundation,Competitive Exam,11-12,Monthly,Online,Trial - Not Converted,0.5,0.0,
STU11292,2021-12-01,2021,Dec,Hyderabad,Tier 1,18+,Male,Class 10 CBSE Complete,School Curriculum,10,Annual,Offline,Trial - Not Converted,5.2,0.0,
STU11820,2021-12-01,2021,Dec,Nagpur,Tier 2,15-17,Female,Python for Beginners,Coding,6-8,Quarterly,Online,Trial - Not Converted,24.6,0.0,
STU14980,2021-12-02,2021,Dec,Jodhpur,Tier 3,6-10,Male,Class 10 CBSE Complete,School Curriculum,10,Quarterly,Online,Active,52.9,4274.33,4.3
STU10904,2021-12-02,2021,Dec,Ranchi,Tier 3,18+,Male,Spoken English Mastery,Skill Development,All,Annual,Offline,Active,22.4,4745.63,3.9
STU12051,2021-12-03,2021,Dec,Lucknow,Tier 2,15-17,Female,NEET Crash Course,Competitive Exam,11-12,Monthly,Offline,Completed,100.0,4033.23,3.2
STU11192,2021-12-03,2021,Dec,Varanasi,Tier 3,18+,Female,Spoken English Mastery,Skill Development,All,Annual,Online,Completed,100.0,4827.81,3.7
STU15239,2021-12-03,2021,Dec,Nagpur,Tier 2,6-10,Female,NEET Crash Course,Competitive Exam,11-12,Annual,Online,Active,25.1,40805.48,3.7
STU15808,2021-12-03,2021,Dec,Kanpur,Tier 2,6-10,Female,Spoken English Mastery,Skill Development,All,Quarterly,Offline,Churned,59.2,1354.43,3.6
STU15747,2021-12-03,2021,Dec,Pune,Tier 1,15-17,Male,Coding for Kids - Scratch,Coding,3-5,Monthly,Online,Active,53.8,680.66,4.2
STU12977,2021-12-03,2021,Dec,Mumbai,Tier 1,11-14,Male,Python for Beginners,Coding,6-8,Annual,Offline,Active,46.8,7342.82,4.4
STU15060,2021-12-04,2021,Dec,Jaipur,Tier 2,6-10,Female,Class 10 CBSE Complete,School Curriculum,10,Annual,Offline,Active,40.1,15125.06,4.8
STU12319,2021-12-04,2021,Dec,Indore,Tier 2,15-17,Male,Spoken English Mastery,Skill Development,All,Annual,Online,Active,63.8,5097.65,3.5
STU14099,2021-12-04,2021,Dec,Kolkata,Tier 1,18+,Female,Class 6 Foundation,School Curriculum,6,Monthly,Offline,Trial - Not Converted,6.7,0.0,
STU13080,2021-12-04,2021,Dec,Bhopal,Tier 2,6-10,Female,Robotics & AI Basics,Coding,6-8,Quarterly,Online,Active,40.6,3389.34,3.3
STU15029,2021-12-04,2021,Dec,Pune,Tier 1,18+,Female,Class 8 Maths & Science,School Curriculum,8,Quarterly,Online,Active,43.7,2768.64,3.9
STU14997,2021-12-04,2021,Dec,Ahmedabad,Tier 1,15-17,Female,Class 6 Foundation,School Curriculum,6,Quarterly,Online,Active,95.6,2560.5,4.1
STU10343,2021-12-04,2021,Dec,Lucknow,Tier 2,18+,Female,Python for Beginners,Coding,6-8,Quarterly,Offline,Trial - Not Converted,10.7,0.0,
STU13832,2021-12-04,2021,Dec,Kanpur,Tier 2,6-10,Male,Class 6 Foundation,School Curriculum,6,Monthly,Offline,Active,85.5,818.86,4.8
STU13638,2021-12-04,2021,Dec,Bhopal,Tier 2,18+,Female,Class 6 Foundation,School Curriculum,6,Monthly,Online,Active,68.3,872.85,4.1
STU13352,2021-12-04,2021,Dec,Jodhpur,Tier 3,15-17,Male,Class 10 CBSE Complete,School Curriculum,10,Quarterly,Online,Active,65.5,4119.98,5.0
STU12894,2021-12-05,2021,Dec,Mumbai,Tier 1,11-14,Female,NEET Crash Course,Competitive Exam,11-12,Annual,Offline,Active,33.6,40222.07,4.2
STU12734,2021-12-05,2021,Dec,Hyderabad,Tier 1,15-17,Male,Spoken English Mastery,Skill Development,All,Annual,Online,Completed,100.0,4927.49,3.6
STU13373,2021-12-06,2021,Dec,Pune,Tier 1,15-17,Female,Class 6 Foundation,School Curriculum,6,Annual,Online,Trial - Not Converted,11.2,0.0,
STU13508,2021-12-06,2021,Dec,Ranchi,Tier 3,15-17,Male,UPSC Prelims Foundation,Competitive Exam,Graduate,Annual,Offline,Active,59.7,48947.45,4.1
STU14154,2021-12-06,2021,Dec,Ahmedabad,Tier 1,11-14,Male,Python for Beginners,Coding,6-8,Annual,Offline,Active,86.9,7441.55,4.6
STU13754,2021-12-06,2021,Dec,Lucknow,Tier 2,6-10,Female,Class 6 Foundation,School Curriculum,6,Annual,Online,Completed,100.0,8520.25,4.6
STU14213,2021-12-06,2021,Dec,Bhopal,Tier 2,6-10,Male,Robotics & AI Basics,Coding,6-8,Quarterly,Online,Active,42.7,3878.5,4.3
STU14151,2021-12-07,2021,Dec,Ahmedabad,Tier 1,15-17,Female,Class 6 Foundation,School Curriculum,6,Annual,Offline,Completed,100.0,8100.83,4.7
STU14162,2021-12-07,2021,Dec,Kanpur,Tier 2,18+,Male,Coding for Kids - Scratch,Coding,3-5,Monthly,Offline,Active,31.0,649.54,4.5
STU14608,2021-12-08,2021,Dec,Surat,Tier 2,6-10,Female,Class 8 Maths & Science,School Curriculum,8,Monthly,Online,Churned,22.1,1007.04,3.9
STU15081,2021-12-08,2021,Dec,Mumbai,Tier 1,6-10,Male,NEET Crash Course,Competitive Exam,11-12,Monthly,Offline,Active,71.5,4338.27,4.4
STU14155,2021-12-08,2021,Dec,Patna,Tier 2,11-14,Male,UPSC Prelims Foundation,Competitive Exam,Graduate,Quarterly,Online,Trial - Not Converted,14.4,0.0,
STU12941,2021-12-08,2021,Dec,Delhi,Tier 1,11-14,Female,Spoken English Mastery,Skill Development,All,Quarterly,Online,Completed,100.0,1511.78,4.9
STU12467,2021-12-09,2021,Dec,Guwahati,Tier 3,6-10,Male,Class 6 Foundation,School Curriculum,6,Annual,Offline,Completed,100.0,7904.54,4.4
STU13033,2021-12-09,2021,Dec,Jaipur,Tier 2,15-17,Male,Class 8 Maths & Science,School Curriculum,8,Monthly,Offline,Completed,100.0,1034.46,4.6
STU15867,2021-12-09,2021,Dec,Jodhpur,Tier 3,15-17,Female,JEE Main Foundation,Competitive Exam,11-12,Quarterly,Offline,Active,22.9,10619.87,3.5
STU10302,2021-12-09,2021,Dec,Lucknow,Tier 2,6-10,Male,Class 6 Foundation,School Curriculum,6,Annual,Online,Active,88.7,7939.39,3.6
STU14981,2021-12-09,2021,Dec,Meerut,Tier 3,15-17,Male,Class 10 CBSE Complete,School Curriculum,10,Annual,Online,Active,92.1,14398.34,4.3
STU10977,2021-12-09,2021,Dec,Chennai,Tier 1,18+,Male,Class 8 Maths & Science,School Curriculum,8,Annual,Offline,Trial - Not Converted,8.0,0.0,
STU15890,2021-12-10,2021,Dec,Mumbai,Tier 1,18+,Female,Coding for Kids - Scratch,Coding,3-5,Monthly,Online,Active,87.4,620.81,3.8
STU13856,2021-12-10,2021,Dec,Kolkata,Tier 1,6-10,Male,UPSC Prelims Foundation,Competitive Exam,Graduate,Quarterly,Offline,Active,24.1,14992.12,5.0
STU15246,2021-12-10,2021,Dec,Delhi,Tier 1,6-10,Male,NEET Crash Course,Competitive Exam,11-12,Monthly,Offline,Active,39.7,4513.65,5.0
STU12796,2021-12-10,2021,Dec,Mumbai,Tier 1,11-14,Male,UPSC Prelims Foundation,Competitive Exam,Graduate,Quarterly,Online,Active,92.9,14964.18,4.6
STU10393,2021-12-10,2021,Dec,Ahmedabad,Tier 1,15-17,Male,Class 10 CBSE Complete,School Curriculum,10,Monthly,Online,Trial - Not Converted,1.3,0.0,
STU12701,2021-12-11,2021,Dec,Patna,Tier 2,15-17,Female,Spoken English Mastery,Skill Development,All,Annual,Online,Active,61.7,4916.37,4.3
STU13074,2021-12-11,2021,Dec,Kanpur,Tier 2,18+,Female,Robotics & AI Basics,Coding,6-8,Annual,Online,Completed,100.0,12836.7,4.5
STU14830,2021-12-11,2021,Dec,Chennai,Tier 1,6-10,Female,Class 10 CBSE Complete,School Curriculum,10,Monthly,Online,Active,93.7,1499.35,4.1
STU15397,2021-12-11,2021,Dec,Delhi,Tier 1,15-17,Male,Coding for Kids - Scratch,Coding,3-5,Annual,Online,Trial - Not Converted,2.2,0.0,
STU11994,2021-12-11,2021,Dec,Bengaluru,Tier 1,15-17,Female,Python for Beginners,Coding,6-8,Annual,Online,Active,43.6,7258.5,4.2
STU12803,2021-12-11,2021,Dec,Delhi,Tier 1,11-14,Male,Robotics & AI Basics,Coding,6-8,Monthly,Online,Trial - Not Converted,9.3,0.0,
STU10011,2021-12-12,2021,Dec,Surat,Tier 2,15-17,Male,Coding for Kids - Scratch,Coding,3-5,Monthly,Online,Trial - Not Converted,8.5,0.0,
STU11102,2021-12-12,2021,Dec,Jaipur,Tier 2,18+,Male,Robotics & AI Basics,Coding,6-8,Annual,Online,Active,65.8,12006.3,3.6
STU11434,2021-12-13,2021,Dec,Meerut,Tier 3,15-17,Male,Python for Beginners,Coding,6-8,Monthly,Online,Active,74.4,778.22,4.8
STU14405,2021-12-13,2021,Dec,Nagpur,Tier 2,11-14,Male,Class 8 Maths & Science,School Curriculum,8,Annual,Online,Active,75.7,9785.66,4.4
STU15173,2021-12-13,2021,Dec,Mumbai,Tier 1,18+,Female,Class 8 Maths & Science,School Curriculum,8,Quarterly,Offline,Active,81.9,2848.64,4.8
STU13193,2021-12-13,2021,Dec,Lucknow,Tier 2,6-10,Female,Coding for Kids - Scratch,Coding,3-5,Annual,Offline,Completed,100.0,6042.89,4.3
STU15225,2021-12-14,2021,Dec,Chennai,Tier 1,15-17,Male,Spoken English Mastery,Skill Development,All,Annual,Online,Trial - Not Converted,19.1,0.0,
STU12953,2021-12-14,2021,Dec,Bhopal,Tier 2,6-10,Female,NEET Crash Course,Competitive Exam,11-12,Annual,Online,Trial - Not Converted,2.4,0.0,
STU11731,2021-12-14,2021,Dec,Kanpur,Tier 2,18+,Male,JEE Main Foundation,Competitive Exam,11-12,Annual,Online,Active,95.2,36733.58,3.8
STU13100,2021-12-14,2021,Dec,Delhi,Tier 1,15-17,Male,Python for Beginners,Coding,6-8,Annual,Offline,Trial - Not Converted,15.4,0.0,
STU15231,2021-12-14,2021,Dec,Nagpur,Tier 2,18+,Male,Class 8 Maths & Science,School Curriculum,8,Annual,Online,Completed,100.0,9748.02,3.7
STU11392,2021-12-15,2021,Dec,Chennai,Tier 1,6-10,Female,Class 8 Maths & Science,School Curriculum,8,Annual,Online,Active,97.5,9432.77,4.1
STU11744,2021-12-15,2021,Dec,Hyderabad,Tier 1,15-17,Male,Class 8 Maths & Science,School Curriculum,8,Annual,Online,Trial - Not Converted,2.5,0.0,
STU11520,2021-12-15,2021,Dec,Kolkata,Tier 1,6-10,Female,JEE Main Foundation,Competitive Exam,11-12,Quarterly,Online,Active,59.7,10697.35,4.3
STU12353,2021-12-15,2021,Dec,Surat,Tier 2,18+,Male,UPSC Prelims Foundation,Competitive Exam,Graduate,Annual,Online,Active,98.6,48194.4,3.7
STU15725,2021-12-15,2021,Dec,Lucknow,Tier 2,6-10,Female,NEET Crash Course,Competitive Exam,11-12,Annual,Offline,Active,40.8,41305.83,4.2
STU13616,2021-12-16,2021,Dec,Patna,Tier 2,11-14,Female,Coding for Kids - Scratch,Coding,3-5,Annual,Online,Active,89.7,6570.25,3.0
STU10082,2021-12-16,2021,Dec,Ahmedabad,Tier 1,18+,Female,Spoken English Mastery,Skill Development,All,Annual,Online,Trial - Not Converted,5.3,0.0,
STU14523,2021-12-17,2021,Dec,Pune,Tier 1,11-14,Male,NEET Crash Course,Competitive Exam,11-12,Annual,Offline,Active,87.4,40198.7,2.9
STU12093,2021-12-17,2021,Dec,Kanpur,Tier 2,6-10,Male,Class 8 Maths & Science,School Curriculum,8,Quarterly,Online,Active,93.2,2869.73,4.4
STU12542,2021-12-17,2021,Dec,Ahmedabad,Tier 1,6-10,Female,NEET Crash Course,Competitive Exam,11-12,Monthly,Online,Trial - Not Converted,2.6,0.0,
STU11936,2021-12-18,2021,Dec,Ahmedabad,Tier 1,18+,Female,NEET Crash Course,Competitive Exam,11-12,Monthly,Online,Trial - Not Converted,3.5,0.0,
STU12474,2021-12-18,2021,Dec,Chennai,Tier 1,11-14,Male,Robotics & AI Basics,Coding,6-8,Annual,Online,Active,47.1,12427.51,3.2
STU11641,2021-12-18,2021,Dec,Guwahati,Tier 3,18+,Male,Class 6 Foundation,School Curriculum,6,Quarterly,Online,Trial - Not Converted,2.2,0.0,
STU11401,2021-12-19,2021,Dec,Chennai,Tier 1,11-14,Male,Class 8 Maths & Science,School Curriculum,8,Annual,Online,Completed,100.0,9362.89,3.2
STU13567,2021-12-19,2021,Dec,Bengaluru,Tier 1,15-17,Male,Class 10 CBSE Complete,School Curriculum,10,Quarterly,Online,Active,31.9,4051.68,4.6
STU10566,2021-12-19,2021,Dec,Kota,Tier 3,15-17,Male,Class 10 CBSE Complete,School Curriculum,10,Annual,Online,Trial - Not Converted,22.2,0.0,
STU10784,2021-12-19,2021,Dec,Surat,Tier 2,18+,Female,Class 8 Maths & Science,School Curriculum,8,Annual,Online,Active,57.5,10201.49,4.6
STU12115,2021-12-20,2021,Dec,Mumbai,Tier 1,11-14,Male,Class 8 Maths & Science,School Curriculum,8,Monthly,Online,Completed,100.0,1015.1,4.3
STU11875,2021-12-20,2021,Dec,Kolkata,Tier 1,11-14,Male,Coding for Kids - Scratch,Coding,3-5,Annual,Online,Active,83.2,6349.41,4.4
STU12272,2021-12-20,2021,Dec,Mumbai,Tier 1,15-17,Female,Class 8 Maths & Science,School Curriculum,8,Annual,Offline,Trial - Not Converted,0.1,0.0,
STU12285,2021-12-20,2021,Dec,Surat,Tier 2,6-10,Male,NEET Crash Course,Competitive Exam,11-12,Annual,Offline,Active,46.2,43132.7,5.0
STU14362,2021-12-21,2021,Dec,Ranchi,Tier 3,15-17,Female,NEET Crash Course,Competitive Exam,11-12,Annual,Offline,Active,20.8,42971.07,4.4
STU13464,2021-12-21,2021,Dec,Pune,Tier 1,15-17,Male,Coding for Kids - Scratch,Coding,3-5,Quarterly,Online,Active,79.1,1828.37,3.0
STU12562,2021-12-21,2021,Dec,Bengaluru,Tier 1,18+,Female,Coding for Kids - Scratch,Coding,3-5,Monthly,Online,Trial - Not Converted,14.4,0.0,
STU14729,2021-12-21,2021,Dec,Varanasi,Tier 3,18+,Female,NEET Crash Course,Competitive Exam,11-12,Annual,Offline,Trial - Not Converted,4.1,0.0,
STU12532,2021-12-22,2021,Dec,Pune,Tier 1,15-17,Female,Python for Beginners,Coding,6-8,Quarterly,Online,Active,82.1,2465.04,4.6
STU12642,2021-12-22,2021,Dec,Patna,Tier 2,11-14,Female,Class 10 CBSE Complete,School Curriculum,10,Annual,Online,Active,61.5,14389.49,4.6
STU11602,2021-12-22,2021,Dec,Kanpur,Tier 2,18+,Male,NEET Crash Course,Competitive Exam,11-12,Annual,Online,Trial - Not Converted,0.1,0.0,
STU11971,2021-12-22,2021,Dec,Hyderabad,Tier 1,18+,Male,Robotics & AI Basics,Coding,6-8,Monthly,Online,Churned,12.6,1299.24,5.0
STU15581,2021-12-22,2021,Dec,Patna,Tier 2,6-10,Female,Class 6 Foundation,School Curriculum,6,Annual,Offline,Completed,100.0,8263.07,4.5
STU14619,2021-12-23,2021,Dec,Mumbai,Tier 1,6-10,Female,Class 10 CBSE Complete,School Curriculum,10,Monthly,Online,Active,39.1,1505.61,4.7
STU10059,2021-12-23,2021,Dec,Kolkata,Tier 1,11-14,Male,Class 8 Maths & Science,School Curriculum,8,Quarterly,Online,Churned,40.1,3120.19,5.0
STU14227,2021-12-24,2021,Dec,Bengaluru,Tier 1,6-10,Male,NEET Crash Course,Competitive Exam,11-12,Quarterly,Online,Completed,100.0,12040.5,4.7
STU13987,2021-12-24,2021,Dec,Pune,Tier 1,6-10,Female,UPSC Prelims Foundation,Competitive Exam,Graduate,Quarterly,Online,Active,21.3,15335.36,4.0
STU11683,2021-12-24,2021,Dec,Ranchi,Tier 3,18+,Male,Class 10 CBSE Complete,School Curriculum,10,Annual,Online,Trial - Not Converted,11.3,0.0,
STU11601,2021-12-26,2021,Dec,Mumbai,Tier 1,11-14,Female,Coding for Kids - Scratch,Coding,3-5,Quarterly,Online,Completed,100.0,1850.2,4.5
STU13583,2021-12-26,2021,Dec,Surat,Tier 2,11-14,Male,Python for Beginners,Coding,6-8,Annual,Offline,Active,51.1,7845.23,3.9
STU11682,2021-12-27,2021,Dec,Hyderabad,Tier 1,15-17,Male,Spoken English Mastery,Skill Development,All,Quarterly,Online,Churned,27.2,1359.07,4.6
STU14477,2021-12-27,2021,Dec,Bengaluru,Tier 1,15-17,Male,JEE Main Foundation,Competitive Exam,11-12,Annual,Online,Trial - Not Converted,23.0,0.0,
STU14785,2021-12-27,2021,Dec,Surat,Tier 2,6-10,Female,UPSC Prelims Foundation,Competitive Exam,Graduate,Monthly,Offline,Trial - Not Converted,13.2,0.0,
STU15671,2021-12-27,2021,Dec,Bengaluru,Tier 1,18+,Male,Spoken English Mastery,Skill Development,All,Annual,Online,Completed,100.0,4903.16,3.2
STU13292,2021-12-28,2021,Dec,Guwahati,Tier 3,6-10,Male,Coding for Kids - Scratch,Coding,3-5,Annual,Online,Completed,100.0,6349.83,3.9
STU14287,2021-12-28,2021,Dec,Indore,Tier 2,18+,Female,NEET Crash Course,Competitive Exam,11-12,Quarterly,Offline,Completed,100.0,13415.69,3.1
STU15876,2021-12-28,2021,Dec,Indore,Tier 2,18+,Male,Coding for Kids - Scratch,Coding,3-5,Quarterly,Offline,Active,22.1,1841.17,4.5
STU15286,2021-12-28,2021,Dec,Pune,Tier 1,6-10,Female,UPSC Prelims Foundation,Competitive Exam,Graduate,Annual,Offline,Active,77.1,46979.76,4.7
STU15824,2021-12-28,2021,Dec,Ranchi,Tier 3,11-14,Male,Spoken English Mastery,Skill Development,All,Annual,Online,Churned,39.6,4745.17,4.2
STU15798,2021-12-28,2021,Dec,Jodhpur,Tier 3,15-17,Female,Robotics & AI Basics,Coding,6-8,Annual,Online,Active,74.5,12459.69,3.2
STU14558,2021-12-29,2021,Dec,Lucknow,Tier 2,15-17,Female,UPSC Prelims Foundation,Competitive Exam,Graduate,Quarterly,Offline,Active,89.3,14942.47,4.4
STU14316,2021-12-29,2021,Dec,Ahmedabad,Tier 1,11-14,Male,Robotics & AI Basics,Coding,6-8,Monthly,Online,Active,33.4,1175.48,3.8
STU11912,2021-12-30,2021,Dec,Delhi,Tier 1,11-14,Female,Robotics & AI Basics,Coding,6-8,Monthly,Online,Active,78.6,1240.85,3.7
STU12594,2021-12-30,2021,Dec,Surat,Tier 2,15-17,Female,UPSC Prelims Foundation,Competitive Exam,Graduate,Annual,Online,Active,32.1,45106.38,3.7
STU14086,2021-12-30,2021,Dec,Pune,Tier 1,6-10,Female,Class 10 CBSE Complete,School Curriculum,10,Annual,Online,Active,46.2,14422.64,4.0
STU15936,2021-12-30,2021,Dec,Bhopal,Tier 2,6-10,Male,NEET Crash Course,Competitive Exam,11-12,Monthly,Online,Active,93.9,4011.11,4.4
STU12187,2021-12-30,2021,Dec,Bengaluru,Tier 1,11-14,Male,NEET Crash Course,Competitive Exam,11-12,Monthly,Offline,Active,84.3,4210.77,4.5
STU12289,2021-12-31,2021,Dec,Lucknow,Tier 2,15-17,Female,Spoken English Mastery,Skill Development,All,Annual,Online,Churned,44.7,5005.59,4.9
STU11301,2021-12-31,2021,Dec,Bhopal,Tier 2,18+,Male,Class 8 Maths & Science,School Curriculum,8,Monthly,Online,Churned,17.2,1047.59,3.8
STU12128,2021-12-31,2021,Dec,Chennai,Tier 1,6-10,Male,Coding for Kids - Scratch,Coding,3-5,Annual,Online,Active,73.9,6177.11,4.7
STU10389,2021-12-31,2021,Dec,Mumbai,Tier 1,15-17,Female,Class 6 Foundation,School Curriculum,6,Monthly,Offline,Active,73.8,803.33,4.5
STU10838,2022-01-01,2022,Jan,Surat,Tier 2,11-14,Male,JEE Main Foundation,Competitive Exam,11-12,Quarterly,Online,Active,77.2,10776.44,4.0
STU13396,2022-01-01,2022,Jan,Bhopal,Tier 2,15-17,Male,Class 6 Foundation,School Curriculum,6,Annual,Offline,Completed,100.0,7840.75,4.2
STU12666,2022-01-01,2022,Jan,Pune,Tier 1,11-14,Male,UPSC Prelims Foundation,Competitive Exam,Graduate,Quarterly,Online,Active,57.1,14203.51,3.9
STU14615,2022-01-01,2022,Jan,Surat,Tier 2,6-10,Female,JEE Main Foundation,Competitive Exam,11-12,Monthly,Online,Trial - Not Converted,8.4,0.0,
STU15741,2022-01-01,2022,Jan,Surat,Tier 2,11-14,Male,Python for Beginners,Coding,6-8,Annual,Online,Active,26.5,7177.66,4.4
STU15052,2022-01-02,2022,Jan,Hyderabad,Tier 1,18+,Male,UPSC Prelims Foundation,Competitive Exam,Graduate,Annual,Online,Active,93.1,46486.01,3.7
STU14161,2022-01-02,2022,Jan,Kota,Tier 3,11-14,Female,Class 6 Foundation,School Curriculum,6,Annual,Offline,Active,91.9,7816.13,5.0
STU10012,2022-01-02,2022,Jan,Delhi,Tier 1,6-10,Male,Robotics & AI Basics,Coding,6-8,Quarterly,Online,Active,39.4,3419.62,3.5
STU15709,2022-01-02,2022,Jan,Surat,Tier 2,15-17,Male,Python for Beginners,Coding,6-8,Quarterly,Online,Active,83.8,2148.65,3.6
STU10988,2022-01-02,2022,Jan,Bhopal,Tier 2,18+,Female,Coding for Kids - Scratch,Coding,3-5,Quarterly,Online,Active,74.3,1954.25,3.9
STU10224,2022-01-02,2022,Jan,Mumbai,Tier 1,15-17,Male,Spoken English Mastery,Skill Development,All,Quarterly,Online,Completed,100.0,1470.7,4.6
STU12484,2022-01-03,2022,Jan,Ranchi,Tier 3,15-17,Male,UPSC Prelims Foundation,Competitive Exam,Graduate,Annual,Online,Churned,24.2,47799.95,4.0
STU12136,2022-01-03,2022,Jan,Mumbai,Tier 1,15-17,Female,Spoken English Mastery,Skill Development,All,Annual,Online,Active,74.6,5178.46,3.9
STU15230,2022-01-03,2022,Jan,Raipur,Tier 3,18+,Female,NEET Crash Course,Competitive Exam,11-12,Annual,Offline,Active,40.3,41537.58,4.8
STU12204,2022-01-03,2022,Jan,Nagpur,Tier 2,11-14,Male,Class 10 CBSE Complete,School Curriculum,10,Monthly,Online,Completed,100.0,1453.73,4.7
STU15489,2022-01-04,2022,Jan,Delhi,Tier 1,18+,Male,Robotics & AI Basics,Coding,6-8,Monthly,Online,Trial - Not Converted,16.6,0.0,
STU11841,2022-01-04,2022,Jan,Hyderabad,Tier 1,6-10,Male,UPSC Prelims Foundation,Competitive Exam,Graduate,Monthly,Offline,Trial - Not Converted,16.2,0.0,
STU11958,2022-01-04,2022,Jan,Ahmedabad,Tier 1,18+,Female,Class 8 Maths & Science,School Curriculum,8,Annual,Offline,Trial - Not Converted,9.3,0.0,
STU13469,2022-01-05,2022,Jan,Jaipur,Tier 2,18+,Male,Class 8 Maths & Science,School Curriculum,8,Annual,Offline,Active,29.1,9396.24,3.8
STU15933,2022-01-05,2022,Jan,Ranchi,Tier 3,6-10,Female,Python for Beginners,Coding,6-8,Quarterly,Online,Active,89.7,2477.87,3.9
STU15336,2022-01-05,2022,Jan,Pune,Tier 1,6-10,Male,Class 8 Maths & Science,School Curriculum,8,Annual,Online,Active,99.6,9863.82,3.3
STU14936,2022-01-05,2022,Jan,Bengaluru,Tier 1,18+,Female,UPSC Prelims Foundation,Competitive Exam,Graduate,Annual,Online,Churned,13.1,51583.83,4.3
STU11664,2022-01-06,2022,Jan,Chennai,Tier 1,11-14,Female,JEE Main Foundation,Competitive Exam,11-12,Quarterly,Online,Active,63.8,11579.89,3.8
STU14909,2022-01-06,2022,Jan,Meerut,Tier 3,18+,Male,Robotics & AI Basics,Coding,6-8,Quarterly,Online,Active,60.3,3427.0,4.5
STU10607,2022-01-07,2022,Jan,Jaipur,Tier 2,15-17,Female,Class 10 CBSE Complete,School Curriculum,10,Annual,Offline,Trial - Not Converted,2.2,0.0,
STU12440,2022-01-07,2022,Jan,Kolkata,Tier 1,15-17,Female,Class 10 CBSE Complete,School Curriculum,10,Quarterly,Offline,Active,30.4,4078.65,5.0
STU15825,2022-01-07,2022,Jan,Pune,Tier 1,6-10,Male,Coding for Kids - Scratch,Coding,3-5,Monthly,Offline,Active,96.5,659.02,3.7
STU15451,2022-01-08,2022,Jan,Bengaluru,Tier 1,11-14,Female,UPSC Prelims Foundation,Competitive Exam,Graduate,Monthly,Offline,Active,69.5,4611.92,3.6
STU14815,2022-01-09,2022,Jan,Kota,Tier 3,6-10,Female,Spoken English Mastery,Skill Development,All,Annual,Online,Active,30.1,4674.56,4.5
STU10106,2022-01-09,2022,Jan,Kolkata,Tier 1,11-14,Female,Class 8 Maths & Science,School Curriculum,8,Annual,Offline,Churned,34.7,9677.16,5.0
STU12761,2022-01-10,2022,Jan,Ahmedabad,Tier 1,18+,Female,Robotics & AI Basics,Coding,6-8,Monthly,Online,Active,56.2,1253.59,4.5
STU13447,2022-01-10,2022,Jan,Mumbai,Tier 1,6-10,Male,NEET Crash Course,Competitive Exam,11-12,Annual,Offline,Completed,100.0,44380.23,4.2
STU12651,2022-01-10,2022,Jan,Patna,Tier 2,6-10,Female,Spoken English Mastery,Skill Development,All,Annual,Online,Active,66.6,5135.5,4.1
STU15731,2022-01-10,2022,Jan,Delhi,Tier 1,11-14,Male,Coding for Kids - Scratch,Coding,3-5,Monthly,Online,Active,55.5,628.99,4.7
STU15559,2022-01-11,2022,Jan,Bhopal,Tier 2,15-17,Male,Class 6 Foundation,School Curriculum,6,Monthly,Offline,Active,49.0,778.13,4.0
STU13448,2022-01-11,2022,Jan,Indore,Tier 2,11-14,Female,Class 10 CBSE Complete,School Curriculum,10,Quarterly,Online,Active,78.8,4251.65,4.2
STU13483,2022-01-12,2022,Jan,Pune,Tier 1,18+,Male,Class 6 Foundation,School Curriculum,6,Monthly,Online,Trial - Not Converted,5.8,0.0,
STU14472,2022-01-12,2022,Jan,Jodhpur,Tier 3,6-10,Female,Class 8 Maths & Science,School Curriculum,8,Monthly,Offline,Completed,100.0,923.12,4.1
STU12329,2022-01-12,2022,Jan,Kota,Tier 3,6-10,Male,Class 8 Maths & Science,School Curriculum,8,Quarterly,Online,Trial - Not Converted,0.5,0.0,
STU15344,2022-01-13,2022,Jan,Mumbai,Tier 1,18+,Male,NEET Crash Course,Competitive Exam,11-12,Annual,Online,Trial - Not Converted,7.1,0.0,
STU11501,2022-01-14,2022,Jan,Nagpur,Tier 2,18+,Female,NEET Crash Course,Competitive Exam,11-12,Annual,Offline,Completed,100.0,43450.62,4.9
STU14467,2022-01-14,2022,Jan,Pune,Tier 1,18+,Male,Class 8 Maths & Science,School Curriculum,8,Quarterly,Online,Active,20.8,3050.42,3.7
STU12587,2022-01-15,2022,Jan,Surat,Tier 2,6-10,Female,Spoken English Mastery,Skill Development,All,Quarterly,Online,Active,96.8,1356.23,3.9
STU11042,2022-01-15,2022,Jan,Bhopal,Tier 2,15-17,Male,Spoken English Mastery,Skill Development,All,Annual,Online,Active,29.3,4875.93,4.3
STU14223,2022-01-15,2022,Jan,Pune,Tier 1,6-10,Male,UPSC Prelims Foundation,Competitive Exam,Graduate,Annual,Online,Active,41.0,46023.81,4.9
STU11770,2022-01-15,2022,Jan,Bengaluru,Tier 1,18+,Male,Coding for Kids - Scratch,Coding,3-5,Monthly,Online,Active,59.0,697.32,4.1
STU15151,2022-01-15,2022,Jan,Kolkata,Tier 1,18+,Female,JEE Main Foundation,Competitive Exam,11-12,Quarterly,Offline,Active,27.9,10995.13,3.9
STU13673,2022-01-15,2022,Jan,Pune,Tier 1,6-10,Male,NEET Crash Course,Competitive Exam,11-12,Quarterly,Online,Active,93.6,11772.95,3.9
STU10251,2022-01-16,2022,Jan,Chennai,Tier 1,15-17,Male,Python for Beginners,Coding,6-8,Quarterly,Online,Completed,100.0,2476.16,2.8
STU11827,2022-01-16,2022,Jan,Pune,Tier 1,6-10,Male,NEET Crash Course,Competitive Exam,11-12,Monthly,Offline,Active,32.5,3909.11,4.0
STU14696,2022-01-16,2022,Jan,Pune,Tier 1,18+,Female,NEET Crash Course,Competitive Exam,11-12,Quarterly,Offline,Trial - Not Converted,19.0,0.0,
STU11974,2022-01-16,2022,Jan,Raipur,Tier 3,6-10,Female,Spoken English Mastery,Skill Development,All,Annual,Online,Completed,100.0,4599.11,4.1
STU12126,2022-01-17,2022,Jan,Kanpur,Tier 2,18+,Female,JEE Main Foundation,Competitive Exam,11-12,Annual,Online,Active,34.4,34746.43,3.2
STU13170,2022-01-17,2022,Jan,Kolkata,Tier 1,11-14,Male,Python for Beginners,Coding,6-8,Quarterly,Online,Trial - Not Converted,19.6,0.0,
STU10521,2022-01-17,2022,Jan,Delhi,Tier 1,11-14,Female,NEET Crash Course,Competitive Exam,11-12,Quarterly,Online,Trial - Not Converted,6.8,0.0,
STU11033,2022-01-18,2022,Jan,Nagpur,Tier 2,6-10,Female,Coding for Kids - Scratch,Coding,3-5,Quarterly,Online,Active,56.2,2037.88,4.3
STU12897,2022-01-18,2022,Jan,Surat,Tier 2,18+,Male,Class 8 Maths & Science,School Curriculum,8,Annual,Online,Active,40.2,10266.05,4.0
STU14841,2022-01-18,2022,Jan,Chennai,Tier 1,6-10,Male,Spoken English Mastery,Skill Development,All,Annual,Online,Active,89.8,4526.33,3.9
STU12905,2022-01-18,2022,Jan,Mumbai,Tier 1,11-14,Female,Coding for Kids - Scratch,Coding,3-5,Monthly,Online,Completed,100.0,688.34,4.7
STU12165,2022-01-18,2022,Jan,Pune,Tier 1,11-14,Female,Class 6 Foundation,School Curriculum,6,Monthly,Offline,Active,90.2,829.95,4.5
STU13302,2022-01-18,2022,Jan,Surat,Tier 2,18+,Male,Class 8 Maths & Science,School Curriculum,8,Annual,Offline,Completed,100.0,9826.9,4.8
STU13351,2022-01-18,2022,Jan,Surat,Tier 2,18+,Female,Python for Beginners,Coding,6-8,Annual,Online,Active,99.8,7740.94,4.3
STU14627,2022-01-18,2022,Jan,Ahmedabad,Tier 1,6-10,Male,Spoken English Mastery,Skill Development,All,Annual,Online,Active,62.8,5157.45,4.5
STU15348,2022-01-18,2022,Jan,Lucknow,Tier 2,15-17,Male,Python for Beginners,Coding,6-8,Monthly,Online,Trial - Not Converted,17.8,0.0,
STU12251,2022-01-18,2022,Jan,Mumbai,Tier 1,18+,Female,Class 6 Foundation,School Curriculum,6,Annual,Online,Active,66.7,7570.76,4.9
STU12558,2022-01-18,2022,Jan,Chennai,Tier 1,6-10,Male,Coding for Kids - Scratch,Coding,3-5,Annual,Online,Trial - Not Converted,11.1,0.0,
STU13795,2022-01-18,2022,Jan,Pune,Tier 1,6-10,Male,Class 6 Foundation,School Curriculum,6,Annual,Offline,Active,88.8,8206.91,4.0
STU15021,2022-01-19,2022,Jan,Meerut,Tier 3,18+,Male,Python for Beginners,Coding,6-8,Quarterly,Online,Active,29.5,2427.52,5.0
STU12081,2022-01-19,2022,Jan,Surat,Tier 2,11-14,Female,Robotics & AI Basics,Coding,6-8,Monthly,Online,Churned,54.8,1209.47,4.1
STU10822,2022-01-20,2022,Jan,Indore,Tier 2,15-17,Female,NEET Crash Course,Competitive Exam,11-12,Annual,Online,Trial - Not Converted,10.8,0.0,
STU12374,2022-01-20,2022,Jan,Varanasi,Tier 3,18+,Male,JEE Main Foundation,Competitive Exam,11-12,Monthly,Online,Active,21.3,3907.98,3.5
STU11609,2022-01-20,2022,Jan,Chennai,Tier 1,18+,Female,Coding for Kids - Scratch,Coding,3-5,Quarterly,Online,Active,79.0,1980.75,4.6
STU13894,2022-01-20,2022,Jan,Varanasi,Tier 3,11-14,Male,JEE Main Foundation,Competitive Exam,11-12,Quarterly,Online,Active,98.9,10889.76,4.4
STU15548,2022-01-20,2022,Jan,Nagpur,Tier 2,6-10,Female,Robotics & AI Basics,Coding,6-8,Monthly,Offline,Active,98.9,1126.48,3.9
STU14107,2022-01-20,2022,Jan,Bengaluru,Tier 1,11-14,Female,Spoken English Mastery,Skill Development,All,Annual,Offline,Active,51.4,4757.2,4.0
STU11127,2022-01-21,2022,Jan,Bhopal,Tier 2,11-14,Male,Spoken English Mastery,Skill Development,All,Quarterly,Online,Churned,38.9,1350.28,4.5
STU11425,2022-01-21,2022,Jan,Nagpur,Tier 2,15-17,Female,JEE Main Foundation,Competitive Exam,11-12,Annual,Online,Completed,100.0,33906.34,4.2
STU12259,2022-01-21,2022,Jan,Bengaluru,Tier 1,15-17,Male,Robotics & AI Basics,Coding,6-8,Monthly,Online,Active,54.6,1221.18,4.3
STU13772,2022-01-22,2022,Jan,Delhi,Tier 1,18+,Male,Python for Beginners,Coding,6-8,Quarterly,Online,Active,33.1,2221.67,4.9
STU15875,2022-01-22,2022,Jan,Pune,Tier 1,6-10,Female,Class 10 CBSE Complete,School Curriculum,10,Annual,Online,Churned,51.3,14369.76,3.7
STU12954,2022-01-22,2022,Jan,Mumbai,Tier 1,6-10,Male,Class 8 Maths & Science,School Curriculum,8,Annual,Online,Churned,56.8,9910.8,4.2
STU10570,2022-01-23,2022,Jan,Chennai,Tier 1,11-14,Female,Coding for Kids - Scratch,Coding,3-5,Annual,Online,Churned,24.5,6070.63,5.0
STU15206,2022-01-23,2022,Jan,Guwahati,Tier 3,15-17,Female,JEE Main Foundation,Competitive Exam,11-12,Quarterly,Offline,Completed,100.0,10849.74,4.0
STU11647,2022-01-23,2022,Jan,Kolkata,Tier 1,15-17,Male,Python for Beginners,Coding,6-8,Annual,Online,Trial - Not Converted,19.7,0.0,
STU10730,2022-01-24,2022,Jan,Jaipur,Tier 2,11-14,Male,UPSC Prelims Foundation,Competitive Exam,Graduate,Annual,Offline,Trial - Not Converted,10.2,0.0,
STU11565,2022-01-25,2022,Jan,Hyderabad,Tier 1,6-10,Male,UPSC Prelims Foundation,Competitive Exam,Graduate,Annual,Offline,Active,52.5,45956.04,3.4
STU14550,2022-01-25,2022,Jan,Ahmedabad,Tier 1,6-10,Female,Spoken English Mastery,Skill Development,All,Annual,Online,Trial - Not Converted,11.7,0.0,
STU12645,2022-01-25,2022,Jan,Chennai,Tier 1,15-17,Female,Class 10 CBSE Complete,School Curriculum,10,Annual,Offline,Active,82.3,15097.68,4.9
STU10568,2022-01-26,2022,Jan,Patna,Tier 2,6-10,Male,Class 10 CBSE Complete,School Curriculum,10,Quarterly,Offline,Active,78.2,4343.37,2.8
STU11172,2022-01-26,2022,Jan,Kolkata,Tier 1,18+,Female,Class 8 Maths & Science,School Curriculum,8,Quarterly,Online,Completed,100.0,2941.23,3.7
STU15863,2022-01-26,2022,Jan,Bengaluru,Tier 1,15-17,Male,UPSC Prelims Foundation,Competitive Exam,Graduate,Annual,Offline,Active,68.2,51313.78,3.4
STU12612,2022-01-27,2022,Jan,Nagpur,Tier 2,15-17,Male,Robotics & AI Basics,Coding,6-8,Monthly,Online,Active,65.8,1161.47,4.4
STU15884,2022-01-27,2022,Jan,Raipur,Tier 3,11-14,Male,Class 8 Maths & Science,School Curriculum,8,Quarterly,Offline,Active,28.3,2954.79,5.0
STU15701,2022-01-27,2022,Jan,Patna,Tier 2,6-10,Female,Class 6 Foundation,School Curriculum,6,Monthly,Online,Active,40.2,838.15,5.0
STU10019,2022-01-27,2022,Jan,Varanasi,Tier 3,11-14,Male,Class 6 Foundation,School Curriculum,6,Annual,Offline,Active,26.9,7816.75,4.2
STU12380,2022-01-27,2022,Jan,Chennai,Tier 1,11-14,Male,Robotics & AI Basics,Coding,6-8,Quarterly,Online,Active,93.2,3470.22,4.1
STU10970,2022-01-27,2022,Jan,Ahmedabad,Tier 1,15-17,Female,Class 6 Foundation,School Curriculum,6,Monthly,Online,Churned,28.4,788.36,4.4
STU13414,2022-01-27,2022,Jan,Pune,Tier 1,11-14,Female,Spoken English Mastery,Skill Development,All,Annual,Offline,Churned,34.6,4600.25,4.5
STU14768,2022-01-28,2022,Jan,Nagpur,Tier 2,11-14,Male,Robotics & AI Basics,Coding,6-8,Annual,Online,Active,47.6,13109.75,5.0
STU12032,2022-01-28,2022,Jan,Guwahati,Tier 3,18+,Male,NEET Crash Course,Competitive Exam,11-12,Monthly,Offline,Trial - Not Converted,23.0,0.0,
STU11678,2022-01-28,2022,Jan,Chennai,Tier 1,15-17,Female,Spoken English Mastery,Skill Development,All,Annual,Online,Active,95.5,4620.1,4.1
STU14140,2022-01-28,2022,Jan,Jaipur,Tier 2,15-17,Female,Class 6 Foundation,School Curriculum,6,Annual,Online,Churned,41.1,7529.94,3.7
STU15927,2022-01-28,2022,Jan,Patna,Tier 2,15-17,Female,Spoken English Mastery,Skill Development,All,Annual,Offline,Churned,49.2,4837.73,4.6
STU15622,2022-01-28,2022,Jan,Hyderabad,Tier 1,6-10,Female,Class 8 Maths & Science,School Curriculum,8,Annual,Offline,Trial - Not Converted,3.3,0.0,
STU14592,2022-01-28,2022,Jan,Nagpur,Tier 2,15-17,Male,Coding for Kids - Scratch,Coding,3-5,Annual,Online,Trial - Not Converted,21.3,0.0,
STU10084,2022-01-29,2022,Jan,Hyderabad,Tier 1,6-10,Male,Robotics & AI Basics,Coding,6-8,Annual,Online,Active,55.1,11749.96,3.1
STU13139,2022-01-29,2022,Jan,Chennai,Tier 1,15-17,Male,Robotics & AI Basics,Coding,6-8,Annual,Online,Active,49.1,12914.89,5.0
STU11976,2022-01-30,2022,Jan,Pune,Tier 1,18+,Male,NEET Crash Course,Competitive Exam,11-12,Annual,Online,Churned,35.3,43374.04,4.6
STU11782,2022-01-30,2022,Jan,Patna,Tier 2,6-10,Male,UPSC Prelims Foundation,Competitive Exam,Graduate,Annual,Offline,Active,22.1,45317.31,4.9
STU11132,2022-01-30,2022,Jan,Bhopal,Tier 2,11-14,Female,NEET Crash Course,Competitive Exam,11-12,Annual,Offline,Completed,100.0,40071.9,4.6
STU14320,2022-01-30,2022,Jan,Kolkata,Tier 1,18+,Male,Class 8 Maths & Science,School Curriculum,8,Annual,Online,Trial - Not Converted,4.7,0.0,
STU13369,2022-01-31,2022,Jan,Varanasi,Tier 3,11-14,Female,JEE Main Foundation,Competitive Exam,11-12,Annual,Offline,Trial - Not Converted,2.4,0.0,
STU14269,2022-01-31,2022,Jan,Pune,Tier 1,11-14,Female,Class 10 CBSE Complete,School Curriculum,10,Annual,Online,Trial - Not Converted,3.0,0.0,
STU12424,2022-01-31,2022,Jan,Kanpur,Tier 2,11-14,Male,NEET Crash Course,Competitive Exam,11-12,Quarterly,Online,Active,71.1,13240.14,3.4
STU15961,2022-01-31,2022,Jan,Mumbai,Tier 1,18+,Male,UPSC Prelims Foundation,Competitive Exam,Graduate,Annual,Online,Active,30.9,48699.22,5.0
STU14536,2022-02-01,2022,Feb,Bhopal,Tier 2,11-14,Female,UPSC Prelims Foundation,Competitive Exam,Graduate,Annual,Offline,Completed,100.0,50877.18,3.6
STU12346,2022-02-01,2022,Feb,Lucknow,Tier 2,11-14,Male,Class 6 Foundation,School Curriculum,6,Annual,Online,Active,34.7,8113.05,3.7
STU13380,2022-02-01,2022,Feb,Nagpur,Tier 2,18+,Male,NEET Crash Course,Competitive Exam,11-12,Annual,Offline,Active,48.6,43064.39,3.4
STU14740,2022-02-01,2022,Feb,Lucknow,Tier 2,6-10,Male,Python for Beginners,Coding,6-8,Quarterly,Online,Churned,48.8,2162.16,3.7
STU13135,2022-02-02,2022,Feb,Kanpur,Tier 2,18+,Male,Class 8 Maths & Science,School Curriculum,8,Annual,Online,Active,71.8,9076.4,4.3
STU12849,2022-02-02,2022,Feb,Nagpur,Tier 2,11-14,Male,Class 10 CBSE Complete,School Curriculum,10,Monthly,Offline,Completed,100.0,1543.13,4.1
STU12072,2022-02-02,2022,Feb,Ahmedabad,Tier 1,11-14,Male,Robotics & AI Basics,Coding,6-8,Quarterly,Online,Active,78.5,3929.62,4.8
STU15340,2022-02-02,2022,Feb,Delhi,Tier 1,15-17,Female,NEET Crash Course,Competitive Exam,11-12,Quarterly,Offline,Trial - Not Converted,1.9,0.0,
STU10168,2022-02-03,2022,Feb,Lucknow,Tier 2,15-17,Female,Robotics & AI Basics,Coding,6-8,Quarterly,Online,Active,49.6,3657.31,4.5
STU12432,2022-02-03,2022,Feb,Nagpur,Tier 2,18+,Female,UPSC Prelims Foundation,Competitive Exam,Graduate,Quarterly,Online,Active,62.9,14913.51,4.8
STU14060,2022-02-03,2022,Feb,Bengaluru,Tier 1,11-14,Female,UPSC Prelims Foundation,Competitive Exam,Graduate,Annual,Offline,Active,21.5,50246.85,4.8
STU11074,2022-02-04,2022,Feb,Guwahati,Tier 3,18+,Male,Coding for Kids - Scratch,Coding,3-5,Monthly,Online,Churned,47.0,686.15,4.6
STU13453,2022-02-04,2022,Feb,Nagpur,Tier 2,18+,Female,UPSC Prelims Foundation,Competitive Exam,Graduate,Annual,Online,Active,34.3,45526.68,4.9
STU13489,2022-02-04,2022,Feb,Nagpur,Tier 2,11-14,Female,Python for Beginners,Coding,6-8,Quarterly,Online,Trial - Not Converted,16.2,0.0,
STU14606,2022-02-04,2022,Feb,Patna,Tier 2,15-17,Female,JEE Main Foundation,Competitive Exam,11-12,Quarterly,Online,Active,41.3,10307.08,4.3
STU10159,2022-02-05,2022,Feb,Bhopal,Tier 2,15-17,Male,Python for Beginners,Coding,6-8,Monthly,Offline,Trial - Not Converted,21.2,0.0,
STU14066,2022-02-05,2022,Feb,Hyderabad,Tier 1,11-14,Female,Coding for Kids - Scratch,Coding,3-5,Quarterly,Online,Active,39.7,2041.94,4.6
STU10044,2022-02-05,2022,Feb,Ranchi,Tier 3,11-14,Male,JEE Main Foundation,Competitive Exam,11-12,Annual,Online,Active,84.1,35517.24,4.7
STU12800,2022-02-06,2022,Feb,Raipur,Tier 3,18+,Female,Class 6 Foundation,School Curriculum,6,Annual,Online,Active,26.9,8033.6,3.7
STU14114,2022-02-06,2022,Feb,Jaipur,Tier 2,15-17,Female,Spoken English Mastery,Skill Development,All,Monthly,Online,Active,30.8,464.28,3.9
STU14401,2022-02-06,2022,Feb,Kolkata,Tier 1,6-10,Male,UPSC Prelims Foundation,Competitive Exam,Graduate,Annual,Online,Active,40.9,50984.12,4.5
STU10422,2022-02-06,2022,Feb,Chennai,Tier 1,11-14,Female,Python for Beginners,Coding,6-8,Annual,Online,Churned,53.8,8143.21,4.3
STU15540,2022-02-06,2022,Feb,Hyderabad,Tier 1,11-14,Female,JEE Main Foundation,Competitive Exam,11-12,Quarterly,Online,Completed,100.0,11380.55,4.4
STU10540,2022-02-07,2022,Feb,Guwahati,Tier 3,18+,Female,Spoken English Mastery,Skill Development,All,Monthly,Online,Completed,100.0,460.08,4.0
STU10076,2022-02-07,2022,Feb,Raipur,Tier 3,11-14,Female,Class 8 Maths & Science,School Curriculum,8,Annual,Offline,Active,78.3,10461.71,3.4
STU13169,2022-02-08,2022,Feb,Delhi,Tier 1,11-14,Male,NEET Crash Course,Competitive Exam,11-12,Monthly,Online,Churned,55.8,4452.95,2.8
STU14406,2022-02-08,2022,Feb,Delhi,Tier 1,6-10,Male,Class 8 Maths & Science,School Curriculum,8,Monthly,Online,Active,93.6,962.73,4.3
STU11390,2022-02-08,2022,Feb,Kanpur,Tier 2,11-14,Female,Robotics & AI Basics,Coding,6-8,Monthly,Online,Active,31.6,1185.85,4.8
STU15842,2022-02-09,2022,Feb,Chennai,Tier 1,6-10,Female,Python for Beginners,Coding,6-8,Annual,Offline,Active,75.8,7975.45,3.3
STU12838,2022-02-09,2022,Feb,Mumbai,Tier 1,15-17,Male,JEE Main Foundation,Competitive Exam,11-12,Annual,Online,Completed,100.0,35349.1,3.9
STU13109,2022-02-09,2022,Feb,Bhopal,Tier 2,6-10,Female,Python for Beginners,Coding,6-8,Annual,Online,Completed,100.0,7796.26,5.0
STU13619,2022-02-09,2022,Feb,Delhi,Tier 1,18+,Male,UPSC Prelims Foundation,Competitive Exam,Graduate,Annual,Offline,Active,77.2,50450.53,4.0
STU10832,2022-02-09,2022,Feb,Ahmedabad,Tier 1,6-10,Female,Coding for Kids - Scratch,Coding,3-5,Annual,Online,Trial - Not Converted,15.3,0.0,
STU10320,2022-02-10,2022,Feb,Ahmedabad,Tier 1,6-10,Male,NEET Crash Course,Competitive Exam,11-12,Annual,Offline,Trial - Not Converted,1.6,0.0,
STU14264,2022-02-10,2022,Feb,Mumbai,Tier 1,18+,Male,UPSC Prelims Foundation,Competitive Exam,Graduate,Annual,Offline,Trial - Not Converted,16.9,0.0,
STU10858,2022-02-10,2022,Feb,Lucknow,Tier 2,18+,Male,Class 10 CBSE Complete,School Curriculum,10,Annual,Online,Churned,37.5,14637.7,4.1
STU12755,2022-02-11,2022,Feb,Raipur,Tier 3,15-17,Female,NEET Crash Course,Competitive Exam,11-12,Quarterly,Online,Churned,14.1,12706.42,4.4
STU10255,2022-02-11,2022,Feb,Bengaluru,Tier 1,6-10,Female,UPSC Prelims Foundation,Competitive Exam,Graduate,Annual,Online,Trial - Not Converted,22.1,0.0,
STU10599,2022-02-11,2022,Feb,Lucknow,Tier 2,15-17,Male,Class 8 Maths & Science,School Curriculum,8,Annual,Online,Churned,47.1,9206.95,4.2
STU10439,2022-02-11,2022,Feb,Delhi,Tier 1,18+,Female,NEET Crash Course,Competitive Exam,11-12,Annual,Offline,Completed,100.0,43057.72,3.4
STU12499,2022-02-11,2022,Feb,Chennai,Tier 1,6-10,Female,Class 8 Maths & Science,School Curriculum,8,Annual,Online,Churned,57.3,9069.34,3.1
STU12724,2022-02-12,2022,Feb,Guwahati,Tier 3,6-10,Male,JEE Main Foundation,Competitive Exam,11-12,Quarterly,Offline,Active,22.2,11044.61,3.8
STU11781,2022-02-13,2022,Feb,Indore,Tier 2,6-10,Male,Class 10 CBSE Complete,School Curriculum,10,Quarterly,Online,Trial - Not Converted,22.7,0.0,
STU13628,2022-02-13,2022,Feb,Kolkata,Tier 1,6-10,Male,UPSC Prelims Foundation,Competitive Exam,Graduate,Quarterly,Online,Active,77.5,14600.29,4.4
STU11508,2022-02-13,2022,Feb,Indore,Tier 2,11-14,Female,Class 6 Foundation,School Curriculum,6,Quarterly,Offline,Churned,32.5,2395.43,3.2
STU11005,2022-02-13,2022,Feb,Lucknow,Tier 2,15-17,Male,Spoken English Mastery,Skill Development,All,Quarterly,Online,Active,44.5,1447.86,5.0
STU13776,2022-02-14,2022,Feb,Delhi,Tier 1,6-10,Female,Class 6 Foundation,School Curriculum,6,Annual,Offline,Active,59.2,8281.73,4.0
STU11509,2022-02-14,2022,Feb,Nagpur,Tier 2,15-17,Female,JEE Main Foundation,Competitive Exam,11-12,Quarterly,Online,Trial - Not Converted,4.0,0.0,
STU11270,2022-02-14,2022,Feb,Jaipur,Tier 2,6-10,Male,UPSC Prelims Foundation,Competitive Exam,Graduate,Annual,Offline,Active,90.5,47968.13,5.0
STU12632,2022-02-15,2022,Feb,Ahmedabad,Tier 1,11-14,Male,Spoken English Mastery,Skill Development,All,Monthly,Online,Churned,49.7,518.75,4.9
STU15914,2022-02-15,2022,Feb,Patna,Tier 2,18+,Male,Robotics & AI Basics,Coding,6-8,Monthly,Online,Churned,53.9,1236.97,3.3
STU11618,2022-02-15,2022,Feb,Nagpur,Tier 2,15-17,Female,Python for Beginners,Coding,6-8,Annual,Online,Active,35.7,7704.77,4.4
STU15996,2022-02-15,2022,Feb,Raipur,Tier 3,6-10,Male,Spoken English Mastery,Skill Development,All,Annual,Offline,Trial - Not Converted,1.8,0.0,
STU12017,2022-02-16,2022,Feb,Kanpur,Tier 2,15-17,Female,Python for Beginners,Coding,6-8,Monthly,Online,Trial - Not Converted,18.7,0.0,
STU12405,2022-02-16,2022,Feb,Pune,Tier 1,6-10,Female,JEE Main Foundation,Competitive Exam,11-12,Annual,Online,Completed,100.0,35837.82,4.9
STU11563,2022-02-16,2022,Feb,Raipur,Tier 3,11-14,Male,Class 8 Maths & Science,School Curriculum,8,Annual,Offline,Active,96.3,10255.85,4.1
STU13392,2022-02-16,2022,Feb,Jaipur,Tier 2,6-10,Female,Class 10 CBSE Complete,School Curriculum,10,Quarterly,Offline,Trial - Not Converted,4.3,0.0,
STU10654,2022-02-16,2022,Feb,Lucknow,Tier 2,15-17,Female,UPSC Prelims Foundation,Competitive Exam,Graduate,Annual,Offline,Active,73.7,46340.16,4.5
STU13742,2022-02-16,2022,Feb,Lucknow,Tier 2,11-14,Female,Coding for Kids - Scratch,Coding,3-5,Quarterly,Online,Active,75.3,2093.65,5.0
STU15974,2022-02-16,2022,Feb,Ahmedabad,Tier 1,15-17,Female,Class 10 CBSE Complete,School Curriculum,10,Annual,Offline,Completed,100.0,14498.63,3.8
STU14641,2022-02-17,2022,Feb,Indore,Tier 2,6-10,Male,Coding for Kids - Scratch,Coding,3-5,Quarterly,Online,Active,77.9,2069.22,4.0
STU13988,2022-02-18,2022,Feb,Ranchi,Tier 3,18+,Male,JEE Main Foundation,Competitive Exam,11-12,Annual,Online,Active,81.0,35704.37,3.4
STU10486,2022-02-18,2022,Feb,Mumbai,Tier 1,18+,Female,Coding for Kids - Scratch,Coding,3-5,Annual,Online,Active,96.2,6121.83,4.4
STU12834,2022-02-18,2022,Feb,Bengaluru,Tier 1,18+,Male,Class 6 Foundation,School Curriculum,6,Quarterly,Online,Trial - Not Converted,17.6,0.0,
STU14452,2022-02-19,2022,Feb,Lucknow,Tier 2,15-17,Male,Spoken English Mastery,Skill Development,All,Quarterly,Online,Trial - Not Converted,21.0,0.0,
STU15303,2022-02-19,2022,Feb,Bhopal,Tier 2,11-14,Female,Coding for Kids - Scratch,Coding,3-5,Annual,Online,Active,30.6,6511.26,4.8
STU15771,2022-02-20,2022,Feb,Hyderabad,Tier 1,11-14,Female,Coding for Kids - Scratch,Coding,3-5,Annual,Online,Trial - Not Converted,0.7,0.0,
STU14104,2022-02-21,2022,Feb,Pune,Tier 1,15-17,Male,UPSC Prelims Foundation,Competitive Exam,Graduate,Monthly,Offline,Completed,100.0,4886.98,4.5
STU15999,2022-02-21,2022,Feb,Nagpur,Tier 2,11-14,Male,Class 10 CBSE Complete,School Curriculum,10,Annual,Online,Active,72.1,14415.33,3.4
STU11802,2022-02-22,2022,Feb,Bhopal,Tier 2,18+,Male,Class 8 Maths & Science,School Curriculum,8,Monthly,Offline,Active,67.5,964.14,4.5
STU11204,2022-02-22,2022,Feb,Kolkata,Tier 1,15-17,Male,Spoken English Mastery,Skill Development,All,Quarterly,Online,Churned,57.8,1362.87,3.4
STU15201,2022-02-22,2022,Feb,Jodhpur,Tier 3,6-10,Male,NEET Crash Course,Competitive Exam,11-12,Monthly,Offline,Active,62.5,3918.41,5.0
STU10701,2022-02-22,2022,Feb,Pune,Tier 1,6-10,Female,Spoken English Mastery,Skill Development,All,Quarterly,Offline,Active,88.8,1498.53,4.2
STU12184,2022-02-22,2022,Feb,Bengaluru,Tier 1,11-14,Male,Spoken English Mastery,Skill Development,All,Annual,Online,Active,68.7,4705.09,4.3
STU15134,2022-02-23,2022,Feb,Guwahati,Tier 3,11-14,Male,Robotics & AI Basics,Coding,6-8,Annual,Online,Trial - Not Converted,18.0,0.0,
STU14822,2022-02-23,2022,Feb,Bengaluru,Tier 1,11-14,Male,Class 6 Foundation,School Curriculum,6,Annual,Offline,Completed,100.0,8311.51,3.6
STU14607,2022-02-23,2022,Feb,Pune,Tier 1,6-10,Male,Class 10 CBSE Complete,School Curriculum,10,Annual,Online,Trial - Not Converted,8.8,0.0,
STU13468,2022-02-23,2022,Feb,Kolkata,Tier 1,15-17,Female,Coding for Kids - Scratch,Coding,3-5,Quarterly,Online,Trial - Not Converted,0.6,0.0,
STU10926,2022-02-23,2022,Feb,Guwahati,Tier 3,6-10,Female,Spoken English Mastery,Skill Development,All,Quarterly,Offline,Active,24.4,1474.74,3.9
STU14890,2022-02-23,2022,Feb,Guwahati,Tier 3,18+,Male,JEE Main Foundation,Competitive Exam,11-12,Annual,Offline,Completed,100.0,39182.26,4.1
STU15973,2022-02-24,2022,Feb,Bengaluru,Tier 1,11-14,Female,NEET Crash Course,Competitive Exam,11-12,Quarterly,Online,Active,43.7,11839.85,4.8
STU11020,2022-02-25,2022,Feb,Bhopal,Tier 2,6-10,Female,Robotics & AI Basics,Coding,6-8,Quarterly,Online,Completed,100.0,3556.45,4.8
STU14355,2022-02-25,2022,Feb,Lucknow,Tier 2,18+,Male,NEET Crash Course,Competitive Exam,11-12,Annual,Online,Trial - Not Converted,22.3,0.0,
STU15240,2022-02-25,2022,Feb,Kolkata,Tier 1,6-10,Male,Python for Beginners,Coding,6-8,Monthly,Online,Completed,100.0,811.22,4.5
STU14157,2022-02-25,2022,Feb,Bengaluru,Tier 1,11-14,Male,UPSC Prelims Foundation,Competitive Exam,Graduate,Quarterly,Offline,Churned,18.2,14570.54,4.5
STU10137,2022-02-26,2022,Feb,Kanpur,Tier 2,11-14,Male,NEET Crash Course,Competitive Exam,11-12,Monthly,Online,Active,85.3,4319.38,4.5
STU15252,2022-02-26,2022,Feb,Pune,Tier 1,11-14,Female,Class 10 CBSE Complete,School Curriculum,10,Monthly,Offline,Active,37.0,1426.87,3.8
STU12224,2022-02-26,2022,Feb,Bengaluru,Tier 1,18+,Male,Class 10 CBSE Complete,School Curriculum,10,Annual,Offline,Active,42.9,15521.27,4.8
STU14622,2022-02-26,2022,Feb,Pune,Tier 1,11-14,Female,Class 6 Foundation,School Curriculum,6,Monthly,Offline,Churned,22.0,780.01,3.3
STU14171,2022-02-26,2022,Feb,Mumbai,Tier 1,11-14,Female,Coding for Kids - Scratch,Coding,3-5,Quarterly,Online,Active,76.5,1944.7,4.2
STU15588,2022-02-27,2022,Feb,Kanpur,Tier 2,15-17,Female,Class 8 Maths & Science,School Curriculum,8,Annual,Offline,Trial - Not Converted,3.7,0.0,
STU10819,2022-02-27,2022,Feb,Guwahati,Tier 3,15-17,Female,NEET Crash Course,Competitive Exam,11-12,Annual,Online,Active,37.6,42745.83,4.3
STU14529,2022-02-27,2022,Feb,Chennai,Tier 1,15-17,Female,Class 10 CBSE Complete,School Curriculum,10,Annual,Offline,Active,48.3,15416.93,4.0
STU15498,2022-02-27,2022,Feb,Indore,Tier 2,15-17,Female,NEET Crash Course,Competitive Exam,11-12,Quarterly,Online,Completed,100.0,12006.19,4.6
STU12861,2022-02-28,2022,Feb,Pune,Tier 1,18+,Male,Python for Beginners,Coding,6-8,Monthly,Online,Active,73.9,748.57,3.9
STU14455,2022-02-28,2022,Feb,Delhi,Tier 1,18+,Female,Robotics & AI Basics,Coding,6-8,Monthly,Online,Churned,23.6,1309.43,3.5
STU10374,2022-03-01,2022,Mar,Delhi,Tier 1,18+,Male,Class 8 Maths & Science,School Curriculum,8,Annual,Offline,Completed,100.0,10285.94,4.8
STU13759,2022-03-01,2022,Mar,Hyderabad,Tier 1,15-17,Female,Class 10 CBSE Complete,School Curriculum,10,Quarterly,Offline,Churned,19.6,4564.69,4.2
STU11711,2022-03-01,2022,Mar,Bhopal,Tier 2,11-14,Male,Class 10 CBSE Complete,School Curriculum,10,Monthly,Online,Active,33.6,1423.94,5.0
STU10934,2022-03-01,2022,Mar,Mumbai,Tier 1,18+,Male,Spoken English Mastery,Skill Development,All,Quarterly,Online,Churned,35.3,1524.93,3.6
STU15460,2022-03-01,2022,Mar,Delhi,Tier 1,15-17,Male,Spoken English Mastery,Skill Development,All,Monthly,Online,Completed,100.0,491.14,4.2
STU12001,2022-03-01,2022,Mar,Indore,Tier 2,11-14,Male,Coding for Kids - Scratch,Coding,3-5,Quarterly,Online,Active,21.4,2023.54,4.5
STU12758,2022-03-01,2022,Mar,Chennai,Tier 1,11-14,Male,NEET Crash Course,Competitive Exam,11-12,Annual,Offline,Active,51.0,43667.99,4.9
STU14376,2022-03-02,2022,Mar,Nagpur,Tier 2,6-10,Male,UPSC Prelims Foundation,Competitive Exam,Graduate,Annual,Offline,Churned,27.8,45691.61,4.3
STU11526,2022-03-02,2022,Mar,Bhopal,Tier 2,11-14,Male,Coding for Kids - Scratch,Coding,3-5,Quarterly,Online,Active,48.0,1995.94,5.0
STU13221,2022-03-02,2022,Mar,Delhi,Tier 1,18+,Male,UPSC Prelims Foundation,Competitive Exam,Graduate,Annual,Offline,Active,41.9,46356.16,4.7
STU11815,2022-03-02,2022,Mar,Ahmedabad,Tier 1,11-14,Male,Class 8 Maths & Science,School Curriculum,8,Monthly,Offline,Active,53.0,966.03,3.7
STU14669,2022-03-02,2022,Mar,Ahmedabad,Tier 1,15-17,Female,JEE Main Foundation,Competitive Exam,11-12,Annual,Offline,Churned,59.1,36933.07,3.9
STU10430,2022-03-02,2022,Mar,Bengaluru,Tier 1,15-17,Female,Class 6 Foundation,School Curriculum,6,Monthly,Online,Active,27.2,846.6,3.7
STU14244,2022-03-02,2022,Mar,Guwahati,Tier 3,18+,Female,Robotics & AI Basics,Coding,6-8,Annual,Online,Active,68.0,12786.1,5.0
STU13449,2022-03-02,2022,Mar,Raipur,Tier 3,11-14,Male,NEET Crash Course,Competitive Exam,11-12,Annual,Offline,Trial - Not Converted,9.7,0.0,
STU14699,2022-03-03,2022,Mar,Patna,Tier 2,18+,Male,Coding for Kids - Scratch,Coding,3-5,Monthly,Online,Active,28.8,609.4,3.9
STU10247,2022-03-04,2022,Mar,Kanpur,Tier 2,18+,Male,Class 6 Foundation,School Curriculum,6,Quarterly,Offline,Active,83.0,2309.79,4.7
STU14948,2022-03-04,2022,Mar,Bhopal,Tier 2,6-10,Female,Class 10 CBSE Complete,School Curriculum,10,Annual,Online,Active,34.7,15218.9,4.8
STU12100,2022-03-05,2022,Mar,Delhi,Tier 1,6-10,Male,UPSC Prelims Foundation,Competitive Exam,Graduate,Monthly,Offline,Trial - Not Converted,18.8,0.0,
STU15464,2022-03-05,2022,Mar,Guwahati,Tier 3,15-17,Female,Python for Beginners,Coding,6-8,Annual,Online,Completed,100.0,7326.0,4.6
STU11547,2022-03-05,2022,Mar,Surat,Tier 2,11-14,Female,NEET Crash Course,Competitive Exam,11-12,Annual,Offline,Active,37.2,43611.44,4.5
STU12393,2022-03-05,2022,Mar,Indore,Tier 2,15-17,Male,Robotics & AI Basics,Coding,6-8,Monthly,Online,Active,82.4,1304.95,3.7
STU10199,2022-03-05,2022,Mar,Guwahati,Tier 3,15-17,Male,Robotics & AI Basics,Coding,6-8,Annual,Offline,Active,99.2,11679.5,5.0
STU13543,2022-03-05,2022,Mar,Indore,Tier 2,6-10,Female,Class 8 Maths & Science,School Curriculum,8,Quarterly,Online,Trial - Not Converted,19.7,0.0,
STU14814,2022-03-05,2022,Mar,Lucknow,Tier 2,15-17,Female,Class 8 Maths & Science,School Curriculum,8,Annual,Offline,Active,23.9,9359.8,4.5
STU11084,2022-03-06,2022,Mar,Kolkata,Tier 1,18+,Male,Class 8 Maths & Science,School Curriculum,8,Monthly,Online,Completed,100.0,942.26,4.7
STU15316,2022-03-06,2022,Mar,Mumbai,Tier 1,18+,Male,Coding for Kids - Scratch,Coding,3-5,Annual,Online,Active,54.5,6965.11,4.2
STU10932,2022-03-06,2022,Mar,Pune,Tier 1,18+,Male,Class 8 Maths & Science,School Curriculum,8,Quarterly,Online,Active,53.5,2754.13,5.0
STU15419,2022-03-06,2022,Mar,Bengaluru,Tier 1,6-10,Male,JEE Main Foundation,Competitive Exam,11-12,Quarterly,Offline,Trial - Not Converted,18.7,0.0,
STU10369,2022-03-06,2022,Mar,Ahmedabad,Tier 1,18+,Female,Class 8 Maths & Science,School Curriculum,8,Annual,Online,Active,88.1,9551.97,3.7
STU13288,2022-03-06,2022,Mar,Lucknow,Tier 2,6-10,Male,Class 6 Foundation,School Curriculum,6,Annual,Offline,Active,78.8,7734.07,3.8
STU12741,2022-03-06,2022,Mar,Kanpur,Tier 2,11-14,Female,JEE Main Foundation,Competitive Exam,11-12,Annual,Online,Churned,14.7,38991.52,4.6
STU13782,2022-03-07,2022,Mar,Hyderabad,Tier 1,18+,Female,Class 8 Maths & Science,School Curriculum,8,Monthly,Online,Churned,17.1,972.31,4.9
STU15257,2022-03-07,2022,Mar,Pune,Tier 1,11-14,Male,Class 10 CBSE Complete,School Curriculum,10,Annual,Online,Active,43.8,15730.56,4.1
STU13623,2022-03-07,2022,Mar,Mumbai,Tier 1,15-17,Male,Python for Beginners,Coding,6-8,Annual,Online,Active,51.8,7682.78,4.1
STU14339,2022-03-07,2022,Mar,Lucknow,Tier 2,15-17,Female,Spoken English Mastery,Skill Development,All,Annual,Online,Trial - Not Converted,24.7,0.0,
STU13717,2022-03-07,2022,Mar,Surat,Tier 2,11-14,Female,Robotics & AI Basics,Coding,6-8,Annual,Offline,Trial - Not Converted,22.5,0.0,
STU14738,2022-03-08,2022,Mar,Meerut,Tier 3,18+,Male,Spoken English Mastery,Skill Development,All,Quarterly,Offline,Active,73.1,1465.2,5.0
STU15012,2022-03-08,2022,Mar,Mumbai,Tier 1,15-17,Female,Class 6 Foundation,School Curriculum,6,Annual,Offline,Active,33.1,7869.71,3.8
STU11955,2022-03-08,2022,Mar,Jodhpur,Tier 3,11-14,Female,Coding for Kids - Scratch,Coding,3-5,Annual,Online,Trial - Not Converted,21.1,0.0,
STU15934,2022-03-08,2022,Mar,Nagpur,Tier 2,11-14,Male,Robotics & AI Basics,Coding,6-8,Quarterly,Online,Trial - Not Converted,19.8,0.0,
STU15674,2022-03-09,2022,Mar,Lucknow,Tier 2,18+,Male,Python for Beginners,Coding,6-8,Monthly,Online,Active,39.0,771.42,4.3
STU12203,2022-03-09,2022,Mar,Hyderabad,Tier 1,18+,Male,Class 6 Foundation,School Curriculum,6,Quarterly,Offline,Completed,100.0,2307.22,5.0
STU13502,2022-03-09,2022,Mar,Indore,Tier 2,15-17,Female,NEET Crash Course,Competitive Exam,11-12,Monthly,Online,Active,36.5,4138.38,4.3
STU10263,2022-03-10,2022,Mar,Kolkata,Tier 1,15-17,Male,Class 6 Foundation,School Curriculum,6,Annual,Online,Active,54.3,8371.8,3.9
STU10808,2022-03-10,2022,Mar,Guwahati,Tier 3,18+,Male,Python for Beginners,Coding,6-8,Monthly,Online,Completed,100.0,777.82,4.6
STU14545,2022-03-11,2022,Mar,Patna,Tier 2,11-14,Female,Coding for Kids - Scratch,Coding,3-5,Quarterly,Online,Active,62.5,2082.91,3.9
STU10324,2022-03-11,2022,Mar,Bhopal,Tier 2,11-14,Female,Python for Beginners,Coding,6-8,Quarterly,Offline,Churned,13.7,2222.29,3.6
STU10098,2022-03-11,2022,Mar,Kolkata,Tier 1,6-10,Male,Class 6 Foundation,School Curriculum,6,Annual,Online,Active,84.9,8584.23,4.4
STU13413,2022-03-11,2022,Mar,Jodhpur,Tier 3,15-17,Male,Class 10 CBSE Complete,School Curriculum,10,Annual,Offline,Trial - Not Converted,3.6,0.0,
STU15138,2022-03-11,2022,Mar,Pune,Tier 1,11-14,Male,Coding for Kids - Scratch,Coding,3-5,Quarterly,Online,Churned,48.4,1992.05,5.0
STU13395,2022-03-11,2022,Mar,Kanpur,Tier 2,15-17,Male,Coding for Kids - Scratch,Coding,3-5,Annual,Online,Trial - Not Converted,4.0,0.0,
STU10670,2022-03-11,2022,Mar,Chennai,Tier 1,6-10,Female,UPSC Prelims Foundation,Competitive Exam,Graduate,Monthly,Offline,Active,65.4,4574.84,4.6
STU12692,2022-03-11,2022,Mar,Indore,Tier 2,18+,Female,UPSC Prelims Foundation,Competitive Exam,Graduate,Annual,Offline,Churned,18.3,45244.07,4.0
STU11580,2022-03-11,2022,Mar,Bhopal,Tier 2,15-17,Male,NEET Crash Course,Competitive Exam,11-12,Monthly,Online,Trial - Not Converted,14.4,0.0,
STU14521,2022-03-11,2022,Mar,Delhi,Tier 1,18+,Male,NEET Crash Course,Competitive Exam,11-12,Annual,Offline,Churned,39.8,41896.77,4.5
STU13974,2022-03-12,2022,Mar,Indore,Tier 2,15-17,Male,Class 6 Foundation,School Curriculum,6,Monthly,Offline,Active,65.7,844.54,4.3
STU15970,2022-03-12,2022,Mar,Chennai,Tier 1,18+,Female,Class 10 CBSE Complete,School Curriculum,10,Quarterly,Offline,Trial - Not Converted,6.0,0.0,
STU10764,2022-03-12,2022,Mar,Lucknow,Tier 2,15-17,Male,Class 10 CBSE Complete,School Curriculum,10,Annual,Offline,Churned,23.5,15577.4,3.5
STU11699,2022-03-12,2022,Mar,Ahmedabad,Tier 1,11-14,Female,JEE Main Foundation,Competitive Exam,11-12,Quarterly,Offline,Active,63.2,10168.76,4.4
STU11750,2022-03-12,2022,Mar,Pune,Tier 1,18+,Female,Class 10 CBSE Complete,School Curriculum,10,Annual,Offline,Active,81.3,14033.16,2.8
STU10226,2022-03-13,2022,Mar,Nagpur,Tier 2,11-14,Male,Class 6 Foundation,School Curriculum,6,Monthly,Online,Trial - Not Converted,1.8,0.0,
STU12885,2022-03-13,2022,Mar,Indore,Tier 2,11-14,Female,Robotics & AI Basics,Coding,6-8,Monthly,Online,Active,66.7,1273.37,3.4
STU10917,2022-03-13,2022,Mar,Pune,Tier 1,11-14,Female,JEE Main Foundation,Competitive Exam,11-12,Quarterly,Offline,Churned,34.9,10940.62,5.0
STU10619,2022-03-14,2022,Mar,Hyderabad,Tier 1,11-14,Female,NEET Crash Course,Competitive Exam,11-12,Quarterly,Online,Active,49.8,13028.25,4.0
STU15089,2022-03-14,2022,Mar,Nagpur,Tier 2,6-10,Female,JEE Main Foundation,Competitive Exam,11-12,Annual,Online,Active,49.2,38096.05,3.6
STU11455,2022-03-14,2022,Mar,Hyderabad,Tier 1,6-10,Male,Spoken English Mastery,Skill Development,All,Annual,Online,Active,97.8,4575.97,3.8
STU12217,2022-03-14,2022,Mar,Nagpur,Tier 2,18+,Female,Robotics & AI Basics,Coding,6-8,Annual,Online,Active,38.3,12586.43,4.3
STU15073,2022-03-14,2022,Mar,Indore,Tier 2,11-14,Female,Robotics & AI Basics,Coding,6-8,Quarterly,Online,Trial - Not Converted,7.6,0.0,
STU15476,2022-03-14,2022,Mar,Kolkata,Tier 1,11-14,Male,Class 8 Maths & Science,School Curriculum,8,Quarterly,Offline,Churned,39.9,2912.06,3.8
STU13763,2022-03-14,2022,Mar,Pune,Tier 1,18+,Female,Robotics & AI Basics,Coding,6-8,Annual,Online,Trial - Not Converted,14.4,0.0,
STU14938,2022-03-14,2022,Mar,Kolkata,Tier 1,11-14,Male,Class 10 CBSE Complete,School Curriculum,10,Annual,Online,Active,31.1,15218.93,3.4
STU14914,2022-03-15,2022,Mar,Jaipur,Tier 2,6-10,Female,Python for Beginners,Coding,6-8,Quarterly,Online,Active,55.7,2471.25,4.7
STU11651,2022-03-15,2022,Mar,Surat,Tier 2,11-14,Male,Python for Beginners,Coding,6-8,Quarterly,Online,Active,77.3,2369.9,4.0
STU13884,2022-03-15,2022,Mar,Bengaluru,Tier 1,18+,Male,UPSC Prelims Foundation,Competitive Exam,Graduate,Quarterly,Offline,Active,44.7,15139.94,3.1
STU14370,2022-03-16,2022,Mar,Mumbai,Tier 1,18+,Female,Python for Beginners,Coding,6-8,Quarterly,Online,Trial - Not Converted,7.2,0.0,
STU13930,2022-03-16,2022,Mar,Varanasi,Tier 3,6-10,Female,Class 6 Foundation,School Curriculum,6,Quarterly,Offline,Active,66.5,2444.87,4.7
STU11980,2022-03-16,2022,Mar,Surat,Tier 2,15-17,Male,UPSC Prelims Foundation,Competitive Exam,Graduate,Annual,Offline,Trial - Not Converted,7.6,0.0,
STU15474,2022-03-16,2022,Mar,Bengaluru,Tier 1,18+,Female,Class 6 Foundation,School Curriculum,6,Annual,Offline,Trial - Not Converted,0.7,0.0,
STU15033,2022-03-16,2022,Mar,Patna,Tier 2,18+,Male,Robotics & AI Basics,Coding,6-8,Quarterly,Online,Active,24.6,3433.26,4.2
STU15551,2022-03-16,2022,Mar,Kanpur,Tier 2,18+,Female,Python for Beginners,Coding,6-8,Monthly,Online,Trial - Not Converted,11.9,0.0,
STU10286,2022-03-16,2022,Mar,Lucknow,Tier 2,18+,Male,JEE Main Foundation,Competitive Exam,11-12,Monthly,Online,Active,41.6,3390.33,4.8
STU10211,2022-03-17,2022,Mar,Hyderabad,Tier 1,18+,Male,Coding for Kids - Scratch,Coding,3-5,Monthly,Online,Completed,100.0,607.15,4.6
STU13505,2022-03-17,2022,Mar,Pune,Tier 1,18+,Male,Class 10 CBSE Complete,School Curriculum,10,Annual,Online,Completed,100.0,14320.78,4.7
STU12843,2022-03-18,2022,Mar,Hyderabad,Tier 1,6-10,Male,NEET Crash Course,Competitive Exam,11-12,Annual,Offline,Active,72.6,43510.48,4.5
STU12479,2022-03-18,2022,Mar,Varanasi,Tier 3,15-17,Male,Spoken English Mastery,Skill Development,All,Annual,Online,Active,25.3,4558.25,4.4
STU12041,2022-03-18,2022,Mar,Ahmedabad,Tier 1,15-17,Male,Class 6 Foundation,School Curriculum,6,Annual,Online,Churned,47.9,8207.38,2.8
STU13553,2022-03-18,2022,Mar,Ahmedabad,Tier 1,18+,Female,Class 6 Foundation,School Curriculum,6,Annual,Online,Active,66.7,7742.38,4.4
STU15146,2022-03-18,2022,Mar,Hyderabad,Tier 1,6-10,Female,JEE Main Foundation,Competitive Exam,11-12,Quarterly,Offline,Active,22.9,10849.32,4.0
STU13238,2022-03-19,2022,Mar,Lucknow,Tier 2,6-10,Male,JEE Main Foundation,Competitive Exam,11-12,Quarterly,Online,Churned,57.3,10488.66,4.2
STU11399,2022-03-19,2022,Mar,Kanpur,Tier 2,18+,Male,Python for Beginners,Coding,6-8,Quarterly,Offline,Trial - Not Converted,10.9,0.0,
STU15433,2022-03-19,2022,Mar,Jaipur,Tier 2,6-10,Male,JEE Main Foundation,Competitive Exam,11-12,Monthly,Offline,Active,31.4,3459.01,3.6
STU12934,2022-03-19,2022,Mar,Patna,Tier 2,6-10,Male,Spoken English Mastery,Skill Development,All,Quarterly,Online,Churned,45.7,1365.16,3.0
STU14190,2022-03-19,2022,Mar,Mumbai,Tier 1,15-17,Female,Class 10 CBSE Complete,School Curriculum,10,Quarterly,Offline,Completed,100.0,4494.82,4.1
STU12930,2022-03-20,2022,Mar,Kota,Tier 3,15-17,Male,JEE Main Foundation,Competitive Exam,11-12,Quarterly,Online,Completed,100.0,11535.67,4.4
STU10534,2022-03-20,2022,Mar,Delhi,Tier 1,18+,Female,UPSC Prelims Foundation,Competitive Exam,Graduate,Annual,Offline,Trial - Not Converted,8.1,0.0,
STU10718,2022-03-20,2022,Mar,Jaipur,Tier 2,18+,Male,NEET Crash Course,Competitive Exam,11-12,Quarterly,Offline,Active,55.0,12773.14,4.5
STU10332,2022-03-20,2022,Mar,Patna,Tier 2,18+,Male,UPSC Prelims Foundation,Competitive Exam,Graduate,Annual,Offline,Churned,58.7,48467.76,3.9
STU10123,2022-03-20,2022,Mar,Bengaluru,Tier 1,6-10,Male,NEET Crash Course,Competitive Exam,11-12,Monthly,Online,Active,36.1,4124.93,4.1
STU15276,2022-03-21,2022,Mar,Meerut,Tier 3,18+,Female,Python for Beginners,Coding,6-8,Quarterly,Online,Active,26.4,2324.86,4.6
STU15568,2022-03-21,2022,Mar,Surat,Tier 2,18+,Male,Class 6 Foundation,School Curriculum,6,Annual,Offline,Active,46.7,8498.22,4.1
STU10955,2022-03-21,2022,Mar,Chennai,Tier 1,6-10,Male,JEE Main Foundation,Competitive Exam,11-12,Monthly,Online,Completed,100.0,3871.48,3.9
STU15822,2022-03-21,2022,Mar,Guwahati,Tier 3,18+,Male,Class 10 CBSE Complete,School Curriculum,10,Quarterly,Offline,Active,48.8,4714.73,4.0
STU14253,2022-03-22,2022,Mar,Pune,Tier 1,15-17,Male,Class 10 CBSE Complete,School Curriculum,10,Monthly,Online,Trial - Not Converted,9.3,0.0,
STU11369,2022-03-22,2022,Mar,Pune,Tier 1,18+,Female,Class 8 Maths & Science,School Curriculum,8,Annual,Online,Churned,12.3,10295.96,3.6
STU15732,2022-03-23,2022,Mar,Raipur,Tier 3,6-10,Male,Class 10 CBSE Complete,School Curriculum,10,Annual,Online,Trial - Not Converted,16.9,0.0,
STU11634,2022-03-23,2022,Mar,Chennai,Tier 1,15-17,Male,NEET Crash Course,Competitive Exam,11-12,Annual,Offline,Trial - Not Converted,2.0,0.0,
STU12120,2022-03-24,2022,Mar,Bengaluru,Tier 1,11-14,Female,Spoken English Mastery,Skill Development,All,Annual,Online,Churned,48.7,4759.87,4.1
STU12573,2022-03-24,2022,Mar,Hyderabad,Tier 1,6-10,Female,UPSC Prelims Foundation,Competitive Exam,Graduate,Annual,Online,Active,48.8,46810.83,5.0
STU14272,2022-03-24,2022,Mar,Hyderabad,Tier 1,15-17,Female,Class 8 Maths & Science,School Curriculum,8,Quarterly,Online,Trial - Not Converted,7.2,0.0,
STU15131,2022-03-25,2022,Mar,Chennai,Tier 1,11-14,Male,Class 10 CBSE Complete,School Curriculum,10,Annual,Offline,Trial - Not Converted,0.3,0.0,
STU10857,2022-03-25,2022,Mar,Jaipur,Tier 2,15-17,Female,Spoken English Mastery,Skill Development,All,Annual,Online,Completed,100.0,4796.39,4.7
STU15799,2022-03-25,2022,Mar,Chennai,Tier 1,15-17,Female,Class 6 Foundation,School Curriculum,6,Monthly,Online,Active,80.2,756.73,3.8
STU14944,2022-03-26,2022,Mar,Nagpur,Tier 2,6-10,Female,Class 8 Maths & Science,School Curriculum,8,Quarterly,Online,Trial - Not Converted,9.5,0.0,
STU11423,2022-03-26,2022,Mar,Chennai,Tier 1,6-10,Female,UPSC Prelims Foundation,Competitive Exam,Graduate,Monthly,Offline,Active,35.4,4781.42,4.6
STU15290,2022-03-26,2022,Mar,Guwahati,Tier 3,6-10,Male,Python for Beginners,Coding,6-8,Annual,Online,Active,94.6,7729.63,3.7
STU15840,2022-03-26,2022,Mar,Patna,Tier 2,11-14,Female,Coding for Kids - Scratch,Coding,3-5,Annual,Online,Active,57.3,6720.58,3.8
STU15898,2022-03-27,2022,Mar,Mumbai,Tier 1,18+,Female,Spoken English Mastery,Skill Development,All,Quarterly,Online,Active,36.1,1477.95,3.9
STU13799,2022-03-27,2022,Mar,Kanpur,Tier 2,18+,Female,Coding for Kids - Scratch,Coding,3-5,Annual,Online,Active,43.0,6570.05,4.7
STU12837,2022-03-28,2022,Mar,Jaipur,Tier 2,11-14,Male,NEET Crash Course,Competitive Exam,11-12,Annual,Offline,Active,31.2,44776.44,3.6
STU11364,2022-03-28,2022,Mar,Indore,Tier 2,11-14,Male,Spoken English Mastery,Skill Development,All,Annual,Online,Trial - Not Converted,2.6,0.0,
STU13357,2022-03-28,2022,Mar,Kanpur,Tier 2,6-10,Male,Spoken English Mastery,Skill Development,All,Quarterly,Online,Active,63.3,1473.25,5.0
STU14205,2022-03-28,2022,Mar,Nagpur,Tier 2,6-10,Female,JEE Main Foundation,Competitive Exam,11-12,Annual,Online,Active,51.8,35379.01,4.1
STU12519,2022-03-29,2022,Mar,Patna,Tier 2,18+,Male,Spoken English Mastery,Skill Development,All,Annual,Online,Churned,11.5,4868.76,4.8
STU15154,2022-03-30,2022,Mar,Hyderabad,Tier 1,6-10,Female,NEET Crash Course,Competitive Exam,11-12,Annual,Offline,Active,92.7,39703.06,4.0
STU13510,2022-03-31,2022,Mar,Kanpur,Tier 2,18+,Female,Class 8 Maths & Science,School Curriculum,8,Monthly,Online,Active,60.5,914.77,4.6
STU14640,2022-03-31,2022,Mar,Lucknow,Tier 2,15-17,Male,Python for Beginners,Coding,6-8,Annual,Online,Completed,100.0,8293.71,4.6
STU15690,2022-03-31,2022,Mar,Hyderabad,Tier 1,15-17,Male,Spoken English Mastery,Skill Development,All,Quarterly,Online,Completed,100.0,1397.54,4.7
STU14819,2022-03-31,2022,Mar,Chennai,Tier 1,18+,Male,JEE Main Foundation,Competitive Exam,11-12,Annual,Online,Trial - Not Converted,19.4,0.0,
STU15518,2022-04-01,2022,Apr,Bengaluru,Tier 1,6-10,Male,Coding for Kids - Scratch,Coding,3-5,Annual,Online,Active,70.4,6981.68,2.7
STU14887,2022-04-01,2022,Apr,Indore,Tier 2,6-10,Male,Coding for Kids - Scratch,Coding,3-5,Annual,Online,Trial - Not Converted,4.3,0.0,
STU11572,2022-04-01,2022,Apr,Kolkata,Tier 1,6-10,Male,Python for Beginners,Coding,6-8,Annual,Online,Trial - Not Converted,12.1,0.0,
STU13659,2022-04-01,2022,Apr,Delhi,Tier 1,11-14,Female,Robotics & AI Basics,Coding,6-8,Annual,Online,Completed,100.0,12442.22,4.8
STU13788,2022-04-02,2022,Apr,Bhopal,Tier 2,11-14,Male,Coding for Kids - Scratch,Coding,3-5,Annual,Online,Active,72.7,6913.21,4.8
STU10316,2022-04-02,2022,Apr,Kolkata,Tier 1,11-14,Male,NEET Crash Course,Competitive Exam,11-12,Quarterly,Online,Active,81.0,13209.48,4.1
STU10094,2022-04-02,2022,Apr,Mumbai,Tier 1,6-10,Male,Class 10 CBSE Complete,School Curriculum,10,Monthly,Online,Active,63.6,1400.12,3.9
STU15784,2022-04-03,2022,Apr,Mumbai,Tier 1,11-14,Female,UPSC Prelims Foundation,Competitive Exam,Graduate,Quarterly,Online,Churned,52.2,14627.07,4.7
STU12505,2022-04-03,2022,Apr,Nagpur,Tier 2,6-10,Female,NEET Crash Course,Competitive Exam,11-12,Monthly,Offline,Churned,57.2,3981.81,3.3
STU12872,2022-04-03,2022,Apr,Chennai,Tier 1,11-14,Male,Class 8 Maths & Science,School Curriculum,8,Quarterly,Offline,Active,48.9,2968.02,4.2
STU12665,2022-04-03,2022,Apr,Guwahati,Tier 3,15-17,Male,UPSC Prelims Foundation,Competitive Exam,Graduate,Quarterly,Online,Completed,100.0,15463.4,4.6
STU11056,2022-04-03,2022,Apr,Kolkata,Tier 1,18+,Male,NEET Crash Course,Competitive Exam,11-12,Annual,Offline,Active,36.0,43048.67,5.0
STU15503,2022-04-03,2022,Apr,Kanpur,Tier 2,11-14,Male,JEE Main Foundation,Competitive Exam,11-12,Annual,Online,Completed,100.0,38202.18,4.8
STU15633,2022-04-03,2022,Apr,Jaipur,Tier 2,18+,Male,Spoken English Mastery,Skill Development,All,Annual,Online,Completed,100.0,4760.69,4.0
STU11920,2022-04-04,2022,Apr,Ahmedabad,Tier 1,18+,Male,Class 8 Maths & Science,School Curriculum,8,Monthly,Online,Active,43.8,1005.41,5.0
STU13451,2022-04-04,2022,Apr,Bengaluru,Tier 1,6-10,Male,NEET Crash Course,Competitive Exam,11-12,Monthly,Offline,Churned,28.4,4073.61,4.6
STU13636,2022-04-04,2022,Apr,Bengaluru,Tier 1,6-10,Male,NEET Crash Course,Competitive Exam,11-12,Monthly,Online,Active,48.9,3961.33,4.5
STU15868,2022-04-04,2022,Apr,Surat,Tier 2,11-14,Male,Coding for Kids - Scratch,Coding,3-5,Annual,Online,Active,81.6,6200.8,4.5
STU14444,2022-04-04,2022,Apr,Hyderabad,Tier 1,18+,Female,Spoken English Mastery,Skill Development,All,Annual,Online,Trial - Not Converted,14.1,0.0,
STU12463,2022-04-04,2022,Apr,Lucknow,Tier 2,18+,Female,Class 8 Maths & Science,School Curriculum,8,Monthly,Offline,Active,67.0,980.82,4.4
STU14879,2022-04-04,2022,Apr,Bhopal,Tier 2,18+,Male,UPSC Prelims Foundation,Competitive Exam,Graduate,Annual,Online,Active,41.4,51349.44,4.2
STU13710,2022-04-04,2022,Apr,Guwahati,Tier 3,6-10,Female,NEET Crash Course,Competitive Exam,11-12,Annual,Online,Trial - Not Converted,13.4,0.0,
STU11062,2022-04-05,2022,Apr,Pune,Tier 1,6-10,Female,JEE Main Foundation,Competitive Exam,11-12,Annual,Offline,Active,72.5,34850.3,5.0
STU12245,2022-04-05,2022,Apr,Delhi,Tier 1,15-17,Male,Class 10 CBSE Complete,School Curriculum,10,Annual,Online,Trial - Not Converted,6.3,0.0,
STU11851,2022-04-05,2022,Apr,Delhi,Tier 1,18+,Female,Class 8 Maths & Science,School Curriculum,8,Annual,Online,Trial - Not Converted,10.2,0.0,
STU15270,2022-04-05,2022,Apr,Varanasi,Tier 3,6-10,Female,UPSC Prelims Foundation,Competitive Exam,Graduate,Quarterly,Offline,Active,35.5,15417.25,5.0
STU13593,2022-04-06,2022,Apr,Lucknow,Tier 2,6-10,Male,UPSC Prelims Foundation,Competitive Exam,Graduate,Monthly,Offline,Active,26.9,5062.07,4.6
STU10102,2022-04-06,2022,Apr,Hyderabad,Tier 1,18+,Female,NEET Crash Course,Competitive Exam,11-12,Annual,Online,Active,81.4,39649.37,4.0
STU14438,2022-04-06,2022,Apr,Delhi,Tier 1,15-17,Male,UPSC Prelims Foundation,Competitive Exam,Graduate,Annual,Online,Active,73.1,46322.87,5.0
STU13951,2022-04-07,2022,Apr,Jaipur,Tier 2,11-14,Female,Class 6 Foundation,School Curriculum,6,Quarterly,Offline,Active,68.4,2288.58,4.2
STU13371,2022-04-07,2022,Apr,Kolkata,Tier 1,6-10,Female,Robotics & AI Basics,Coding,6-8,Monthly,Online,Active,75.8,1139.61,4.2
STU14470,2022-04-07,2022,Apr,Patna,Tier 2,11-14,Female,Spoken English Mastery,Skill Development,All,Quarterly,Online,Trial - Not Converted,24.6,0.0,
STU13655,2022-04-07,2022,Apr,Kolkata,Tier 1,15-17,Female,Class 10 CBSE Complete,School Curriculum,10,Annual,Online,Active,91.3,13592.55,4.3
STU13416,2022-04-07,2022,Apr,Meerut,Tier 3,15-17,Male,NEET Crash Course,Competitive Exam,11-12,Quarterly,Offline,Trial - Not Converted,5.9,0.0,
STU15593,2022-04-07,2022,Apr,Guwahati,Tier 3,18+,Male,Class 6 Foundation,School Curriculum,6,Quarterly,Online,Active,88.0,2609.49,4.5
STU15158,2022-04-07,2022,Apr,Meerut,Tier 3,15-17,Male,Class 6 Foundation,School Curriculum,6,Annual,Offline,Active,25.6,8358.48,3.2
STU13862,2022-04-07,2022,Apr,Patna,Tier 2,18+,Female,UPSC Prelims Foundation,Competitive Exam,Graduate,Monthly,Online,Active,27.3,5216.95,3.9
STU10192,2022-04-07,2022,Apr,Kanpur,Tier 2,11-14,Female,Class 8 Maths & Science,School Curriculum,8,Quarterly,Offline,Active,88.1,3076.89,4.0
STU10233,2022-04-07,2022,Apr,Bengaluru,Tier 1,18+,Male,NEET Crash Course,Competitive Exam,11-12,Annual,Offline,Churned,30.4,42190.75,4.5
STU11917,2022-04-08,2022,Apr,Lucknow,Tier 2,18+,Male,Robotics & AI Basics,Coding,6-8,Monthly,Online,Completed,100.0,1245.06,4.8
STU14076,2022-04-08,2022,Apr,Surat,Tier 2,11-14,Male,Class 8 Maths & Science,School Curriculum,8,Monthly,Offline,Active,62.9,974.29,3.4
STU12748,2022-04-09,2022,Apr,Chennai,Tier 1,11-14,Female,Class 6 Foundation,School Curriculum,6,Annual,Offline,Active,56.2,7597.67,4.4
STU12156,2022-04-09,2022,Apr,Pune,Tier 1,11-14,Male,Class 6 Foundation,School Curriculum,6,Quarterly,Online,Active,28.1,2355.02,2.8
STU12453,2022-04-09,2022,Apr,Pune,Tier 1,18+,Male,Coding for Kids - Scratch,Coding,3-5,Monthly,Online,Active,56.8,687.89,4.2
STU12215,2022-04-10,2022,Apr,Chennai,Tier 1,6-10,Male,NEET Crash Course,Competitive Exam,11-12,Quarterly,Offline,Active,99.8,12814.26,4.2
STU14565,2022-04-10,2022,Apr,Indore,Tier 2,15-17,Male,Robotics & AI Basics,Coding,6-8,Monthly,Offline,Completed,100.0,1144.94,4.9
STU13031,2022-04-10,2022,Apr,Meerut,Tier 3,6-10,Female,UPSC Prelims Foundation,Competitive Exam,Graduate,Annual,Offline,Trial - Not Converted,18.1,0.0,
STU13393,2022-04-10,2022,Apr,Varanasi,Tier 3,18+,Male,Class 6 Foundation,School Curriculum,6,Monthly,Offline,Active,22.0,826.9,4.8
STU15467,2022-04-10,2022,Apr,Bhopal,Tier 2,11-14,Male,Coding for Kids - Scratch,Coding,3-5,Annual,Online,Trial - Not Converted,15.9,0.0,
STU15305,2022-04-11,2022,Apr,Hyderabad,Tier 1,15-17,Female,Coding for Kids - Scratch,Coding,3-5,Annual,Online,Active,79.8,6600.47,3.9
STU13200,2022-04-11,2022,Apr,Hyderabad,Tier 1,6-10,Female,Class 10 CBSE Complete,School Curriculum,10,Monthly,Online,Trial - Not Converted,4.5,0.0,
STU13727,2022-04-11,2022,Apr,Mumbai,Tier 1,15-17,Female,Spoken English Mastery,Skill Development,All,Monthly,Online,Completed,100.0,469.37,3.9
STU12077,2022-04-11,2022,Apr,Bhopal,Tier 2,18+,Female,NEET Crash Course,Competitive Exam,11-12,Quarterly,Online,Active,71.7,13508.27,3.5
STU14748,2022-04-11,2022,Apr,Surat,Tier 2,6-10,Female,NEET Crash Course,Competitive Exam,11-12,Annual,Offline,Active,96.3,41416.22,3.6
STU13340,2022-04-11,2022,Apr,Mumbai,Tier 1,18+,Male,Class 10 CBSE Complete,School Curriculum,10,Annual,Online,Active,84.3,15358.2,4.2
STU11535,2022-04-12,2022,Apr,Pune,Tier 1,11-14,Female,Spoken English Mastery,Skill Development,All,Quarterly,Offline,Active,89.4,1535.45,3.9
STU10751,2022-04-12,2022,Apr,Hyderabad,Tier 1,18+,Female,Robotics & AI Basics,Coding,6-8,Annual,Online,Trial - Not Converted,21.2,0.0,
STU11082,2022-04-12,2022,Apr,Kolkata,Tier 1,11-14,Female,Spoken English Mastery,Skill Development,All,Annual,Online,Active,50.7,4965.02,3.5
STU11995,2022-04-13,2022,Apr,Patna,Tier 2,6-10,Female,Coding for Kids - Scratch,Coding,3-5,Monthly,Online,Active,48.2,607.03,3.0
STU12213,2022-04-13,2022,Apr,Kanpur,Tier 2,15-17,Male,Python for Beginners,Coding,6-8,Monthly,Online,Active,79.7,808.2,5.0
STU12149,2022-04-13,2022,Apr,Bhopal,Tier 2,6-10,Female,Class 6 Foundation,School Curriculum,6,Annual,Offline,Active,29.1,8111.47,4.4
STU12021,2022-04-13,2022,Apr,Bengaluru,Tier 1,11-14,Female,Coding for Kids - Scratch,Coding,3-5,Quarterly,Offline,Active,53.5,2084.42,5.0
STU14923,2022-04-13,2022,Apr,Indore,Tier 2,18+,Male,Coding for Kids - Scratch,Coding,3-5,Annual,Online,Churned,51.9,6428.26,4.6
STU12469,2022-04-13,2022,Apr,Jaipur,Tier 2,18+,Female,Spoken English Mastery,Skill Development,All,Annual,Offline,Trial - Not Converted,5.7,0.0,
STU15440,2022-04-13,2022,Apr,Pune,Tier 1,18+,Male,Class 6 Foundation,School Curriculum,6,Monthly,Online,Active,70.8,848.48,4.0
STU14153,2022-04-14,2022,Apr,Ahmedabad,Tier 1,18+,Female,JEE Main Foundation,Competitive Exam,11-12,Annual,Offline,Active,32.9,38463.68,4.3
STU14225,2022-04-14,2022,Apr,Bengaluru,Tier 1,18+,Female,Class 8 Maths & Science,School Curriculum,8,Annual,Online,Churned,55.9,9266.84,3.6
STU12947,2022-04-14,2022,Apr,Kolkata,Tier 1,18+,Female,Python for Beginners,Coding,6-8,Quarterly,Online,Active,92.9,2415.53,3.6
STU12141,2022-04-15,2022,Apr,Bhopal,Tier 2,6-10,Female,Coding for Kids - Scratch,Coding,3-5,Quarterly,Online,Trial - Not Converted,8.4,0.0,
STU10146,2022-04-15,2022,Apr,Guwahati,Tier 3,15-17,Male,Class 10 CBSE Complete,School Curriculum,10,Annual,Online,Active,24.8,15420.48,3.9
STU11104,2022-04-15,2022,Apr,Indore,Tier 2,18+,Male,Class 8 Maths & Science,School Curriculum,8,Annual,Online,Active,31.2,9894.09,4.4
STU11513,2022-04-15,2022,Apr,Indore,Tier 2,11-14,Male,Spoken English Mastery,Skill Development,All,Quarterly,Online,Completed,100.0,1420.13,4.5
STU12778,2022-04-15,2022,Apr,Jaipur,Tier 2,11-14,Female,Robotics & AI Basics,Coding,6-8,Quarterly,Online,Active,49.7,3843.91,4.4
STU14754,2022-04-15,2022,Apr,Kota,Tier 3,11-14,Female,JEE Main Foundation,Competitive Exam,11-12,Monthly,Offline,Churned,52.8,3454.32,4.5
STU12623,2022-04-16,2022,Apr,Nagpur,Tier 2,18+,Male,Class 8 Maths & Science,School Curriculum,8,Annual,Offline,Trial - Not Converted,23.8,0.0,
STU15488,2022-04-16,2022,Apr,Bengaluru,Tier 1,18+,Female,JEE Main Foundation,Competitive Exam,11-12,Monthly,Offline,Churned,11.9,3652.7,2.7
STU12225,2022-04-17,2022,Apr,Ahmedabad,Tier 1,11-14,Female,NEET Crash Course,Competitive Exam,11-12,Quarterly,Online,Active,65.1,11804.85,4.9
STU12583,2022-04-17,2022,Apr,Kolkata,Tier 1,18+,Male,Spoken English Mastery,Skill Development,All,Monthly,Online,Active,54.7,491.12,4.4
STU14007,2022-04-18,2022,Apr,Delhi,Tier 1,6-10,Female,UPSC Prelims Foundation,Competitive Exam,Graduate,Quarterly,Online,Trial - Not Converted,10.6,0.0,
STU13774,2022-04-18,2022,Apr,Chennai,Tier 1,18+,Female,NEET Crash Course,Competitive Exam,11-12,Quarterly,Offline,Active,26.3,13089.13,4.3
STU11189,2022-04-18,2022,Apr,Chennai,Tier 1,6-10,Male,JEE Main Foundation,Competitive Exam,11-12,Annual,Offline,Active,32.1,37238.12,4.1
STU12582,2022-04-18,2022,Apr,Indore,Tier 2,6-10,Male,Robotics & AI Basics,Coding,6-8,Monthly,Online,Active,25.9,1195.43,4.3
STU14996,2022-04-18,2022,Apr,Bhopal,Tier 2,15-17,Female,Spoken English Mastery,Skill Development,All,Monthly,Online,Active,37.2,509.57,4.9
STU11721,2022-04-19,2022,Apr,Surat,Tier 2,18+,Female,Class 8 Maths & Science,School Curriculum,8,Quarterly,Offline,Completed,100.0,3027.7,5.0
STU12350,2022-04-19,2022,Apr,Chennai,Tier 1,11-14,Male,Class 8 Maths & Science,School Curriculum,8,Annual,Online,Active,21.0,10122.81,5.0
STU15343,2022-04-20,2022,Apr,Kolkata,Tier 1,6-10,Male,UPSC Prelims Foundation,Competitive Exam,Graduate,Monthly,Offline,Active,36.9,4877.37,3.7
STU10167,2022-04-21,2022,Apr,Bengaluru,Tier 1,15-17,Male,Python for Beginners,Coding,6-8,Quarterly,Online,Active,41.2,2460.0,3.5
STU10140,2022-04-21,2022,Apr,Kanpur,Tier 2,11-14,Male,UPSC Prelims Foundation,Competitive Exam,Graduate,Annual,Offline,Active,55.6,49057.37,3.5
STU10909,2022-04-21,2022,Apr,Bengaluru,Tier 1,15-17,Female,Coding for Kids - Scratch,Coding,3-5,Monthly,Online,Active,93.3,619.5,3.5
STU10668,2022-04-22,2022,Apr,Mumbai,Tier 1,6-10,Female,Class 8 Maths & Science,School Curriculum,8,Monthly,Online,Active,71.9,968.79,4.0
STU13034,2022-04-22,2022,Apr,Bhopal,Tier 2,11-14,Female,JEE Main Foundation,Competitive Exam,11-12,Annual,Online,Active,27.2,38725.13,3.9
STU10959,2022-04-22,2022,Apr,Bengaluru,Tier 1,15-17,Female,Python for Beginners,Coding,6-8,Quarterly,Offline,Active,98.5,2207.24,4.2
STU10148,2022-04-22,2022,Apr,Delhi,Tier 1,18+,Male,Python for Beginners,Coding,6-8,Monthly,Online,Active,81.7,735.52,3.4
STU14902,2022-04-22,2022,Apr,Delhi,Tier 1,11-14,Female,Spoken English Mastery,Skill Development,All,Annual,Online,Active,51.5,4666.03,4.2
STU15269,2022-04-22,2022,Apr,Delhi,Tier 1,18+,Female,Class 6 Foundation,School Curriculum,6,Annual,Offline,Active,61.4,7804.71,3.7
STU11368,2022-04-22,2022,Apr,Delhi,Tier 1,6-10,Male,UPSC Prelims Foundation,Competitive Exam,Graduate,Annual,Offline,Active,27.9,46452.08,4.6
STU11184,2022-04-23,2022,Apr,Indore,Tier 2,6-10,Female,Class 6 Foundation,School Curriculum,6,Annual,Offline,Completed,100.0,8108.27,5.0
STU11822,2022-04-23,2022,Apr,Kanpur,Tier 2,11-14,Female,Coding for Kids - Scratch,Coding,3-5,Quarterly,Online,Completed,100.0,1850.8,4.3
STU13528,2022-04-23,2022,Apr,Hyderabad,Tier 1,18+,Male,NEET Crash Course,Competitive Exam,11-12,Annual,Offline,Active,89.1,42700.58,4.9
STU11838,2022-04-23,2022,Apr,Ahmedabad,Tier 1,18+,Male,Robotics & AI Basics,Coding,6-8,Monthly,Online,Trial - Not Converted,6.7,0.0,
STU14142,2022-04-24,2022,Apr,Lucknow,Tier 2,6-10,Male,Class 6 Foundation,School Curriculum,6,Annual,Offline,Active,65.1,7637.82,4.3
STU11239,2022-04-24,2022,Apr,Bhopal,Tier 2,6-10,Male,Class 6 Foundation,School Curriculum,6,Annual,Online,Completed,100.0,7661.74,4.5
STU15156,2022-04-24,2022,Apr,Mumbai,Tier 1,11-14,Female,Python for Beginners,Coding,6-8,Quarterly,Online,Active,88.5,2488.93,4.4
STU12244,2022-04-24,2022,Apr,Chennai,Tier 1,18+,Male,Class 6 Foundation,School Curriculum,6,Quarterly,Online,Active,54.1,2484.75,5.0
STU11754,2022-04-24,2022,Apr,Hyderabad,Tier 1,15-17,Male,Spoken English Mastery,Skill Development,All,Monthly,Offline,Churned,52.8,485.47,4.1
STU14483,2022-04-24,2022,Apr,Bhopal,Tier 2,15-17,Male,Class 10 CBSE Complete,School Curriculum,10,Annual,Online,Churned,49.0,14985.83,3.8
STU14826,2022-04-25,2022,Apr,Hyderabad,Tier 1,18+,Male,Class 10 CBSE Complete,School Curriculum,10,Annual,Offline,Active,80.1,14124.5,4.2
STU14790,2022-04-25,2022,Apr,Kanpur,Tier 2,15-17,Female,Python for Beginners,Coding,6-8,Annual,Offline,Active,80.6,8011.55,3.6
STU13944,2022-04-25,2022,Apr,Bengaluru,Tier 1,18+,Male,Spoken English Mastery,Skill Development,All,Annual,Online,Active,90.6,4603.81,5.0
STU11032,2022-04-26,2022,Apr,Mumbai,Tier 1,11-14,Male,Coding for Kids - Scratch,Coding,3-5,Quarterly,Online,Active,58.0,2030.01,4.0
STU10562,2022-04-26,2022,Apr,Bhopal,Tier 2,18+,Female,UPSC Prelims Foundation,Competitive Exam,Graduate,Annual,Online,Completed,100.0,51338.37,4.5
STU12227,2022-04-26,2022,Apr,Jaipur,Tier 2,18+,Male,Class 6 Foundation,School Curriculum,6,Monthly,Offline,Active,30.5,848.61,4.3
STU14730,2022-04-26,2022,Apr,Nagpur,Tier 2,6-10,Female,UPSC Prelims Foundation,Competitive Exam,Graduate,Annual,Offline,Active,37.2,47488.9,4.1
STU10737,2022-04-26,2022,Apr,Surat,Tier 2,11-14,Female,Spoken English Mastery,Skill Development,All,Monthly,Online,Completed,100.0,506.66,4.0
STU15145,2022-04-26,2022,Apr,Varanasi,Tier 3,18+,Male,NEET Crash Course,Competitive Exam,11-12,Annual,Online,Churned,33.7,41171.3,3.9
STU14633,2022-04-26,2022,Apr,Pune,Tier 1,6-10,Female,JEE Main Foundation,Competitive Exam,11-12,Quarterly,Offline,Active,64.4,11543.68,3.7
STU14435,2022-04-27,2022,Apr,Chennai,Tier 1,18+,Female,Class 6 Foundation,School Curriculum,6,Monthly,Online,Churned,39.3,860.48,3.5
STU10064,2022-04-27,2022,Apr,Varanasi,Tier 3,6-10,Male,NEET Crash Course,Competitive Exam,11-12,Quarterly,Offline,Trial - Not Converted,2.8,0.0,
STU12536,2022-04-27,2022,Apr,Patna,Tier 2,11-14,Male,Python for Beginners,Coding,6-8,Annual,Online,Active,68.0,7545.9,3.9
STU10061,2022-04-27,2022,Apr,Bengaluru,Tier 1,18+,Female,Robotics & AI Basics,Coding,6-8,Annual,Offline,Active,70.5,11843.66,4.0
STU12333,2022-04-27,2022,Apr,Kolkata,Tier 1,11-14,Male,Class 10 CBSE Complete,School Curriculum,10,Quarterly,Online,Active,69.0,4223.8,4.4
STU10714,2022-04-28,2022,Apr,Patna,Tier 2,18+,Female,Class 8 Maths & Science,School Curriculum,8,Monthly,Offline,Trial - Not Converted,18.8,0.0,
STU12822,2022-04-28,2022,Apr,Chennai,Tier 1,15-17,Male,Python for Beginners,Coding,6-8,Annual,Online,Active,64.4,8064.53,3.6
STU14649,2022-04-28,2022,Apr,Kolkata,Tier 1,18+,Male,Spoken English Mastery,Skill Development,All,Monthly,Online,Completed,100.0,474.87,4.2
STU13744,2022-04-28,2022,Apr,Jaipur,Tier 2,11-14,Male,JEE Main Foundation,Competitive Exam,11-12,Annual,Online,Churned,10.3,38173.62,3.6
STU10829,2022-04-29,2022,Apr,Nagpur,Tier 2,11-14,Male,UPSC Prelims Foundation,Competitive Exam,Graduate,Annual,Online,Active,68.4,46126.93,5.0
STU12877,2022-04-30,2022,Apr,Surat,Tier 2,11-14,Female,UPSC Prelims Foundation,Competitive Exam,Graduate,Quarterly,Online,Active,79.8,13655.39,4.9
STU13667,2022-04-30,2022,Apr,Lucknow,Tier 2,11-14,Male,Spoken English Mastery,Skill Development,All,Annual,Offline,Churned,55.8,4730.56,4.7
STU13394,2022-04-30,2022,Apr,Hyderabad,Tier 1,6-10,Female,Spoken English Mastery,Skill Development,All,Annual,Offline,Active,80.0,5214.74,4.1
STU12485,2022-04-30,2022,Apr,Bhopal,Tier 2,11-14,Male,Robotics & AI Basics,Coding,6-8,Monthly,Online,Active,21.5,1200.42,3.5
STU14642,2022-05-01,2022,May,Guwahati,Tier 3,6-10,Female,Robotics & AI Basics,Coding,6-8,Monthly,Offline,Active,59.5,1282.95,4.6
STU14353,2022-05-01,2022,May,Nagpur,Tier 2,15-17,Male,NEET Crash Course,Competitive Exam,11-12,Annual,Offline,Active,93.2,44474.85,4.9
STU10541,2022-05-01,2022,May,Indore,Tier 2,18+,Female,UPSC Prelims Foundation,Competitive Exam,Graduate,Annual,Offline,Active,63.3,46628.41,5.0
STU14453,2022-05-01,2022,May,Jaipur,Tier 2,6-10,Male,Class 10 CBSE Complete,School Curriculum,10,Annual,Offline,Active,34.9,13611.66,3.4
STU13098,2022-05-01,2022,May,Hyderabad,Tier 1,18+,Male,Robotics & AI Basics,Coding,6-8,Monthly,Online,Active,80.6,1309.75,4.9
STU14612,2022-05-02,2022,May,Mumbai,Tier 1,6-10,Male,Python for Beginners,Coding,6-8,Monthly,Online,Active,58.2,815.26,4.2
STU10127,2022-05-02,2022,May,Jodhpur,Tier 3,6-10,Female,Spoken English Mastery,Skill Development,All,Annual,Online,Active,43.9,4872.59,4.1
STU14743,2022-05-02,2022,May,Kota,Tier 3,15-17,Female,Class 6 Foundation,School Curriculum,6,Monthly,Offline,Completed,100.0,862.37,3.9
STU14208,2022-05-02,2022,May,Jaipur,Tier 2,6-10,Male,Robotics & AI Basics,Coding,6-8,Annual,Online,Trial - Not Converted,1.2,0.0,
STU15121,2022-05-02,2022,May,Delhi,Tier 1,18+,Female,Class 6 Foundation,School Curriculum,6,Quarterly,Online,Active,33.0,2548.63,3.5
STU15843,2022-05-02,2022,May,Lucknow,Tier 2,6-10,Male,UPSC Prelims Foundation,Competitive Exam,Graduate,Annual,Offline,Active,31.4,45489.65,4.1
STU14705,2022-05-02,2022,May,Mumbai,Tier 1,15-17,Female,Class 8 Maths & Science,School Curriculum,8,Annual,Offline,Churned,29.9,9906.95,5.0
STU14002,2022-05-03,2022,May,Surat,Tier 2,11-14,Female,JEE Main Foundation,Competitive Exam,11-12,Annual,Online,Completed,100.0,38130.49,4.5
STU14447,2022-05-03,2022,May,Ranchi,Tier 3,6-10,Male,Python for Beginners,Coding,6-8,Monthly,Offline,Active,47.6,826.51,4.6
STU10662,2022-05-03,2022,May,Delhi,Tier 1,18+,Female,Robotics & AI Basics,Coding,6-8,Annual,Online,Churned,34.7,13026.87,3.5
STU11966,2022-05-03,2022,May,Raipur,Tier 3,18+,Male,Spoken English Mastery,Skill Development,All,Quarterly,Online,Completed,100.0,1412.94,4.6
STU13179,2022-05-04,2022,May,Pune,Tier 1,15-17,Female,Class 6 Foundation,School Curriculum,6,Monthly,Online,Trial - Not Converted,9.7,0.0,
STU13487,2022-05-04,2022,May,Mumbai,Tier 1,15-17,Female,UPSC Prelims Foundation,Competitive Exam,Graduate,Monthly,Online,Active,91.2,4781.21,4.1
STU13006,2022-05-04,2022,May,Patna,Tier 2,6-10,Female,Spoken English Mastery,Skill Development,All,Monthly,Online,Completed,100.0,521.62,3.4
STU14623,2022-05-04,2022,May,Nagpur,Tier 2,11-14,Female,Class 6 Foundation,School Curriculum,6,Annual,Offline,Active,74.7,8363.81,3.8
STU13050,2022-05-05,2022,May,Chennai,Tier 1,15-17,Male,Coding for Kids - Scratch,Coding,3-5,Quarterly,Online,Active,55.5,1881.79,4.1
STU11428,2022-05-05,2022,May,Jaipur,Tier 2,11-14,Male,UPSC Prelims Foundation,Competitive Exam,Graduate,Annual,Online,Active,39.9,46124.56,4.9
STU13563,2022-05-05,2022,May,Kota,Tier 3,11-14,Female,Spoken English Mastery,Skill Development,All,Quarterly,Online,Active,24.6,1506.25,5.0
STU14861,2022-05-05,2022,May,Delhi,Tier 1,11-14,Male,UPSC Prelims Foundation,Competitive Exam,Graduate,Quarterly,Online,Active,61.8,14087.58,4.4
STU13825,2022-05-05,2022,May,Jodhpur,Tier 3,18+,Male,Class 10 CBSE Complete,School Curriculum,10,Monthly,Offline,Active,23.1,1518.12,4.6
STU13195,2022-05-06,2022,May,Chennai,Tier 1,15-17,Female,Class 6 Foundation,School Curriculum,6,Annual,Offline,Trial - Not Converted,8.0,0.0,
STU10554,2022-05-06,2022,May,Kolkata,Tier 1,18+,Male,Coding for Kids - Scratch,Coding,3-5,Quarterly,Online,Active,58.7,1838.11,4.9
STU10225,2022-05-06,2022,May,Jodhpur,Tier 3,11-14,Male,UPSC Prelims Foundation,Competitive Exam,Graduate,Annual,Offline,Completed,100.0,50902.44,4.5
STU15816,2022-05-06,2022,May,Ranchi,Tier 3,6-10,Male,Python for Beginners,Coding,6-8,Quarterly,Online,Active,57.1,2422.0,4.2
STU15818,2022-05-06,2022,May,Mumbai,Tier 1,15-17,Female,Class 8 Maths & Science,School Curriculum,8,Annual,Online,Trial - Not Converted,4.8,0.0,
STU12975,2022-05-06,2022,May,Mumbai,Tier 1,11-14,Male,UPSC Prelims Foundation,Competitive Exam,Graduate,Monthly,Online,Active,69.0,4782.46,3.8
STU12261,2022-05-06,2022,May,Mumbai,Tier 1,6-10,Male,Class 6 Foundation,School Curriculum,6,Monthly,Online,Active,94.7,801.29,4.3
STU13120,2022-05-07,2022,May,Hyderabad,Tier 1,11-14,Female,Class 6 Foundation,School Curriculum,6,Quarterly,Offline,Active,63.6,2336.02,3.7
STU12769,2022-05-07,2022,May,Delhi,Tier 1,18+,Male,JEE Main Foundation,Competitive Exam,11-12,Quarterly,Online,Completed,100.0,10297.84,4.0
STU10691,2022-05-07,2022,May,Nagpur,Tier 2,18+,Male,Python for Beginners,Coding,6-8,Annual,Online,Trial - Not Converted,9.6,0.0,
STU11346,2022-05-07,2022,May,Kanpur,Tier 2,11-14,Female,NEET Crash Course,Competitive Exam,11-12,Annual,Offline,Trial - Not Converted,18.2,0.0,
STU14537,2022-05-07,2022,May,Patna,Tier 2,18+,Male,Class 8 Maths & Science,School Curriculum,8,Monthly,Online,Active,99.0,910.78,4.2
STU15696,2022-05-08,2022,May,Kanpur,Tier 2,11-14,Male,Spoken English Mastery,Skill Development,All,Annual,Online,Completed,100.0,5102.35,4.3
STU14432,2022-05-08,2022,May,Bengaluru,Tier 1,11-14,Female,JEE Main Foundation,Competitive Exam,11-12,Quarterly,Online,Completed,100.0,11011.11,5.0
STU15446,2022-05-09,2022,May,Surat,Tier 2,6-10,Male,Python for Beginners,Coding,6-8,Quarterly,Online,Active,85.9,2138.23,4.9
STU11836,2022-05-09,2022,May,Varanasi,Tier 3,15-17,Female,Spoken English Mastery,Skill Development,All,Monthly,Online,Active,42.2,501.1,3.6
STU14058,2022-05-09,2022,May,Hyderabad,Tier 1,6-10,Male,Python for Beginners,Coding,6-8,Annual,Online,Completed,100.0,8208.57,4.7
STU13559,2022-05-09,2022,May,Pune,Tier 1,6-10,Female,NEET Crash Course,Competitive Exam,11-12,Annual,Online,Completed,100.0,42688.38,4.3
STU15078,2022-05-10,2022,May,Hyderabad,Tier 1,6-10,Male,Class 8 Maths & Science,School Curriculum,8,Annual,Online,Trial - Not Converted,2.0,0.0,
STU13766,2022-05-10,2022,May,Guwahati,Tier 3,15-17,Male,Class 10 CBSE Complete,School Curriculum,10,Annual,Online,Active,92.7,14317.66,4.3
STU15039,2022-05-10,2022,May,Indore,Tier 2,6-10,Male,Class 8 Maths & Science,School Curriculum,8,Quarterly,Offline,Churned,57.3,2780.38,3.9
STU10592,2022-05-10,2022,May,Delhi,Tier 1,6-10,Female,Python for Beginners,Coding,6-8,Annual,Online,Active,88.0,8189.44,4.2
STU15133,2022-05-10,2022,May,Pune,Tier 1,18+,Female,JEE Main Foundation,Competitive Exam,11-12,Annual,Offline,Trial - Not Converted,19.9,0.0,
STU10392,2022-05-10,2022,May,Patna,Tier 2,15-17,Male,Robotics & AI Basics,Coding,6-8,Annual,Online,Active,85.7,11751.82,4.3
STU12828,2022-05-10,2022,May,Kanpur,Tier 2,18+,Female,Class 8 Maths & Science,School Curriculum,8,Annual,Online,Active,80.4,9240.81,4.3
STU11013,2022-05-10,2022,May,Hyderabad,Tier 1,6-10,Female,Class 6 Foundation,School Curriculum,6,Annual,Online,Trial - Not Converted,20.3,0.0,
STU11064,2022-05-10,2022,May,Hyderabad,Tier 1,6-10,Female,Coding for Kids - Scratch,Coding,3-5,Monthly,Online,Trial - Not Converted,23.8,0.0,
STU10771,2022-05-10,2022,May,Indore,Tier 2,11-14,Male,Class 10 CBSE Complete,School Curriculum,10,Annual,Online,Trial - Not Converted,5.4,0.0,
STU13561,2022-05-10,2022,May,Mumbai,Tier 1,15-17,Female,UPSC Prelims Foundation,Competitive Exam,Graduate,Monthly,Online,Churned,17.2,4942.21,4.6
STU10288,2022-05-10,2022,May,Indore,Tier 2,6-10,Male,Python for Beginners,Coding,6-8,Annual,Online,Active,53.2,8194.36,4.5
STU10868,2022-05-10,2022,May,Pune,Tier 1,11-14,Female,Robotics & AI Basics,Coding,6-8,Annual,Offline,Active,49.5,11651.58,4.3
STU10038,2022-05-10,2022,May,Kanpur,Tier 2,6-10,Female,Class 10 CBSE Complete,School Curriculum,10,Annual,Online,Completed,100.0,14315.98,3.8
STU14319,2022-05-11,2022,May,Kanpur,Tier 2,18+,Male,Class 6 Foundation,School Curriculum,6,Monthly,Online,Active,82.2,794.46,4.4
STU13325,2022-05-11,2022,May,Hyderabad,Tier 1,11-14,Female,Coding for Kids - Scratch,Coding,3-5,Quarterly,Offline,Trial - Not Converted,12.9,0.0,
STU10111,2022-05-11,2022,May,Hyderabad,Tier 1,18+,Male,Spoken English Mastery,Skill Development,All,Monthly,Online,Completed,100.0,450.15,4.7
STU14450,2022-05-11,2022,May,Ahmedabad,Tier 1,18+,Female,Robotics & AI Basics,Coding,6-8,Quarterly,Online,Active,60.3,3631.87,4.5
STU14056,2022-05-12,2022,May,Ranchi,Tier 3,18+,Female,Class 6 Foundation,School Curriculum,6,Quarterly,Offline,Active,24.1,2477.2,4.5
STU14462,2022-05-12,2022,May,Nagpur,Tier 2,18+,Female,Class 10 CBSE Complete,School Curriculum,10,Quarterly,Online,Trial - Not Converted,5.5,0.0,
STU10347,2022-05-12,2022,May,Jodhpur,Tier 3,6-10,Female,Spoken English Mastery,Skill Development,All,Annual,Online,Active,64.5,4646.05,3.8
STU13426,2022-05-12,2022,May,Kota,Tier 3,15-17,Male,Robotics & AI Basics,Coding,6-8,Annual,Offline,Active,79.0,11869.61,4.5
STU15947,2022-05-12,2022,May,Jaipur,Tier 2,11-14,Female,JEE Main Foundation,Competitive Exam,11-12,Quarterly,Online,Active,23.4,10574.17,3.1
STU14145,2022-05-13,2022,May,Jaipur,Tier 2,18+,Male,JEE Main Foundation,Competitive Exam,11-12,Quarterly,Online,Churned,43.1,11045.74,4.1
STU11943,2022-05-13,2022,May,Guwahati,Tier 3,6-10,Male,Class 6 Foundation,School Curriculum,6,Annual,Online,Active,62.2,8191.19,4.6
STU12744,2022-05-13,2022,May,Kota,Tier 3,18+,Male,Class 10 CBSE Complete,School Curriculum,10,Monthly,Offline,Active,38.3,1526.97,4.1
STU10925,2022-05-13,2022,May,Indore,Tier 2,6-10,Female,Class 10 CBSE Complete,School Curriculum,10,Monthly,Offline,Active,95.3,1357.8,3.9
STU13718,2022-05-13,2022,May,Kolkata,Tier 1,6-10,Female,UPSC Prelims Foundation,Competitive Exam,Graduate,Monthly,Offline,Active,20.1,5111.58,3.2
STU11402,2022-05-13,2022,May,Kota,Tier 3,18+,Female,NEET Crash Course,Competitive Exam,11-12,Annual,Offline,Trial - Not Converted,15.8,0.0,
STU10125,2022-05-13,2022,May,Delhi,Tier 1,18+,Female,Python for Beginners,Coding,6-8,Annual,Offline,Completed,100.0,8291.72,4.3
STU11306,2022-05-14,2022,May,Delhi,Tier 1,18+,Male,Class 10 CBSE Complete,School Curriculum,10,Annual,Online,Trial - Not Converted,9.8,0.0,
STU14231,2022-05-14,2022,May,Delhi,Tier 1,11-14,Female,Class 8 Maths & Science,School Curriculum,8,Annual,Offline,Active,35.0,9532.61,4.9
STU15570,2022-05-14,2022,May,Raipur,Tier 3,18+,Female,NEET Crash Course,Competitive Exam,11-12,Annual,Offline,Churned,27.1,41021.38,4.8
STU14229,2022-05-14,2022,May,Indore,Tier 2,18+,Female,Class 8 Maths & Science,School Curriculum,8,Annual,Offline,Active,94.4,9622.37,4.5
STU10581,2022-05-15,2022,May,Lucknow,Tier 2,11-14,Female,JEE Main Foundation,Competitive Exam,11-12,Annual,Online,Active,83.5,37560.45,5.0
STU11511,2022-05-16,2022,May,Chennai,Tier 1,15-17,Male,Class 10 CBSE Complete,School Curriculum,10,Monthly,Online,Trial - Not Converted,13.2,0.0,
STU11864,2022-05-17,2022,May,Bhopal,Tier 2,6-10,Male,Robotics & AI Basics,Coding,6-8,Monthly,Online,Active,27.6,1228.08,4.1
STU13462,2022-05-17,2022,May,Pune,Tier 1,18+,Male,Class 8 Maths & Science,School Curriculum,8,Annual,Online,Active,85.9,9888.55,3.6
STU12179,2022-05-17,2022,May,Hyderabad,Tier 1,18+,Male,Python for Beginners,Coding,6-8,Quarterly,Offline,Active,76.3,2335.55,4.2
STU15389,2022-05-17,2022,May,Jaipur,Tier 2,6-10,Male,Python for Beginners,Coding,6-8,Quarterly,Online,Active,43.0,2317.72,4.0
STU11858,2022-05-17,2022,May,Guwahati,Tier 3,6-10,Female,Robotics & AI Basics,Coding,6-8,Annual,Online,Trial - Not Converted,12.7,0.0,
STU12412,2022-05-17,2022,May,Meerut,Tier 3,15-17,Female,Robotics & AI Basics,Coding,6-8,Annual,Online,Active,44.5,12374.33,2.9
STU11551,2022-05-17,2022,May,Bengaluru,Tier 1,11-14,Male,Class 8 Maths & Science,School Curriculum,8,Annual,Online,Churned,49.8,9242.99,5.0
STU10767,2022-05-18,2022,May,Bhopal,Tier 2,18+,Female,NEET Crash Course,Competitive Exam,11-12,Annual,Offline,Completed,100.0,41306.82,5.0
STU14831,2022-05-18,2022,May,Raipur,Tier 3,6-10,Female,Class 8 Maths & Science,School Curriculum,8,Annual,Offline,Churned,28.8,9064.53,3.7
STU10004,2022-05-18,2022,May,Chennai,Tier 1,6-10,Female,JEE Main Foundation,Competitive Exam,11-12,Annual,Offline,Completed,100.0,37649.48,3.6
STU13192,2022-05-18,2022,May,Mumbai,Tier 1,11-14,Female,NEET Crash Course,Competitive Exam,11-12,Quarterly,Online,Active,67.2,13567.3,4.9
STU12325,2022-05-19,2022,May,Bengaluru,Tier 1,11-14,Female,Coding for Kids - Scratch,Coding,3-5,Annual,Online,Churned,29.7,6550.02,3.2
STU14150,2022-05-19,2022,May,Delhi,Tier 1,11-14,Female,Coding for Kids - Scratch,Coding,3-5,Monthly,Online,Active,21.6,654.29,3.9
STU13558,2022-05-19,2022,May,Delhi,Tier 1,6-10,Female,JEE Main Foundation,Competitive Exam,11-12,Annual,Online,Churned,55.3,35384.24,3.7
STU15219,2022-05-20,2022,May,Mumbai,Tier 1,18+,Female,Python for Beginners,Coding,6-8,Annual,Offline,Active,74.5,7678.76,4.1
STU12418,2022-05-20,2022,May,Lucknow,Tier 2,6-10,Female,Class 10 CBSE Complete,School Curriculum,10,Annual,Online,Active,57.2,15719.4,4.8
STU12328,2022-05-20,2022,May,Bengaluru,Tier 1,18+,Female,Robotics & AI Basics,Coding,6-8,Monthly,Offline,Trial - Not Converted,8.1,0.0,
STU13211,2022-05-20,2022,May,Mumbai,Tier 1,15-17,Male,Robotics & AI Basics,Coding,6-8,Annual,Online,Completed,100.0,11796.82,3.6
STU11915,2022-05-20,2022,May,Ahmedabad,Tier 1,15-17,Male,UPSC Prelims Foundation,Competitive Exam,Graduate,Annual,Online,Churned,21.8,47544.06,2.7
STU11537,2022-05-21,2022,May,Meerut,Tier 3,11-14,Male,Class 8 Maths & Science,School Curriculum,8,Monthly,Online,Active,67.8,979.57,4.0
STU11592,2022-05-21,2022,May,Ahmedabad,Tier 1,6-10,Male,Python for Beginners,Coding,6-8,Quarterly,Offline,Completed,100.0,2246.39,3.8
STU11707,2022-05-21,2022,May,Delhi,Tier 1,18+,Male,JEE Main Foundation,Competitive Exam,11-12,Quarterly,Online,Active,72.8,11263.91,3.5
STU15965,2022-05-21,2022,May,Bhopal,Tier 2,15-17,Female,NEET Crash Course,Competitive Exam,11-12,Annual,Online,Active,46.2,40321.46,4.8
STU14892,2022-05-22,2022,May,Kolkata,Tier 1,11-14,Male,Coding for Kids - Scratch,Coding,3-5,Annual,Online,Churned,44.7,6358.17,4.3
STU15097,2022-05-22,2022,May,Bengaluru,Tier 1,18+,Female,Coding for Kids - Scratch,Coding,3-5,Annual,Online,Active,42.1,6336.39,4.1
STU12349,2022-05-22,2022,May,Meerut,Tier 3,11-14,Male,Class 6 Foundation,School Curriculum,6,Annual,Online,Churned,31.4,8168.23,3.5
STU13507,2022-05-22,2022,May,Indore,Tier 2,15-17,Male,Class 8 Maths & Science,School Curriculum,8,Annual,Online,Active,38.9,10146.42,3.8
STU11907,2022-05-23,2022,May,Pune,Tier 1,15-17,Female,NEET Crash Course,Competitive Exam,11-12,Quarterly,Online,Completed,100.0,12913.95,3.0
STU13407,2022-05-23,2022,May,Jaipur,Tier 2,11-14,Female,Class 6 Foundation,School Curriculum,6,Quarterly,Offline,Trial - Not Converted,11.0,0.0,
STU11094,2022-05-24,2022,May,Raipur,Tier 3,11-14,Female,UPSC Prelims Foundation,Competitive Exam,Graduate,Quarterly,Online,Active,42.0,14103.23,3.3
STU13435,2022-05-24,2022,May,Bhopal,Tier 2,15-17,Female,Coding for Kids - Scratch,Coding,3-5,Annual,Offline,Trial - Not Converted,10.7,0.0,
STU15589,2022-05-24,2022,May,Kota,Tier 3,18+,Female,Robotics & AI Basics,Coding,6-8,Monthly,Offline,Active,30.2,1201.88,3.6
STU11069,2022-05-24,2022,May,Bhopal,Tier 2,6-10,Female,Coding for Kids - Scratch,Coding,3-5,Annual,Online,Trial - Not Converted,13.9,0.0,
STU15082,2022-05-25,2022,May,Chennai,Tier 1,18+,Male,Coding for Kids - Scratch,Coding,3-5,Quarterly,Online,Churned,27.5,2024.89,4.5
STU10957,2022-05-25,2022,May,Lucknow,Tier 2,18+,Female,Coding for Kids - Scratch,Coding,3-5,Annual,Online,Trial - Not Converted,10.1,0.0,
STU11208,2022-05-25,2022,May,Pune,Tier 1,18+,Male,Class 8 Maths & Science,School Curriculum,8,Annual,Offline,Churned,52.7,9354.79,3.4
STU14603,2022-05-25,2022,May,Hyderabad,Tier 1,6-10,Male,Python for Beginners,Coding,6-8,Monthly,Online,Active,28.1,739.74,3.7
STU11357,2022-05-26,2022,May,Bhopal,Tier 2,6-10,Male,Robotics & AI Basics,Coding,6-8,Monthly,Online,Active,36.3,1263.59,4.7
STU12123,2022-05-26,2022,May,Bengaluru,Tier 1,15-17,Female,Class 6 Foundation,School Curriculum,6,Annual,Online,Active,44.1,8348.84,4.9
STU14556,2022-05-27,2022,May,Bhopal,Tier 2,15-17,Female,Class 8 Maths & Science,School Curriculum,8,Quarterly,Online,Trial - Not Converted,8.0,0.0,
STU10496,2022-05-28,2022,May,Jaipur,Tier 2,6-10,Male,Coding for Kids - Scratch,Coding,3-5,Annual,Online,Trial - Not Converted,22.1,0.0,
STU15020,2022-05-28,2022,May,Chennai,Tier 1,18+,Male,Python for Beginners,Coding,6-8,Annual,Online,Active,20.9,8279.28,4.4
STU13920,2022-05-28,2022,May,Patna,Tier 2,6-10,Female,Spoken English Mastery,Skill Development,All,Annual,Online,Active,35.9,5197.43,4.7
STU15338,2022-05-28,2022,May,Bengaluru,Tier 1,11-14,Female,Class 8 Maths & Science,School Curriculum,8,Annual,Online,Active,94.0,9438.31,5.0
STU13604,2022-05-28,2022,May,Lucknow,Tier 2,18+,Female,Spoken English Mastery,Skill Development,All,Annual,Online,Churned,28.9,4750.69,4.3
STU15715,2022-05-29,2022,May,Ahmedabad,Tier 1,11-14,Male,Spoken English Mastery,Skill Development,All,Monthly,Offline,Trial - Not Converted,23.0,0.0,
STU15778,2022-05-29,2022,May,Delhi,Tier 1,6-10,Female,UPSC Prelims Foundation,Competitive Exam,Graduate,Monthly,Online,Active,90.4,4857.57,4.1
STU14418,2022-05-29,2022,May,Indore,Tier 2,11-14,Female,Spoken English Mastery,Skill Development,All,Annual,Online,Churned,57.8,4544.02,3.1
STU13821,2022-05-30,2022,May,Mumbai,Tier 1,11-14,Female,JEE Main Foundation,Competitive Exam,11-12,Annual,Online,Active,63.9,39255.8,3.9
STU15913,2022-05-30,2022,May,Guwahati,Tier 3,15-17,Male,Coding for Kids - Scratch,Coding,3-5,Annual,Online,Trial - Not Converted,7.3,0.0,
STU14062,2022-05-30,2022,May,Nagpur,Tier 2,18+,Female,Class 8 Maths & Science,School Curriculum,8,Monthly,Online,Trial - Not Converted,14.8,0.0,
STU11697,2022-05-31,2022,May,Surat,Tier 2,18+,Male,Python for Beginners,Coding,6-8,Quarterly,Online,Trial - Not Converted,5.9,0.0,
STU10549,2022-05-31,2022,May,Surat,Tier 2,6-10,Female,JEE Main Foundation,Competitive Exam,11-12,Annual,Online,Active,99.8,38588.86,4.0
STU13293,2022-05-31,2022,May,Surat,Tier 2,15-17,Male,NEET Crash Course,Competitive Exam,11-12,Quarterly,Offline,Trial - Not Converted,22.2,0.0,
STU12344,2022-05-31,2022,May,Delhi,Tier 1,11-14,Male,Coding for Kids - Scratch,Coding,3-5,Monthly,Online,Active,31.3,607.66,4.6
STU10987,2022-06-01,2022,Jun,Bengaluru,Tier 1,6-10,Female,Robotics & AI Basics,Coding,6-8,Quarterly,Online,Active,38.9,3395.98,4.8
STU15079,2022-06-01,2022,Jun,Meerut,Tier 3,15-17,Male,UPSC Prelims Foundation,Competitive Exam,Graduate,Annual,Offline,Active,96.4,45698.92,3.5
STU14023,2022-06-01,2022,Jun,Kota,Tier 3,6-10,Male,Robotics & AI Basics,Coding,6-8,Annual,Online,Active,88.8,11881.38,4.3
STU12524,2022-06-01,2022,Jun,Hyderabad,Tier 1,11-14,Male,Spoken English Mastery,Skill Development,All,Quarterly,Offline,Active,68.1,1430.06,4.3
STU13649,2022-06-01,2022,Jun,Kota,Tier 3,15-17,Female,Python for Beginners,Coding,6-8,Annual,Online,Active,33.8,8214.11,4.2
STU12097,2022-06-01,2022,Jun,Chennai,Tier 1,6-10,Female,NEET Crash Course,Competitive Exam,11-12,Annual,Online,Active,88.5,44293.7,4.7
STU14916,2022-06-02,2022,Jun,Bhopal,Tier 2,18+,Female,JEE Main Foundation,Competitive Exam,11-12,Monthly,Offline,Active,69.3,3837.06,4.2
STU14792,2022-06-02,2022,Jun,Indore,Tier 2,15-17,Female,Class 6 Foundation,School Curriculum,6,Annual,Online,Active,76.6,8280.89,3.3
STU14569,2022-06-02,2022,Jun,Lucknow,Tier 2,11-14,Male,Class 6 Foundation,School Curriculum,6,Annual,Offline,Active,72.3,7997.14,4.5
STU15425,2022-06-02,2022,Jun,Ranchi,Tier 3,18+,Male,Coding for Kids - Scratch,Coding,3-5,Monthly,Online,Trial - Not Converted,0.8,0.0,
STU15886,2022-06-03,2022,Jun,Indore,Tier 2,6-10,Female,JEE Main Foundation,Competitive Exam,11-12,Annual,Online,Churned,33.9,34923.92,2.9
STU15926,2022-06-03,2022,Jun,Mumbai,Tier 1,6-10,Male,UPSC Prelims Foundation,Competitive Exam,Graduate,Monthly,Online,Active,26.9,4910.76,4.1
STU14574,2022-06-03,2022,Jun,Patna,Tier 2,6-10,Female,JEE Main Foundation,Competitive Exam,11-12,Annual,Offline,Churned,55.4,34337.94,4.2
STU12250,2022-06-03,2022,Jun,Pune,Tier 1,6-10,Male,UPSC Prelims Foundation,Competitive Exam,Graduate,Annual,Online,Active,93.2,45662.2,3.6
STU12150,2022-06-03,2022,Jun,Meerut,Tier 3,18+,Male,Class 6 Foundation,School Curriculum,6,Annual,Online,Trial - Not Converted,1.8,0.0,
STU11738,2022-06-03,2022,Jun,Mumbai,Tier 1,18+,Female,Class 6 Foundation,School Curriculum,6,Quarterly,Online,Active,69.2,2618.8,4.5
STU10889,2022-06-04,2022,Jun,Ahmedabad,Tier 1,15-17,Female,JEE Main Foundation,Competitive Exam,11-12,Annual,Offline,Trial - Not Converted,22.2,0.0,
STU10203,2022-06-04,2022,Jun,Ahmedabad,Tier 1,15-17,Male,Class 10 CBSE Complete,School Curriculum,10,Annual,Offline,Active,63.7,15206.7,4.8
STU12434,2022-06-04,2022,Jun,Ahmedabad,Tier 1,6-10,Female,JEE Main Foundation,Competitive Exam,11-12,Quarterly,Online,Active,20.3,10800.29,4.4
STU13950,2022-06-04,2022,Jun,Ahmedabad,Tier 1,6-10,Female,Coding for Kids - Scratch,Coding,3-5,Quarterly,Online,Active,29.9,2093.18,3.8
STU10686,2022-06-05,2022,Jun,Bengaluru,Tier 1,18+,Male,UPSC Prelims Foundation,Competitive Exam,Graduate,Annual,Online,Active,60.2,46016.59,3.9
STU15619,2022-06-05,2022,Jun,Nagpur,Tier 2,11-14,Male,Python for Beginners,Coding,6-8,Annual,Offline,Active,39.8,7891.96,4.5
STU10253,2022-06-05,2022,Jun,Surat,Tier 2,15-17,Male,Class 8 Maths & Science,School Curriculum,8,Annual,Online,Trial - Not Converted,13.3,0.0,
STU13875,2022-06-05,2022,Jun,Kolkata,Tier 1,11-14,Male,NEET Crash Course,Competitive Exam,11-12,Monthly,Online,Trial - Not Converted,13.3,0.0,
STU10999,2022-06-05,2022,Jun,Kanpur,Tier 2,11-14,Male,Class 10 CBSE Complete,School Curriculum,10,Quarterly,Offline,Completed,100.0,4091.48,3.1
STU11569,2022-06-06,2022,Jun,Raipur,Tier 3,11-14,Male,Class 6 Foundation,School Curriculum,6,Quarterly,Online,Trial - Not Converted,11.2,0.0,
STU11941,2022-06-06,2022,Jun,Mumbai,Tier 1,18+,Male,Spoken English Mastery,Skill Development,All,Annual,Online,Churned,15.2,4983.23,3.9
STU10210,2022-06-06,2022,Jun,Kolkata,Tier 1,15-17,Male,Robotics & AI Basics,Coding,6-8,Monthly,Online,Active,77.3,1275.67,3.9
STU13326,2022-06-07,2022,Jun,Nagpur,Tier 2,15-17,Male,Class 8 Maths & Science,School Curriculum,8,Annual,Offline,Trial - Not Converted,6.8,0.0,
STU13073,2022-06-07,2022,Jun,Delhi,Tier 1,11-14,Male,NEET Crash Course,Competitive Exam,11-12,Quarterly,Offline,Active,77.4,13119.05,4.9
STU12174,2022-06-07,2022,Jun,Jodhpur,Tier 3,11-14,Female,Class 6 Foundation,School Curriculum,6,Annual,Offline,Completed,100.0,8508.07,4.0
STU12256,2022-06-07,2022,Jun,Ahmedabad,Tier 1,15-17,Female,Coding for Kids - Scratch,Coding,3-5,Monthly,Online,Active,79.1,696.87,4.1
STU14732,2022-06-07,2022,Jun,Hyderabad,Tier 1,15-17,Male,JEE Main Foundation,Competitive Exam,11-12,Quarterly,Online,Active,60.5,10163.49,3.6
STU15992,2022-06-08,2022,Jun,Chennai,Tier 1,6-10,Female,Spoken English Mastery,Skill Development,All,Annual,Online,Churned,41.3,4972.47,5.0
STU13024,2022-06-08,2022,Jun,Chennai,Tier 1,6-10,Male,Coding for Kids - Scratch,Coding,3-5,Monthly,Online,Trial - Not Converted,6.7,0.0,
STU14242,2022-06-09,2022,Jun,Kolkata,Tier 1,18+,Female,NEET Crash Course,Competitive Exam,11-12,Monthly,Online,Active,72.7,4489.85,3.9
STU11119,2022-06-09,2022,Jun,Surat,Tier 2,6-10,Female,JEE Main Foundation,Competitive Exam,11-12,Annual,Online,Churned,47.5,35721.29,4.8
STU13562,2022-06-09,2022,Jun,Raipur,Tier 3,11-14,Male,Class 6 Foundation,School Curriculum,6,Annual,Offline,Active,72.9,8074.0,3.9
STU10081,2022-06-09,2022,Jun,Meerut,Tier 3,15-17,Male,Coding for Kids - Scratch,Coding,3-5,Annual,Offline,Active,61.5,6347.55,4.6
STU12351,2022-06-10,2022,Jun,Indore,Tier 2,18+,Male,Python for Beginners,Coding,6-8,Annual,Online,Active,60.4,7250.86,5.0
STU15093,2022-06-11,2022,Jun,Jaipur,Tier 2,15-17,Male,Class 8 Maths & Science,School Curriculum,8,Annual,Online,Churned,20.0,10163.84,3.5
STU15320,2022-06-11,2022,Jun,Pune,Tier 1,18+,Female,Spoken English Mastery,Skill Development,All,Annual,Online,Active,46.2,4608.15,3.8
STU10849,2022-06-11,2022,Jun,Chennai,Tier 1,11-14,Male,Class 6 Foundation,School Curriculum,6,Quarterly,Offline,Churned,11.0,2524.21,4.4
STU12751,2022-06-11,2022,Jun,Pune,Tier 1,11-14,Male,JEE Main Foundation,Competitive Exam,11-12,Annual,Offline,Active,34.3,39189.36,4.6
STU14788,2022-06-12,2022,Jun,Patna,Tier 2,11-14,Female,Python for Beginners,Coding,6-8,Quarterly,Online,Churned,19.6,2268.52,3.8
STU14026,2022-06-12,2022,Jun,Raipur,Tier 3,11-14,Male,NEET Crash Course,Competitive Exam,11-12,Quarterly,Online,Active,83.5,12196.57,4.3
STU13574,2022-06-12,2022,Jun,Varanasi,Tier 3,6-10,Female,Coding for Kids - Scratch,Coding,3-5,Annual,Offline,Active,85.3,6568.84,4.2
STU12399,2022-06-13,2022,Jun,Bhopal,Tier 2,18+,Female,Spoken English Mastery,Skill Development,All,Annual,Offline,Trial - Not Converted,8.8,0.0,
STU14998,2022-06-13,2022,Jun,Pune,Tier 1,15-17,Male,Coding for Kids - Scratch,Coding,3-5,Monthly,Online,Churned,35.1,674.23,3.7
STU11490,2022-06-13,2022,Jun,Kolkata,Tier 1,6-10,Male,JEE Main Foundation,Competitive Exam,11-12,Annual,Online,Completed,100.0,36248.24,3.1
STU14128,2022-06-13,2022,Jun,Patna,Tier 2,6-10,Male,Class 6 Foundation,School Curriculum,6,Quarterly,Offline,Active,75.0,2418.07,3.9
STU13103,2022-06-13,2022,Jun,Kolkata,Tier 1,11-14,Female,Spoken English Mastery,Skill Development,All,Quarterly,Online,Active,96.4,1470.67,3.6
STU15375,2022-06-13,2022,Jun,Varanasi,Tier 3,6-10,Male,JEE Main Foundation,Competitive Exam,11-12,Monthly,Online,Active,80.3,3931.36,4.1
STU12727,2022-06-13,2022,Jun,Indore,Tier 2,6-10,Female,JEE Main Foundation,Competitive Exam,11-12,Monthly,Online,Completed,100.0,3828.94,3.5
STU14983,2022-06-13,2022,Jun,Patna,Tier 2,15-17,Female,Robotics & AI Basics,Coding,6-8,Quarterly,Offline,Trial - Not Converted,24.1,0.0,
STU14576,2022-06-13,2022,Jun,Hyderabad,Tier 1,18+,Male,Class 6 Foundation,School Curriculum,6,Monthly,Online,Active,35.5,787.87,4.6
STU13243,2022-06-13,2022,Jun,Surat,Tier 2,18+,Male,Class 10 CBSE Complete,School Curriculum,10,Annual,Offline,Active,90.4,15222.02,3.6
STU12926,2022-06-13,2022,Jun,Jodhpur,Tier 3,15-17,Female,Class 8 Maths & Science,School Curriculum,8,Quarterly,Online,Active,97.0,2843.29,4.5
STU10542,2022-06-14,2022,Jun,Hyderabad,Tier 1,11-14,Male,Class 8 Maths & Science,School Curriculum,8,Annual,Online,Active,39.0,9700.76,3.8
STU14433,2022-06-14,2022,Jun,Raipur,Tier 3,6-10,Female,Class 6 Foundation,School Curriculum,6,Monthly,Offline,Trial - Not Converted,14.8,0.0,
STU10129,2022-06-14,2022,Jun,Hyderabad,Tier 1,18+,Male,Coding for Kids - Scratch,Coding,3-5,Monthly,Online,Churned,42.5,644.24,4.0
STU13513,2022-06-14,2022,Jun,Bengaluru,Tier 1,15-17,Male,Coding for Kids - Scratch,Coding,3-5,Annual,Online,Active,36.2,6919.05,4.7
STU12557,2022-06-14,2022,Jun,Ahmedabad,Tier 1,6-10,Female,NEET Crash Course,Competitive Exam,11-12,Quarterly,Online,Active,41.3,11965.97,4.1
STU11726,2022-06-15,2022,Jun,Kolkata,Tier 1,18+,Male,NEET Crash Course,Competitive Exam,11-12,Annual,Online,Trial - Not Converted,21.6,0.0,
STU11253,2022-06-16,2022,Jun,Lucknow,Tier 2,18+,Male,JEE Main Foundation,Competitive Exam,11-12,Annual,Online,Completed,100.0,37070.63,4.6
STU15422,2022-06-16,2022,Jun,Guwahati,Tier 3,15-17,Male,Robotics & AI Basics,Coding,6-8,Annual,Online,Active,26.4,11333.37,3.2
STU11400,2022-06-16,2022,Jun,Pune,Tier 1,6-10,Female,Coding for Kids - Scratch,Coding,3-5,Quarterly,Online,Active,68.5,2089.38,3.3
STU14221,2022-06-17,2022,Jun,Surat,Tier 2,15-17,Female,Coding for Kids - Scratch,Coding,3-5,Annual,Online,Trial - Not Converted,10.9,0.0,
STU15759,2022-06-17,2022,Jun,Kolkata,Tier 1,6-10,Male,Coding for Kids - Scratch,Coding,3-5,Annual,Offline,Active,55.1,6953.13,3.3
STU13761,2022-06-17,2022,Jun,Indore,Tier 2,18+,Male,NEET Crash Course,Competitive Exam,11-12,Annual,Online,Active,48.3,42667.48,3.4
STU10688,2022-06-17,2022,Jun,Ahmedabad,Tier 1,18+,Male,Class 8 Maths & Science,School Curriculum,8,Quarterly,Online,Active,93.0,2853.56,4.4
STU11751,2022-06-18,2022,Jun,Meerut,Tier 3,11-14,Female,Coding for Kids - Scratch,Coding,3-5,Quarterly,Offline,Active,88.1,1978.21,3.8
STU14419,2022-06-18,2022,Jun,Hyderabad,Tier 1,11-14,Female,Robotics & AI Basics,Coding,6-8,Annual,Online,Active,50.7,12908.07,3.5
STU15191,2022-06-18,2022,Jun,Lucknow,Tier 2,11-14,Male,Spoken English Mastery,Skill Development,All,Quarterly,Online,Churned,24.5,1411.68,4.4
STU10984,2022-06-18,2022,Jun,Jodhpur,Tier 3,15-17,Female,Robotics & AI Basics,Coding,6-8,Annual,Online,Active,48.0,12125.0,3.9
STU14332,2022-06-18,2022,Jun,Ahmedabad,Tier 1,11-14,Male,NEET Crash Course,Competitive Exam,11-12,Monthly,Offline,Active,20.2,4249.3,5.0
STU11001,2022-06-19,2022,Jun,Kolkata,Tier 1,18+,Male,Python for Beginners,Coding,6-8,Quarterly,Online,Active,56.9,2188.78,5.0
STU14787,2022-06-19,2022,Jun,Delhi,Tier 1,11-14,Female,Spoken English Mastery,Skill Development,All,Monthly,Online,Churned,49.4,468.1,4.8
STU14832,2022-06-19,2022,Jun,Jaipur,Tier 2,11-14,Male,UPSC Prelims Foundation,Competitive Exam,Graduate,Monthly,Online,Active,89.9,4945.49,4.0
STU11991,2022-06-19,2022,Jun,Ahmedabad,Tier 1,15-17,Female,Class 8 Maths & Science,School Curriculum,8,Quarterly,Offline,Active,40.6,2985.78,4.7
STU15895,2022-06-19,2022,Jun,Ranchi,Tier 3,6-10,Male,Class 10 CBSE Complete,School Curriculum,10,Quarterly,Online,Trial - Not Converted,23.4,0.0,
STU15408,2022-06-19,2022,Jun,Nagpur,Tier 2,18+,Male,JEE Main Foundation,Competitive Exam,11-12,Annual,Online,Active,55.1,38486.31,5.0
STU13996,2022-06-19,2022,Jun,Indore,Tier 2,18+,Male,Spoken English Mastery,Skill Development,All,Quarterly,Online,Trial - Not Converted,1.1,0.0,
STU15415,2022-06-19,2022,Jun,Chennai,Tier 1,18+,Female,JEE Main Foundation,Competitive Exam,11-12,Annual,Online,Trial - Not Converted,23.8,0.0,
STU13860,2022-06-20,2022,Jun,Raipur,Tier 3,6-10,Female,Robotics & AI Basics,Coding,6-8,Annual,Online,Active,76.0,13118.67,3.4
STU10508,2022-06-20,2022,Jun,Jodhpur,Tier 3,11-14,Female,Robotics & AI Basics,Coding,6-8,Annual,Online,Active,28.3,11736.24,3.4
STU10010,2022-06-20,2022,Jun,Ahmedabad,Tier 1,6-10,Female,Class 10 CBSE Complete,School Curriculum,10,Annual,Offline,Active,82.3,15730.67,3.5
STU14054,2022-06-20,2022,Jun,Varanasi,Tier 3,15-17,Male,JEE Main Foundation,Competitive Exam,11-12,Quarterly,Offline,Trial - Not Converted,8.4,0.0,
STU13252,2022-06-20,2022,Jun,Mumbai,Tier 1,15-17,Male,Coding for Kids - Scratch,Coding,3-5,Quarterly,Online,Trial - Not Converted,17.5,0.0,
STU13027,2022-06-20,2022,Jun,Lucknow,Tier 2,15-17,Female,Robotics & AI Basics,Coding,6-8,Annual,Online,Active,23.2,12464.43,4.6
STU12763,2022-06-20,2022,Jun,Patna,Tier 2,6-10,Male,NEET Crash Course,Competitive Exam,11-12,Annual,Offline,Completed,100.0,43911.44,4.3
STU12944,2022-06-21,2022,Jun,Jaipur,Tier 2,18+,Female,UPSC Prelims Foundation,Competitive Exam,Graduate,Quarterly,Online,Active,50.3,14460.65,4.1
STU14833,2022-06-22,2022,Jun,Jaipur,Tier 2,6-10,Female,Python for Beginners,Coding,6-8,Annual,Online,Trial - Not Converted,19.3,0.0,
STU10003,2022-06-22,2022,Jun,Lucknow,Tier 2,11-14,Female,UPSC Prelims Foundation,Competitive Exam,Graduate,Monthly,Online,Active,99.4,5229.4,4.3
STU14041,2022-06-22,2022,Jun,Indore,Tier 2,11-14,Female,Class 6 Foundation,School Curriculum,6,Monthly,Online,Active,49.9,786.67,4.8
STU12762,2022-06-22,2022,Jun,Lucknow,Tier 2,15-17,Female,Robotics & AI Basics,Coding,6-8,Annual,Online,Active,34.9,11763.92,4.7
STU11367,2022-06-23,2022,Jun,Pune,Tier 1,15-17,Female,Class 6 Foundation,School Curriculum,6,Annual,Online,Churned,20.2,8493.94,4.5
STU15702,2022-06-23,2022,Jun,Indore,Tier 2,11-14,Female,Spoken English Mastery,Skill Development,All,Monthly,Online,Active,55.1,518.43,4.8
STU13025,2022-06-23,2022,Jun,Surat,Tier 2,18+,Male,JEE Main Foundation,Competitive Exam,11-12,Annual,Offline,Active,63.6,34562.93,4.7
STU10931,2022-06-23,2022,Jun,Pune,Tier 1,15-17,Male,Class 6 Foundation,School Curriculum,6,Annual,Online,Active,57.1,8083.04,4.3
STU14517,2022-06-24,2022,Jun,Delhi,Tier 1,15-17,Male,JEE Main Foundation,Competitive Exam,11-12,Annual,Offline,Completed,100.0,34492.8,3.7
STU13752,2022-06-24,2022,Jun,Kota,Tier 3,6-10,Male,Class 10 CBSE Complete,School Curriculum,10,Quarterly,Online,Active,97.5,4241.08,4.6
STU10195,2022-06-24,2022,Jun,Bhopal,Tier 2,15-17,Female,Python for Beginners,Coding,6-8,Monthly,Online,Churned,34.1,714.5,3.5
STU13959,2022-06-25,2022,Jun,Bhopal,Tier 2,15-17,Female,Class 8 Maths & Science,School Curriculum,8,Monthly,Online,Active,51.0,944.59,3.9
STU11603,2022-06-25,2022,Jun,Chennai,Tier 1,18+,Male,UPSC Prelims Foundation,Competitive Exam,Graduate,Annual,Offline,Active,20.3,51264.76,4.0
STU14334,2022-06-26,2022,Jun,Ahmedabad,Tier 1,11-14,Female,Class 8 Maths & Science,School Curriculum,8,Monthly,Online,Churned,52.3,935.36,3.0
STU15028,2022-06-26,2022,Jun,Kota,Tier 3,15-17,Female,NEET Crash Course,Competitive Exam,11-12,Quarterly,Offline,Active,52.9,13250.47,3.6
STU12011,2022-06-26,2022,Jun,Delhi,Tier 1,15-17,Female,Class 8 Maths & Science,School Curriculum,8,Annual,Offline,Active,69.9,9061.6,4.4
STU15511,2022-06-27,2022,Jun,Ranchi,Tier 3,11-14,Male,Robotics & AI Basics,Coding,6-8,Annual,Online,Trial - Not Converted,0.8,0.0,
STU11724,2022-06-27,2022,Jun,Chennai,Tier 1,6-10,Male,Class 6 Foundation,School Curriculum,6,Annual,Online,Active,87.8,8741.96,4.0
STU10529,2022-06-27,2022,Jun,Ranchi,Tier 3,6-10,Female,Class 10 CBSE Complete,School Curriculum,10,Quarterly,Online,Trial - Not Converted,11.0,0.0,
STU13180,2022-06-27,2022,Jun,Jaipur,Tier 2,6-10,Male,Coding for Kids - Scratch,Coding,3-5,Monthly,Online,Active,95.0,608.43,3.4
STU15324,2022-06-28,2022,Jun,Delhi,Tier 1,18+,Male,Python for Beginners,Coding,6-8,Annual,Online,Churned,26.2,7893.32,4.5
STU14779,2022-06-28,2022,Jun,Guwahati,Tier 3,6-10,Female,JEE Main Foundation,Competitive Exam,11-12,Monthly,Offline,Completed,100.0,3622.49,4.1
STU13125,2022-06-28,2022,Jun,Pune,Tier 1,15-17,Female,NEET Crash Course,Competitive Exam,11-12,Quarterly,Offline,Active,55.4,13316.49,4.0
STU10814,2022-06-28,2022,Jun,Kanpur,Tier 2,18+,Female,Class 6 Foundation,School Curriculum,6,Monthly,Offline,Churned,51.7,758.45,2.6
STU11028,2022-06-28,2022,Jun,Chennai,Tier 1,18+,Female,Class 6 Foundation,School Curriculum,6,Annual,Online,Active,50.2,8494.87,4.4
STU10899,2022-06-28,2022,Jun,Patna,Tier 2,11-14,Male,Class 6 Foundation,School Curriculum,6,Annual,Offline,Active,68.3,7545.48,4.0
STU12392,2022-06-29,2022,Jun,Nagpur,Tier 2,11-14,Male,NEET Crash Course,Competitive Exam,11-12,Annual,Online,Active,96.8,40016.72,2.9
STU12649,2022-06-29,2022,Jun,Guwahati,Tier 3,18+,Male,UPSC Prelims Foundation,Competitive Exam,Graduate,Monthly,Offline,Active,81.3,4798.72,3.7
STU10311,2022-06-30,2022,Jun,Hyderabad,Tier 1,11-14,Male,Coding for Kids - Scratch,Coding,3-5,Annual,Online,Active,93.6,6246.49,2.7
STU13294,2022-06-30,2022,Jun,Hyderabad,Tier 1,11-14,Male,Robotics & AI Basics,Coding,6-8,Monthly,Online,Active,43.8,1216.97,4.3
STU14504,2022-07-01,2022,Jul,Raipur,Tier 3,15-17,Female,Spoken English Mastery,Skill Development,All,Annual,Online,Active,23.6,4758.91,3.6
STU13431,2022-07-01,2022,Jul,Chennai,Tier 1,18+,Female,Coding for Kids - Scratch,Coding,3-5,Annual,Online,Active,30.6,6020.92,4.8
STU13697,2022-07-02,2022,Jul,Ranchi,Tier 3,15-17,Female,JEE Main Foundation,Competitive Exam,11-12,Annual,Online,Active,39.3,35502.61,4.4
STU14895,2022-07-02,2022,Jul,Mumbai,Tier 1,15-17,Female,Class 6 Foundation,School Curriculum,6,Quarterly,Offline,Active,31.5,2559.46,4.0
STU14124,2022-07-02,2022,Jul,Ahmedabad,Tier 1,18+,Male,Spoken English Mastery,Skill Development,All,Quarterly,Online,Active,82.3,1456.19,4.5
STU12836,2022-07-03,2022,Jul,Lucknow,Tier 2,15-17,Male,UPSC Prelims Foundation,Competitive Exam,Graduate,Quarterly,Online,Trial - Not Converted,11.6,0.0,
STU13415,2022-07-03,2022,Jul,Mumbai,Tier 1,6-10,Female,Class 8 Maths & Science,School Curriculum,8,Annual,Online,Active,70.7,9477.71,3.1
STU10980,2022-07-03,2022,Jul,Lucknow,Tier 2,15-17,Female,Class 10 CBSE Complete,School Curriculum,10,Monthly,Offline,Trial - Not Converted,3.3,0.0,
STU12472,2022-07-03,2022,Jul,Ahmedabad,Tier 1,6-10,Female,NEET Crash Course,Competitive Exam,11-12,Annual,Online,Active,91.6,39538.99,4.6
STU11800,2022-07-03,2022,Jul,Patna,Tier 2,18+,Female,Python for Beginners,Coding,6-8,Annual,Online,Completed,100.0,7413.45,3.3
STU12015,2022-07-04,2022,Jul,Bengaluru,Tier 1,11-14,Female,Spoken English Mastery,Skill Development,All,Annual,Online,Active,30.6,4830.95,4.5
STU14258,2022-07-04,2022,Jul,Jaipur,Tier 2,18+,Male,Class 8 Maths & Science,School Curriculum,8,Quarterly,Offline,Trial - Not Converted,6.6,0.0,
STU10301,2022-07-04,2022,Jul,Hyderabad,Tier 1,15-17,Male,NEET Crash Course,Competitive Exam,11-12,Quarterly,Online,Completed,100.0,13007.34,3.4
STU14315,2022-07-04,2022,Jul,Chennai,Tier 1,15-17,Female,Class 10 CBSE Complete,School Curriculum,10,Annual,Offline,Active,71.4,14506.37,4.4
STU15889,2022-07-04,2022,Jul,Jodhpur,Tier 3,18+,Female,JEE Main Foundation,Competitive Exam,11-12,Quarterly,Online,Active,82.9,10863.29,3.7
STU14429,2022-07-04,2022,Jul,Jodhpur,Tier 3,15-17,Male,NEET Crash Course,Competitive Exam,11-12,Monthly,Offline,Trial - Not Converted,3.6,0.0,
STU15796,2022-07-04,2022,Jul,Kota,Tier 3,11-14,Female,JEE Main Foundation,Competitive Exam,11-12,Annual,Offline,Active,81.7,33927.45,2.9
STU14180,2022-07-05,2022,Jul,Delhi,Tier 1,15-17,Female,Class 6 Foundation,School Curriculum,6,Monthly,Offline,Active,52.1,770.41,3.7
STU12586,2022-07-05,2022,Jul,Surat,Tier 2,6-10,Female,Class 10 CBSE Complete,School Curriculum,10,Quarterly,Offline,Active,57.0,4462.54,4.2
STU15575,2022-07-05,2022,Jul,Ahmedabad,Tier 1,6-10,Female,NEET Crash Course,Competitive Exam,11-12,Annual,Offline,Trial - Not Converted,16.0,0.0,
STU10036,2022-07-05,2022,Jul,Indore,Tier 2,15-17,Female,Coding for Kids - Scratch,Coding,3-5,Annual,Online,Completed,100.0,6674.59,4.5
STU11333,2022-07-05,2022,Jul,Ahmedabad,Tier 1,18+,Female,NEET Crash Course,Competitive Exam,11-12,Quarterly,Offline,Completed,100.0,12268.35,4.1
STU11168,2022-07-05,2022,Jul,Surat,Tier 2,11-14,Male,Coding for Kids - Scratch,Coding,3-5,Monthly,Online,Completed,100.0,624.4,4.1
STU13740,2022-07-06,2022,Jul,Bengaluru,Tier 1,18+,Female,Robotics & AI Basics,Coding,6-8,Annual,Online,Churned,41.0,11639.18,4.1
STU10760,2022-07-06,2022,Jul,Lucknow,Tier 2,18+,Female,Python for Beginners,Coding,6-8,Monthly,Online,Active,74.7,819.63,4.6
STU12238,2022-07-06,2022,Jul,Kanpur,Tier 2,11-14,Female,NEET Crash Course,Competitive Exam,11-12,Annual,Online,Trial - Not Converted,23.1,0.0,
STU10600,2022-07-07,2022,Jul,Chennai,Tier 1,15-17,Male,Spoken English Mastery,Skill Development,All,Quarterly,Online,Churned,19.5,1456.55,4.3
STU10461,2022-07-07,2022,Jul,Pune,Tier 1,6-10,Female,Class 6 Foundation,School Curriculum,6,Annual,Online,Active,64.9,7603.96,4.2
STU11996,2022-07-08,2022,Jul,Mumbai,Tier 1,6-10,Male,JEE Main Foundation,Competitive Exam,11-12,Annual,Offline,Active,25.7,37236.37,4.5
STU13970,2022-07-08,2022,Jul,Kanpur,Tier 2,11-14,Male,NEET Crash Course,Competitive Exam,11-12,Quarterly,Offline,Active,28.8,13603.55,4.4
STU12198,2022-07-08,2022,Jul,Meerut,Tier 3,6-10,Male,Coding for Kids - Scratch,Coding,3-5,Annual,Online,Completed,100.0,6469.87,3.0
STU13126,2022-07-08,2022,Jul,Kolkata,Tier 1,11-14,Female,JEE Main Foundation,Competitive Exam,11-12,Monthly,Offline,Completed,100.0,3628.75,3.2
STU15942,2022-07-08,2022,Jul,Lucknow,Tier 2,18+,Male,Coding for Kids - Scratch,Coding,3-5,Quarterly,Online,Trial - Not Converted,21.2,0.0,
STU10013,2022-07-09,2022,Jul,Nagpur,Tier 2,18+,Female,Spoken English Mastery,Skill Development,All,Quarterly,Online,Active,95.9,1563.74,3.0
STU15901,2022-07-09,2022,Jul,Bengaluru,Tier 1,15-17,Female,JEE Main Foundation,Competitive Exam,11-12,Annual,Online,Active,73.2,34404.73,4.5
STU12881,2022-07-09,2022,Jul,Lucknow,Tier 2,6-10,Female,Class 8 Maths & Science,School Curriculum,8,Annual,Online,Active,39.3,9014.28,3.9
STU14984,2022-07-09,2022,Jul,Meerut,Tier 3,15-17,Male,Class 6 Foundation,School Curriculum,6,Annual,Online,Trial - Not Converted,19.7,0.0,
STU10513,2022-07-09,2022,Jul,Bengaluru,Tier 1,6-10,Male,Class 8 Maths & Science,School Curriculum,8,Annual,Online,Trial - Not Converted,6.8,0.0,
STU12603,2022-07-09,2022,Jul,Kolkata,Tier 1,15-17,Female,JEE Main Foundation,Competitive Exam,11-12,Monthly,Offline,Churned,42.6,3624.64,4.1
STU12604,2022-07-09,2022,Jul,Raipur,Tier 3,18+,Male,Class 10 CBSE Complete,School Curriculum,10,Annual,Offline,Active,44.1,13531.08,3.9
STU14348,2022-07-10,2022,Jul,Surat,Tier 2,11-14,Female,Class 10 CBSE Complete,School Curriculum,10,Annual,Offline,Trial - Not Converted,3.8,0.0,
STU14277,2022-07-10,2022,Jul,Ahmedabad,Tier 1,15-17,Female,JEE Main Foundation,Competitive Exam,11-12,Monthly,Online,Active,64.2,3731.35,3.3
STU13065,2022-07-10,2022,Jul,Lucknow,Tier 2,11-14,Male,Class 8 Maths & Science,School Curriculum,8,Quarterly,Offline,Churned,59.6,2783.28,4.5
STU12992,2022-07-10,2022,Jul,Indore,Tier 2,6-10,Female,Class 8 Maths & Science,School Curriculum,8,Quarterly,Online,Active,36.8,2730.51,3.9
STU10469,2022-07-10,2022,Jul,Bhopal,Tier 2,11-14,Male,Class 8 Maths & Science,School Curriculum,8,Quarterly,Offline,Active,44.7,2822.81,3.8
STU12752,2022-07-10,2022,Jul,Kanpur,Tier 2,18+,Female,Class 10 CBSE Complete,School Curriculum,10,Monthly,Online,Active,92.6,1543.06,4.8
STU13300,2022-07-10,2022,Jul,Chennai,Tier 1,15-17,Male,Class 10 CBSE Complete,School Curriculum,10,Annual,Offline,Trial - Not Converted,19.4,0.0,
STU15128,2022-07-11,2022,Jul,Hyderabad,Tier 1,18+,Male,Class 8 Maths & Science,School Curriculum,8,Annual,Offline,Trial - Not Converted,24.7,0.0,
STU14329,2022-07-11,2022,Jul,Surat,Tier 2,15-17,Male,NEET Crash Course,Competitive Exam,11-12,Monthly,Online,Active,82.8,4107.64,3.6
STU15814,2022-07-11,2022,Jul,Hyderabad,Tier 1,11-14,Male,JEE Main Foundation,Competitive Exam,11-12,Monthly,Offline,Active,33.7,3785.59,4.1
STU12014,2022-07-11,2022,Jul,Guwahati,Tier 3,15-17,Male,Spoken English Mastery,Skill Development,All,Monthly,Online,Churned,35.8,476.26,4.9
STU15939,2022-07-12,2022,Jul,Bengaluru,Tier 1,18+,Female,UPSC Prelims Foundation,Competitive Exam,Graduate,Quarterly,Online,Active,57.4,13793.88,3.8
STU11700,2022-07-12,2022,Jul,Pune,Tier 1,18+,Male,Class 10 CBSE Complete,School Curriculum,10,Quarterly,Online,Trial - Not Converted,22.8,0.0,
STU15872,2022-07-12,2022,Jul,Kanpur,Tier 2,6-10,Female,Robotics & AI Basics,Coding,6-8,Quarterly,Online,Completed,100.0,3600.03,4.0
STU11159,2022-07-12,2022,Jul,Raipur,Tier 3,15-17,Female,NEET Crash Course,Competitive Exam,11-12,Quarterly,Online,Active,24.3,13235.62,3.4
STU11374,2022-07-13,2022,Jul,Jaipur,Tier 2,18+,Male,Class 6 Foundation,School Curriculum,6,Annual,Online,Trial - Not Converted,6.7,0.0,
STU12159,2022-07-13,2022,Jul,Bhopal,Tier 2,15-17,Female,Robotics & AI Basics,Coding,6-8,Annual,Online,Active,30.7,11706.21,5.0
STU13021,2022-07-13,2022,Jul,Bhopal,Tier 2,15-17,Male,Robotics & AI Basics,Coding,6-8,Annual,Online,Active,99.1,12555.43,3.9
STU13503,2022-07-13,2022,Jul,Kolkata,Tier 1,11-14,Female,Class 10 CBSE Complete,School Curriculum,10,Annual,Offline,Churned,26.2,15226.03,3.2
STU13557,2022-07-13,2022,Jul,Chennai,Tier 1,11-14,Male,Class 10 CBSE Complete,School Curriculum,10,Annual,Online,Active,96.7,13865.76,3.9
STU15268,2022-07-13,2022,Jul,Jaipur,Tier 2,6-10,Male,Spoken English Mastery,Skill Development,All,Quarterly,Online,Active,27.4,1551.52,3.4
STU15882,2022-07-14,2022,Jul,Meerut,Tier 3,6-10,Male,Spoken English Mastery,Skill Development,All,Quarterly,Online,Active,83.9,1392.89,4.0
STU11180,2022-07-14,2022,Jul,Bengaluru,Tier 1,18+,Female,JEE Main Foundation,Competitive Exam,11-12,Monthly,Online,Trial - Not Converted,13.8,0.0,
STU13855,2022-07-14,2022,Jul,Indore,Tier 2,6-10,Male,UPSC Prelims Foundation,Competitive Exam,Graduate,Annual,Offline,Trial - Not Converted,18.1,0.0,
STU10231,2022-07-14,2022,Jul,Hyderabad,Tier 1,18+,Male,JEE Main Foundation,Competitive Exam,11-12,Monthly,Offline,Active,39.5,3554.44,4.9
STU10803,2022-07-15,2022,Jul,Patna,Tier 2,18+,Female,Python for Beginners,Coding,6-8,Annual,Online,Active,31.9,8007.76,4.4
STU14413,2022-07-15,2022,Jul,Pune,Tier 1,6-10,Male,Class 10 CBSE Complete,School Curriculum,10,Annual,Online,Completed,100.0,14963.45,3.1
STU14921,2022-07-15,2022,Jul,Kolkata,Tier 1,15-17,Female,Class 8 Maths & Science,School Curriculum,8,Annual,Online,Churned,21.0,10100.03,4.2
STU12962,2022-07-15,2022,Jul,Delhi,Tier 1,11-14,Male,NEET Crash Course,Competitive Exam,11-12,Annual,Online,Active,37.3,41367.8,4.3
STU13241,2022-07-15,2022,Jul,Kota,Tier 3,6-10,Female,Coding for Kids - Scratch,Coding,3-5,Quarterly,Online,Active,82.6,1900.17,3.4
STU10185,2022-07-15,2022,Jul,Kolkata,Tier 1,6-10,Male,UPSC Prelims Foundation,Competitive Exam,Graduate,Annual,Online,Trial - Not Converted,16.5,0.0,
STU15484,2022-07-17,2022,Jul,Bhopal,Tier 2,6-10,Male,JEE Main Foundation,Competitive Exam,11-12,Quarterly,Online,Completed,100.0,10375.83,4.5
STU13186,2022-07-18,2022,Jul,Surat,Tier 2,6-10,Female,Spoken English Mastery,Skill Development,All,Monthly,Online,Completed,100.0,496.71,3.4
STU10732,2022-07-18,2022,Jul,Patna,Tier 2,15-17,Female,NEET Crash Course,Competitive Exam,11-12,Quarterly,Online,Active,84.0,12328.48,5.0
STU12534,2022-07-18,2022,Jul,Jaipur,Tier 2,11-14,Male,NEET Crash Course,Competitive Exam,11-12,Quarterly,Offline,Active,57.7,11924.79,3.9
STU12264,2022-07-18,2022,Jul,Kolkata,Tier 1,18+,Female,Class 6 Foundation,School Curriculum,6,Quarterly,Offline,Churned,30.7,2418.72,4.4
STU11088,2022-07-19,2022,Jul,Nagpur,Tier 2,11-14,Female,UPSC Prelims Foundation,Competitive Exam,Graduate,Annual,Online,Active,53.1,51934.51,4.9
STU13957,2022-07-19,2022,Jul,Ahmedabad,Tier 1,11-14,Female,Class 6 Foundation,School Curriculum,6,Quarterly,Online,Churned,18.0,2296.76,3.4
STU15216,2022-07-19,2022,Jul,Patna,Tier 2,11-14,Male,NEET Crash Course,Competitive Exam,11-12,Annual,Offline,Active,54.2,45335.55,4.5
STU11041,2022-07-19,2022,Jul,Indore,Tier 2,6-10,Male,Spoken English Mastery,Skill Development,All,Annual,Online,Completed,100.0,4796.65,4.8
STU13692,2022-07-19,2022,Jul,Kolkata,Tier 1,11-14,Female,NEET Crash Course,Competitive Exam,11-12,Annual,Offline,Active,24.8,45088.34,5.0
STU11521,2022-07-20,2022,Jul,Hyderabad,Tier 1,6-10,Female,Spoken English Mastery,Skill Development,All,Quarterly,Online,Completed,100.0,1353.16,4.3
STU15334,2022-07-20,2022,Jul,Ahmedabad,Tier 1,6-10,Female,Class 10 CBSE Complete,School Curriculum,10,Monthly,Online,Active,74.3,1488.15,4.7
STU14667,2022-07-20,2022,Jul,Delhi,Tier 1,18+,Male,Python for Beginners,Coding,6-8,Annual,Offline,Active,85.9,8064.17,5.0
STU15273,2022-07-20,2022,Jul,Raipur,Tier 3,18+,Male,Python for Beginners,Coding,6-8,Monthly,Online,Active,45.3,824.88,4.7
STU13174,2022-07-20,2022,Jul,Kanpur,Tier 2,15-17,Male,Spoken English Mastery,Skill Development,All,Annual,Online,Active,85.4,5110.07,4.8
STU10104,2022-07-21,2022,Jul,Chennai,Tier 1,11-14,Female,Class 10 CBSE Complete,School Curriculum,10,Monthly,Online,Trial - Not Converted,4.8,0.0,
STU11454,2022-07-21,2022,Jul,Indore,Tier 2,6-10,Male,Class 8 Maths & Science,School Curriculum,8,Annual,Offline,Active,77.0,9766.95,4.2
STU14894,2022-07-22,2022,Jul,Bengaluru,Tier 1,18+,Female,UPSC Prelims Foundation,Competitive Exam,Graduate,Monthly,Online,Active,32.2,4854.83,3.5
STU10561,2022-07-22,2022,Jul,Kanpur,Tier 2,18+,Female,Robotics & AI Basics,Coding,6-8,Annual,Online,Completed,100.0,11501.51,4.3
STU11561,2022-07-22,2022,Jul,Mumbai,Tier 1,15-17,Male,UPSC Prelims Foundation,Competitive Exam,Graduate,Annual,Offline,Trial - Not Converted,22.1,0.0,
STU10572,2022-07-22,2022,Jul,Jaipur,Tier 2,11-14,Male,UPSC Prelims Foundation,Competitive Exam,Graduate,Annual,Offline,Churned,20.8,50399.12,3.2
STU14837,2022-07-22,2022,Jul,Lucknow,Tier 2,6-10,Male,Robotics & AI Basics,Coding,6-8,Annual,Offline,Active,72.9,12236.7,4.9
STU15756,2022-07-22,2022,Jul,Raipur,Tier 3,15-17,Male,Class 10 CBSE Complete,School Curriculum,10,Monthly,Online,Active,21.2,1537.97,4.7
STU15761,2022-07-22,2022,Jul,Jodhpur,Tier 3,15-17,Male,Class 10 CBSE Complete,School Curriculum,10,Monthly,Online,Trial - Not Converted,10.8,0.0,
STU15063,2022-07-22,2022,Jul,Delhi,Tier 1,15-17,Male,Coding for Kids - Scratch,Coding,3-5,Monthly,Online,Active,69.1,640.25,4.5
STU11469,2022-07-22,2022,Jul,Ahmedabad,Tier 1,11-14,Male,Coding for Kids - Scratch,Coding,3-5,Quarterly,Online,Active,52.5,1925.17,4.3
STU12890,2022-07-23,2022,Jul,Nagpur,Tier 2,11-14,Male,Class 10 CBSE Complete,School Curriculum,10,Quarterly,Online,Active,34.2,4178.49,5.0
STU14331,2022-07-23,2022,Jul,Kanpur,Tier 2,18+,Female,Coding for Kids - Scratch,Coding,3-5,Annual,Online,Active,21.4,6126.57,4.4
STU13360,2022-07-23,2022,Jul,Delhi,Tier 1,15-17,Male,JEE Main Foundation,Competitive Exam,11-12,Quarterly,Offline,Active,86.7,10649.55,3.7
STU10902,2022-07-24,2022,Jul,Delhi,Tier 1,6-10,Female,Class 8 Maths & Science,School Curriculum,8,Quarterly,Online,Churned,34.7,3024.35,4.4
STU14736,2022-07-24,2022,Jul,Ranchi,Tier 3,15-17,Male,UPSC Prelims Foundation,Competitive Exam,Graduate,Quarterly,Offline,Active,95.9,13589.43,3.8
STU11120,2022-07-24,2022,Jul,Indore,Tier 2,15-17,Male,Class 10 CBSE Complete,School Curriculum,10,Quarterly,Online,Active,41.4,4491.9,5.0
STU12483,2022-07-25,2022,Jul,Guwahati,Tier 3,11-14,Female,Robotics & AI Basics,Coding,6-8,Monthly,Offline,Active,41.0,1129.52,4.5
STU12419,2022-07-25,2022,Jul,Varanasi,Tier 3,6-10,Male,Spoken English Mastery,Skill Development,All,Monthly,Online,Active,83.3,515.04,3.4
STU12083,2022-07-25,2022,Jul,Bengaluru,Tier 1,6-10,Male,Class 8 Maths & Science,School Curriculum,8,Annual,Online,Active,34.9,10296.95,4.0
STU13306,2022-07-25,2022,Jul,Kota,Tier 3,18+,Female,Class 6 Foundation,School Curriculum,6,Annual,Online,Completed,100.0,8663.2,3.4
STU10974,2022-07-25,2022,Jul,Surat,Tier 2,6-10,Female,NEET Crash Course,Competitive Exam,11-12,Annual,Offline,Active,98.4,44669.54,3.4
STU14577,2022-07-26,2022,Jul,Patna,Tier 2,15-17,Male,JEE Main Foundation,Competitive Exam,11-12,Annual,Online,Active,80.6,34746.62,3.9
STU13347,2022-07-26,2022,Jul,Indore,Tier 2,15-17,Female,Coding for Kids - Scratch,Coding,3-5,Monthly,Offline,Active,92.8,613.11,4.6
STU11458,2022-07-26,2022,Jul,Jodhpur,Tier 3,15-17,Female,JEE Main Foundation,Competitive Exam,11-12,Annual,Online,Active,34.8,35466.24,5.0
STU11624,2022-07-27,2022,Jul,Nagpur,Tier 2,15-17,Female,NEET Crash Course,Competitive Exam,11-12,Monthly,Online,Active,41.6,4409.32,4.5
STU14827,2022-07-27,2022,Jul,Indore,Tier 2,18+,Male,Class 8 Maths & Science,School Curriculum,8,Annual,Online,Trial - Not Converted,10.8,0.0,
STU14079,2022-07-27,2022,Jul,Kanpur,Tier 2,6-10,Female,Class 8 Maths & Science,School Curriculum,8,Annual,Online,Active,58.8,10093.06,4.1
STU11338,2022-07-28,2022,Jul,Indore,Tier 2,18+,Female,Class 10 CBSE Complete,School Curriculum,10,Annual,Online,Active,30.8,14578.62,3.5
STU12249,2022-07-28,2022,Jul,Bengaluru,Tier 1,15-17,Male,UPSC Prelims Foundation,Competitive Exam,Graduate,Monthly,Offline,Active,74.4,4834.79,5.0
STU15036,2022-07-28,2022,Jul,Patna,Tier 2,18+,Male,Class 8 Maths & Science,School Curriculum,8,Annual,Online,Completed,100.0,9898.26,4.2
STU13279,2022-07-28,2022,Jul,Chennai,Tier 1,15-17,Male,Python for Beginners,Coding,6-8,Monthly,Online,Active,46.5,719.33,5.0
STU13872,2022-07-29,2022,Jul,Mumbai,Tier 1,15-17,Female,NEET Crash Course,Competitive Exam,11-12,Annual,Online,Trial - Not Converted,21.9,0.0,
STU14239,2022-07-29,2022,Jul,Lucknow,Tier 2,6-10,Male,Robotics & AI Basics,Coding,6-8,Quarterly,Online,Completed,100.0,3406.04,4.5
STU12034,2022-07-29,2022,Jul,Raipur,Tier 3,15-17,Male,Robotics & AI Basics,Coding,6-8,Annual,Online,Active,53.2,12734.51,5.0
STU15347,2022-07-29,2022,Jul,Mumbai,Tier 1,18+,Female,Spoken English Mastery,Skill Development,All,Quarterly,Online,Active,47.5,1476.11,4.3
STU11630,2022-07-29,2022,Jul,Mumbai,Tier 1,15-17,Male,Class 8 Maths & Science,School Curriculum,8,Annual,Online,Trial - Not Converted,6.0,0.0,
STU12050,2022-07-29,2022,Jul,Raipur,Tier 3,11-14,Female,UPSC Prelims Foundation,Competitive Exam,Graduate,Quarterly,Online,Churned,15.0,15184.42,3.9
STU10158,2022-07-30,2022,Jul,Guwahati,Tier 3,6-10,Male,UPSC Prelims Foundation,Competitive Exam,Graduate,Quarterly,Online,Churned,53.4,15727.34,4.0
STU11550,2022-07-30,2022,Jul,Mumbai,Tier 1,11-14,Female,UPSC Prelims Foundation,Competitive Exam,Graduate,Quarterly,Online,Trial - Not Converted,16.2,0.0,
STU12699,2022-07-30,2022,Jul,Mumbai,Tier 1,11-14,Female,UPSC Prelims Foundation,Competitive Exam,Graduate,Quarterly,Online,Active,68.9,13908.85,4.7
STU13605,2022-07-30,2022,Jul,Delhi,Tier 1,18+,Male,Spoken English Mastery,Skill Development,All,Annual,Online,Trial - Not Converted,13.0,0.0,
STU14434,2022-07-30,2022,Jul,Bengaluru,Tier 1,15-17,Female,Class 10 CBSE Complete,School Curriculum,10,Monthly,Online,Churned,49.6,1573.88,4.2
STU13724,2022-07-31,2022,Jul,Indore,Tier 2,6-10,Female,Class 6 Foundation,School Curriculum,6,Monthly,Online,Trial - Not Converted,23.5,0.0,
STU12776,2022-07-31,2022,Jul,Pune,Tier 1,11-14,Male,UPSC Prelims Foundation,Competitive Exam,Graduate,Annual,Offline,Churned,56.4,49481.89,3.9
STU12616,2022-07-31,2022,Jul,Nagpur,Tier 2,6-10,Female,Class 10 CBSE Complete,School Curriculum,10,Annual,Online,Churned,44.5,14249.49,3.8
STU12242,2022-07-31,2022,Jul,Delhi,Tier 1,6-10,Male,JEE Main Foundation,Competitive Exam,11-12,Annual,Offline,Trial - Not Converted,4.1,0.0,
STU10191,2022-07-31,2022,Jul,Bengaluru,Tier 1,15-17,Female,Coding for Kids - Scratch,Coding,3-5,Annual,Online,Active,67.8,6537.93,3.3
STU11492,2022-08-01,2022,Aug,Mumbai,Tier 1,18+,Male,Spoken English Mastery,Skill Development,All,Annual,Online,Active,99.9,5173.48,4.4
STU14116,2022-08-01,2022,Aug,Mumbai,Tier 1,6-10,Female,Python for Beginners,Coding,6-8,Annual,Offline,Completed,100.0,7211.58,4.6
STU12710,2022-08-01,2022,Aug,Bengaluru,Tier 1,11-14,Female,Spoken English Mastery,Skill Development,All,Annual,Online,Active,29.8,4933.43,4.3
STU11437,2022-08-01,2022,Aug,Ahmedabad,Tier 1,6-10,Male,NEET Crash Course,Competitive Exam,11-12,Quarterly,Offline,Trial - Not Converted,23.9,0.0,
STU10602,2022-08-01,2022,Aug,Mumbai,Tier 1,15-17,Male,Python for Beginners,Coding,6-8,Quarterly,Online,Active,31.7,2396.28,4.7
STU14295,2022-08-02,2022,Aug,Bhopal,Tier 2,15-17,Male,Class 8 Maths & Science,School Curriculum,8,Annual,Offline,Completed,100.0,9538.53,4.1
STU14968,2022-08-02,2022,Aug,Jodhpur,Tier 3,11-14,Female,Python for Beginners,Coding,6-8,Quarterly,Online,Active,94.0,2351.91,3.5
STU10062,2022-08-03,2022,Aug,Hyderabad,Tier 1,11-14,Female,Robotics & AI Basics,Coding,6-8,Monthly,Online,Active,96.9,1299.5,4.5
STU15544,2022-08-03,2022,Aug,Varanasi,Tier 3,15-17,Male,Class 6 Foundation,School Curriculum,6,Annual,Online,Completed,100.0,8692.93,4.2
STU11911,2022-08-03,2022,Aug,Nagpur,Tier 2,11-14,Male,Coding for Kids - Scratch,Coding,3-5,Annual,Offline,Trial - Not Converted,17.9,0.0,
STU12140,2022-08-03,2022,Aug,Lucknow,Tier 2,15-17,Male,UPSC Prelims Foundation,Competitive Exam,Graduate,Annual,Online,Completed,100.0,47111.48,4.4
STU12715,2022-08-03,2022,Aug,Pune,Tier 1,18+,Male,UPSC Prelims Foundation,Competitive Exam,Graduate,Annual,Offline,Trial - Not Converted,4.7,0.0,
STU13824,2022-08-03,2022,Aug,Raipur,Tier 3,11-14,Female,UPSC Prelims Foundation,Competitive Exam,Graduate,Monthly,Online,Completed,100.0,4955.96,4.9
STU15136,2022-08-03,2022,Aug,Delhi,Tier 1,15-17,Female,Class 6 Foundation,School Curriculum,6,Quarterly,Online,Completed,100.0,2456.67,3.3
STU13808,2022-08-03,2022,Aug,Kolkata,Tier 1,18+,Male,Class 10 CBSE Complete,School Curriculum,10,Annual,Offline,Active,67.0,14431.31,4.4
STU13330,2022-08-03,2022,Aug,Kota,Tier 3,15-17,Female,UPSC Prelims Foundation,Competitive Exam,Graduate,Quarterly,Online,Active,28.6,14035.29,5.0
STU10485,2022-08-04,2022,Aug,Hyderabad,Tier 1,11-14,Male,Python for Beginners,Coding,6-8,Quarterly,Online,Active,49.1,2255.62,4.0
STU14599,2022-08-04,2022,Aug,Indore,Tier 2,6-10,Male,Spoken English Mastery,Skill Development,All,Monthly,Online,Active,62.5,523.91,4.6
STU13949,2022-08-04,2022,Aug,Mumbai,Tier 1,6-10,Female,NEET Crash Course,Competitive Exam,11-12,Quarterly,Offline,Churned,31.6,12853.17,3.7
STU11349,2022-08-05,2022,Aug,Kota,Tier 3,11-14,Female,Class 6 Foundation,School Curriculum,6,Quarterly,Offline,Churned,30.8,2544.88,3.5
STU11562,2022-08-05,2022,Aug,Chennai,Tier 1,6-10,Male,Coding for Kids - Scratch,Coding,3-5,Annual,Online,Active,93.6,6402.21,4.0
STU11282,2022-08-05,2022,Aug,Pune,Tier 1,15-17,Male,Python for Beginners,Coding,6-8,Quarterly,Offline,Churned,28.3,2493.4,4.7
STU14922,2022-08-05,2022,Aug,Lucknow,Tier 2,6-10,Female,Robotics & AI Basics,Coding,6-8,Annual,Offline,Active,56.3,11737.46,4.8
STU10630,2022-08-06,2022,Aug,Chennai,Tier 1,11-14,Female,UPSC Prelims Foundation,Competitive Exam,Graduate,Annual,Offline,Active,75.8,46296.65,4.6
STU13218,2022-08-06,2022,Aug,Surat,Tier 2,15-17,Male,Class 10 CBSE Complete,School Curriculum,10,Annual,Online,Active,62.6,13574.89,3.8
STU11000,2022-08-07,2022,Aug,Pune,Tier 1,18+,Male,Spoken English Mastery,Skill Development,All,Annual,Offline,Active,43.2,4547.74,4.8
STU13088,2022-08-07,2022,Aug,Hyderabad,Tier 1,11-14,Female,Python for Beginners,Coding,6-8,Quarterly,Online,Active,94.9,2315.28,5.0
STU15733,2022-08-07,2022,Aug,Hyderabad,Tier 1,18+,Female,Class 8 Maths & Science,School Curriculum,8,Annual,Online,Trial - Not Converted,19.6,0.0,
STU10334,2022-08-08,2022,Aug,Bhopal,Tier 2,15-17,Male,NEET Crash Course,Competitive Exam,11-12,Annual,Online,Trial - Not Converted,13.3,0.0,
STU14598,2022-08-08,2022,Aug,Lucknow,Tier 2,6-10,Female,Python for Beginners,Coding,6-8,Annual,Online,Active,28.4,7555.56,2.9
STU14473,2022-08-08,2022,Aug,Surat,Tier 2,11-14,Female,NEET Crash Course,Competitive Exam,11-12,Annual,Online,Trial - Not Converted,17.3,0.0,
STU13830,2022-08-09,2022,Aug,Surat,Tier 2,15-17,Female,Class 10 CBSE Complete,School Curriculum,10,Monthly,Online,Active,92.0,1433.35,4.3
STU11473,2022-08-09,2022,Aug,Surat,Tier 2,18+,Male,Class 8 Maths & Science,School Curriculum,8,Annual,Online,Active,69.2,9859.41,4.2
STU11799,2022-08-09,2022,Aug,Bengaluru,Tier 1,18+,Male,Class 10 CBSE Complete,School Curriculum,10,Monthly,Online,Active,78.3,1407.61,3.9
STU15486,2022-08-10,2022,Aug,Pune,Tier 1,6-10,Female,NEET Crash Course,Competitive Exam,11-12,Quarterly,Online,Completed,100.0,12903.08,4.1
STU14141,2022-08-10,2022,Aug,Indore,Tier 2,18+,Female,Spoken English Mastery,Skill Development,All,Annual,Online,Active,42.7,5150.24,4.0
STU12233,2022-08-10,2022,Aug,Indore,Tier 2,15-17,Male,Class 6 Foundation,School Curriculum,6,Annual,Offline,Active,32.0,8678.49,4.2
STU11530,2022-08-10,2022,Aug,Kolkata,Tier 1,6-10,Male,Python for Beginners,Coding,6-8,Quarterly,Online,Active,33.3,2464.02,4.7
STU13143,2022-08-10,2022,Aug,Ranchi,Tier 3,11-14,Male,JEE Main Foundation,Competitive Exam,11-12,Monthly,Online,Completed,100.0,3871.76,4.3
STU14850,2022-08-10,2022,Aug,Delhi,Tier 1,6-10,Male,Python for Beginners,Coding,6-8,Annual,Online,Completed,100.0,7592.27,4.8
STU15462,2022-08-10,2022,Aug,Indore,Tier 2,18+,Female,Python for Beginners,Coding,6-8,Quarterly,Offline,Completed,100.0,2249.28,4.0
STU15262,2022-08-11,2022,Aug,Mumbai,Tier 1,11-14,Male,JEE Main Foundation,Competitive Exam,11-12,Monthly,Offline,Active,63.9,3421.72,3.4
STU13910,2022-08-11,2022,Aug,Kota,Tier 3,15-17,Male,UPSC Prelims Foundation,Competitive Exam,Graduate,Annual,Online,Active,45.2,46471.85,3.8
STU15830,2022-08-11,2022,Aug,Bhopal,Tier 2,6-10,Male,Coding for Kids - Scratch,Coding,3-5,Annual,Offline,Active,78.2,6232.1,3.7
STU15379,2022-08-11,2022,Aug,Pune,Tier 1,6-10,Male,Class 6 Foundation,School Curriculum,6,Quarterly,Online,Completed,100.0,2357.62,4.8
STU12842,2022-08-12,2022,Aug,Raipur,Tier 3,18+,Male,Class 8 Maths & Science,School Curriculum,8,Annual,Offline,Trial - Not Converted,24.1,0.0,
STU14652,2022-08-12,2022,Aug,Jaipur,Tier 2,11-14,Female,UPSC Prelims Foundation,Competitive Exam,Graduate,Monthly,Online,Active,22.5,5076.31,4.1
STU11773,2022-08-12,2022,Aug,Bhopal,Tier 2,6-10,Male,JEE Main Foundation,Competitive Exam,11-12,Annual,Offline,Active,75.9,35818.31,4.2
STU10141,2022-08-12,2022,Aug,Chennai,Tier 1,15-17,Female,Class 10 CBSE Complete,School Curriculum,10,Annual,Online,Active,90.7,14970.09,3.7
STU10531,2022-08-12,2022,Aug,Delhi,Tier 1,15-17,Male,NEET Crash Course,Competitive Exam,11-12,Annual,Offline,Active,54.3,42184.55,4.1
STU15638,2022-08-12,2022,Aug,Ahmedabad,Tier 1,11-14,Male,NEET Crash Course,Competitive Exam,11-12,Monthly,Online,Trial - Not Converted,5.9,0.0,
STU11475,2022-08-13,2022,Aug,Chennai,Tier 1,15-17,Male,JEE Main Foundation,Competitive Exam,11-12,Monthly,Online,Churned,12.8,3468.86,3.3
STU14286,2022-08-13,2022,Aug,Jaipur,Tier 2,6-10,Male,JEE Main Foundation,Competitive Exam,11-12,Annual,Online,Completed,100.0,37912.13,4.6
STU10837,2022-08-13,2022,Aug,Hyderabad,Tier 1,11-14,Female,Coding for Kids - Scratch,Coding,3-5,Annual,Online,Completed,100.0,6274.39,3.4
STU13973,2022-08-13,2022,Aug,Pune,Tier 1,6-10,Male,Class 6 Foundation,School Curriculum,6,Monthly,Online,Completed,100.0,869.66,4.1
STU10944,2022-08-13,2022,Aug,Patna,Tier 2,11-14,Male,Class 8 Maths & Science,School Curriculum,8,Monthly,Offline,Churned,13.5,933.78,4.2
STU14609,2022-08-13,2022,Aug,Hyderabad,Tier 1,6-10,Female,Coding for Kids - Scratch,Coding,3-5,Monthly,Online,Trial - Not Converted,22.5,0.0,
STU15441,2022-08-14,2022,Aug,Nagpur,Tier 2,15-17,Male,Coding for Kids - Scratch,Coding,3-5,Annual,Online,Completed,100.0,6704.94,4.2
STU13835,2022-08-14,2022,Aug,Chennai,Tier 1,18+,Male,Class 8 Maths & Science,School Curriculum,8,Annual,Online,Active,64.8,9769.21,4.9
STU14325,2022-08-14,2022,Aug,Indore,Tier 2,11-14,Female,JEE Main Foundation,Competitive Exam,11-12,Annual,Online,Active,99.1,39358.06,4.3
STU14390,2022-08-15,2022,Aug,Mumbai,Tier 1,15-17,Male,Coding for Kids - Scratch,Coding,3-5,Quarterly,Online,Active,87.9,1919.02,3.8
STU13926,2022-08-15,2022,Aug,Lucknow,Tier 2,6-10,Female,Class 8 Maths & Science,School Curriculum,8,Monthly,Online,Completed,100.0,942.65,5.0
STU10682,2022-08-15,2022,Aug,Delhi,Tier 1,6-10,Male,UPSC Prelims Foundation,Competitive Exam,Graduate,Quarterly,Online,Trial - Not Converted,15.7,0.0,
STU12255,2022-08-15,2022,Aug,Pune,Tier 1,18+,Male,JEE Main Foundation,Competitive Exam,11-12,Quarterly,Online,Active,89.7,11026.32,3.8
STU11211,2022-08-15,2022,Aug,Hyderabad,Tier 1,11-14,Female,Spoken English Mastery,Skill Development,All,Monthly,Offline,Completed,100.0,507.45,4.1
STU10396,2022-08-16,2022,Aug,Chennai,Tier 1,18+,Female,Spoken English Mastery,Skill Development,All,Annual,Online,Churned,26.2,4683.13,3.2
STU13482,2022-08-16,2022,Aug,Bhopal,Tier 2,6-10,Female,Spoken English Mastery,Skill Development,All,Annual,Online,Active,37.9,4556.7,3.7
STU14502,2022-08-16,2022,Aug,Chennai,Tier 1,15-17,Male,Coding for Kids - Scratch,Coding,3-5,Annual,Online,Active,85.4,6721.17,3.5
STU13998,2022-08-16,2022,Aug,Bengaluru,Tier 1,6-10,Male,NEET Crash Course,Competitive Exam,11-12,Annual,Offline,Active,21.9,44373.47,4.6
STU15952,2022-08-16,2022,Aug,Nagpur,Tier 2,11-14,Female,Class 10 CBSE Complete,School Curriculum,10,Quarterly,Offline,Active,51.1,4389.32,3.2
STU11659,2022-08-17,2022,Aug,Patna,Tier 2,11-14,Male,Class 10 CBSE Complete,School Curriculum,10,Annual,Online,Active,40.0,14277.68,4.3
STU11794,2022-08-17,2022,Aug,Bengaluru,Tier 1,18+,Female,UPSC Prelims Foundation,Competitive Exam,Graduate,Monthly,Online,Trial - Not Converted,17.1,0.0,
STU12394,2022-08-17,2022,Aug,Kota,Tier 3,18+,Male,Coding for Kids - Scratch,Coding,3-5,Monthly,Online,Trial - Not Converted,0.0,0.0,
STU13764,2022-08-17,2022,Aug,Surat,Tier 2,18+,Male,Spoken English Mastery,Skill Development,All,Annual,Online,Active,97.6,5037.48,4.0
STU14934,2022-08-18,2022,Aug,Kanpur,Tier 2,11-14,Male,NEET Crash Course,Competitive Exam,11-12,Quarterly,Online,Trial - Not Converted,8.6,0.0,
STU12019,2022-08-18,2022,Aug,Ranchi,Tier 3,11-14,Female,UPSC Prelims Foundation,Competitive Exam,Graduate,Annual,Online,Trial - Not Converted,23.5,0.0,
STU14776,2022-08-18,2022,Aug,Bhopal,Tier 2,15-17,Male,Class 6 Foundation,School Curriculum,6,Quarterly,Online,Active,88.5,2285.65,4.0
STU12247,2022-08-19,2022,Aug,Bengaluru,Tier 1,11-14,Female,NEET Crash Course,Competitive Exam,11-12,Annual,Online,Churned,23.6,44088.43,5.0
STU15215,2022-08-19,2022,Aug,Surat,Tier 2,15-17,Male,Coding for Kids - Scratch,Coding,3-5,Annual,Online,Trial - Not Converted,3.8,0.0,
STU12144,2022-08-19,2022,Aug,Ranchi,Tier 3,15-17,Male,Class 8 Maths & Science,School Curriculum,8,Monthly,Offline,Completed,100.0,999.69,4.2
STU14092,2022-08-19,2022,Aug,Chennai,Tier 1,11-14,Male,NEET Crash Course,Competitive Exam,11-12,Annual,Online,Completed,100.0,42026.08,4.0
STU14684,2022-08-19,2022,Aug,Bengaluru,Tier 1,11-14,Male,Python for Beginners,Coding,6-8,Annual,Online,Active,94.0,7442.93,3.7
STU15107,2022-08-19,2022,Aug,Hyderabad,Tier 1,6-10,Female,NEET Crash Course,Competitive Exam,11-12,Quarterly,Offline,Trial - Not Converted,23.4,0.0,
STU14597,2022-08-21,2022,Aug,Delhi,Tier 1,18+,Male,Spoken English Mastery,Skill Development,All,Monthly,Online,Active,60.1,512.46,3.3
STU11123,2022-08-21,2022,Aug,Raipur,Tier 3,15-17,Female,Class 6 Foundation,School Curriculum,6,Monthly,Offline,Active,42.7,847.34,3.4
STU12556,2022-08-21,2022,Aug,Chennai,Tier 1,15-17,Male,Coding for Kids - Scratch,Coding,3-5,Monthly,Online,Trial - Not Converted,11.8,0.0,
STU14678,2022-08-21,2022,Aug,Kolkata,Tier 1,18+,Female,NEET Crash Course,Competitive Exam,11-12,Annual,Offline,Completed,100.0,41556.41,5.0
STU13518,2022-08-21,2022,Aug,Indore,Tier 2,11-14,Male,Class 10 CBSE Complete,School Curriculum,10,Monthly,Online,Completed,100.0,1473.67,4.6
STU15108,2022-08-21,2022,Aug,Bengaluru,Tier 1,18+,Male,Class 6 Foundation,School Curriculum,6,Monthly,Offline,Churned,10.9,864.58,4.2
STU14396,2022-08-22,2022,Aug,Pune,Tier 1,11-14,Female,NEET Crash Course,Competitive Exam,11-12,Monthly,Online,Trial - Not Converted,14.2,0.0,
STU10976,2022-08-22,2022,Aug,Jaipur,Tier 2,11-14,Female,Class 8 Maths & Science,School Curriculum,8,Annual,Online,Active,75.2,9377.09,4.6
STU13083,2022-08-22,2022,Aug,Chennai,Tier 1,18+,Male,Class 10 CBSE Complete,School Curriculum,10,Quarterly,Offline,Active,65.1,4432.49,4.6
STU14070,2022-08-23,2022,Aug,Indore,Tier 2,18+,Male,Class 6 Foundation,School Curriculum,6,Monthly,Offline,Completed,100.0,804.41,4.7
STU14312,2022-08-23,2022,Aug,Pune,Tier 1,15-17,Female,Python for Beginners,Coding,6-8,Quarterly,Online,Completed,100.0,2175.38,3.8
STU11059,2022-08-23,2022,Aug,Kota,Tier 3,15-17,Female,JEE Main Foundation,Competitive Exam,11-12,Quarterly,Offline,Churned,37.0,10730.92,4.5
STU10138,2022-08-23,2022,Aug,Surat,Tier 2,6-10,Male,Class 10 CBSE Complete,School Curriculum,10,Monthly,Offline,Trial - Not Converted,1.9,0.0,
STU11325,2022-08-23,2022,Aug,Lucknow,Tier 2,11-14,Female,JEE Main Foundation,Competitive Exam,11-12,Monthly,Online,Active,47.7,3484.5,3.4
STU14182,2022-08-23,2022,Aug,Lucknow,Tier 2,18+,Female,Robotics & AI Basics,Coding,6-8,Annual,Online,Active,78.9,11887.32,4.9
STU10535,2022-08-24,2022,Aug,Mumbai,Tier 1,11-14,Male,JEE Main Foundation,Competitive Exam,11-12,Annual,Offline,Active,53.7,39307.55,3.6
STU11294,2022-08-24,2022,Aug,Chennai,Tier 1,11-14,Male,Class 6 Foundation,School Curriculum,6,Quarterly,Offline,Active,36.0,2430.79,4.0
STU14015,2022-08-24,2022,Aug,Nagpur,Tier 2,18+,Male,Python for Beginners,Coding,6-8,Quarterly,Online,Trial - Not Converted,0.9,0.0,
STU10759,2022-08-24,2022,Aug,Kanpur,Tier 2,18+,Male,Spoken English Mastery,Skill Development,All,Quarterly,Online,Completed,100.0,1528.78,4.4
STU10474,2022-08-25,2022,Aug,Ranchi,Tier 3,11-14,Female,JEE Main Foundation,Competitive Exam,11-12,Quarterly,Online,Active,82.6,10765.82,5.0
STU11048,2022-08-25,2022,Aug,Jodhpur,Tier 3,18+,Female,Coding for Kids - Scratch,Coding,3-5,Quarterly,Online,Active,79.0,2028.54,4.0
STU10758,2022-08-25,2022,Aug,Raipur,Tier 3,15-17,Female,Class 8 Maths & Science,School Curriculum,8,Annual,Offline,Active,21.7,9029.43,4.2
STU10526,2022-08-25,2022,Aug,Bhopal,Tier 2,11-14,Female,Coding for Kids - Scratch,Coding,3-5,Annual,Online,Trial - Not Converted,1.3,0.0,
STU11529,2022-08-25,2022,Aug,Jodhpur,Tier 3,11-14,Male,Robotics & AI Basics,Coding,6-8,Quarterly,Online,Trial - Not Converted,19.2,0.0,
STU11360,2022-08-25,2022,Aug,Mumbai,Tier 1,18+,Male,JEE Main Foundation,Competitive Exam,11-12,Annual,Online,Trial - Not Converted,19.2,0.0,
STU12870,2022-08-26,2022,Aug,Indore,Tier 2,11-14,Female,Coding for Kids - Scratch,Coding,3-5,Annual,Online,Active,94.0,6109.22,4.6
STU15765,2022-08-26,2022,Aug,Indore,Tier 2,15-17,Female,UPSC Prelims Foundation,Competitive Exam,Graduate,Quarterly,Offline,Trial - Not Converted,6.4,0.0,
STU13753,2022-08-27,2022,Aug,Pune,Tier 1,18+,Female,Class 6 Foundation,School Curriculum,6,Monthly,Offline,Trial - Not Converted,16.0,0.0,
STU15980,2022-08-27,2022,Aug,Ahmedabad,Tier 1,15-17,Male,Coding for Kids - Scratch,Coding,3-5,Quarterly,Online,Active,50.2,1888.52,4.4
STU15245,2022-08-28,2022,Aug,Chennai,Tier 1,6-10,Male,Class 10 CBSE Complete,School Curriculum,10,Quarterly,Online,Trial - Not Converted,24.4,0.0,
STU10048,2022-08-28,2022,Aug,Kanpur,Tier 2,11-14,Female,NEET Crash Course,Competitive Exam,11-12,Quarterly,Offline,Active,79.0,11893.09,5.0
STU11949,2022-08-28,2022,Aug,Varanasi,Tier 3,11-14,Male,Class 8 Maths & Science,School Curriculum,8,Quarterly,Offline,Churned,25.5,3144.27,5.0
STU11614,2022-08-28,2022,Aug,Delhi,Tier 1,15-17,Male,NEET Crash Course,Competitive Exam,11-12,Quarterly,Online,Active,27.5,12697.89,4.9
STU12413,2022-08-28,2022,Aug,Varanasi,Tier 3,15-17,Female,Coding for Kids - Scratch,Coding,3-5,Annual,Online,Active,73.2,6340.23,4.9
STU15785,2022-08-28,2022,Aug,Varanasi,Tier 3,6-10,Male,Python for Beginners,Coding,6-8,Annual,Online,Active,91.2,7650.95,4.9
STU15600,2022-08-28,2022,Aug,Lucknow,Tier 2,15-17,Male,Class 10 CBSE Complete,School Curriculum,10,Quarterly,Online,Trial - Not Converted,11.9,0.0,
STU13779,2022-08-28,2022,Aug,Bhopal,Tier 2,15-17,Female,JEE Main Foundation,Competitive Exam,11-12,Annual,Online,Completed,100.0,35705.36,4.9
STU12139,2022-08-28,2022,Aug,Jaipur,Tier 2,6-10,Male,NEET Crash Course,Competitive Exam,11-12,Annual,Online,Active,33.8,40990.04,4.4
STU10292,2022-08-29,2022,Aug,Lucknow,Tier 2,18+,Female,Python for Beginners,Coding,6-8,Monthly,Online,Trial - Not Converted,19.3,0.0,
STU12320,2022-08-29,2022,Aug,Guwahati,Tier 3,6-10,Female,JEE Main Foundation,Competitive Exam,11-12,Annual,Online,Active,26.6,36546.94,3.9
STU14722,2022-08-29,2022,Aug,Nagpur,Tier 2,6-10,Female,Class 10 CBSE Complete,School Curriculum,10,Annual,Online,Trial - Not Converted,16.5,0.0,
STU11654,2022-08-29,2022,Aug,Jodhpur,Tier 3,18+,Female,NEET Crash Course,Competitive Exam,11-12,Monthly,Online,Active,59.8,4218.9,4.5
STU13641,2022-08-29,2022,Aug,Kota,Tier 3,15-17,Female,Spoken English Mastery,Skill Development,All,Annual,Online,Trial - Not Converted,13.2,0.0,
STU11304,2022-08-29,2022,Aug,Indore,Tier 2,15-17,Male,Class 10 CBSE Complete,School Curriculum,10,Quarterly,Online,Churned,19.7,4149.18,3.6
STU15360,2022-08-30,2022,Aug,Bengaluru,Tier 1,6-10,Female,NEET Crash Course,Competitive Exam,11-12,Monthly,Online,Churned,50.3,4045.36,4.3
STU11749,2022-08-30,2022,Aug,Varanasi,Tier 3,15-17,Male,JEE Main Foundation,Competitive Exam,11-12,Annual,Online,Active,57.4,33776.09,3.7
STU10978,2022-08-31,2022,Aug,Kolkata,Tier 1,15-17,Female,Python for Beginners,Coding,6-8,Monthly,Offline,Active,54.5,817.72,3.2
STU10243,2022-08-31,2022,Aug,Kota,Tier 3,18+,Female,Spoken English Mastery,Skill Development,All,Annual,Online,Completed,100.0,4787.47,2.8
STU11989,2022-08-31,2022,Aug,Hyderabad,Tier 1,6-10,Male,Python for Beginners,Coding,6-8,Monthly,Online,Completed,100.0,816.12,3.8
STU11783,2022-09-01,2022,Sep,Bhopal,Tier 2,18+,Female,NEET Crash Course,Competitive Exam,11-12,Quarterly,Online,Active,79.9,12448.62,3.8
STU14271,2022-09-01,2022,Sep,Kolkata,Tier 1,15-17,Female,Spoken English Mastery,Skill Development,All,Annual,Online,Active,99.3,4846.49,5.0
STU11141,2022-09-01,2022,Sep,Bhopal,Tier 2,11-14,Male,Python for Beginners,Coding,6-8,Annual,Online,Active,52.9,7407.27,4.5
STU11889,2022-09-01,2022,Sep,Hyderabad,Tier 1,18+,Female,JEE Main Foundation,Competitive Exam,11-12,Quarterly,Online,Active,81.0,10527.04,5.0
STU10341,2022-09-01,2022,Sep,Pune,Tier 1,18+,Male,Class 6 Foundation,School Curriculum,6,Quarterly,Online,Active,79.6,2508.36,4.8
STU14901,2022-09-02,2022,Sep,Kanpur,Tier 2,18+,Male,UPSC Prelims Foundation,Competitive Exam,Graduate,Monthly,Offline,Active,28.1,4627.09,3.4
STU15860,2022-09-02,2022,Sep,Delhi,Tier 1,11-14,Male,Class 10 CBSE Complete,School Curriculum,10,Quarterly,Online,Completed,100.0,4163.52,3.1
STU14520,2022-09-02,2022,Sep,Chennai,Tier 1,18+,Female,JEE Main Foundation,Competitive Exam,11-12,Annual,Online,Trial - Not Converted,16.5,0.0,
STU12248,2022-09-02,2022,Sep,Chennai,Tier 1,15-17,Female,Class 10 CBSE Complete,School Curriculum,10,Monthly,Online,Active,92.0,1495.62,3.6
STU11921,2022-09-03,2022,Sep,Ahmedabad,Tier 1,11-14,Female,Class 10 CBSE Complete,School Curriculum,10,Quarterly,Online,Trial - Not Converted,6.1,0.0,
STU11528,2022-09-04,2022,Sep,Chennai,Tier 1,15-17,Male,Class 10 CBSE Complete,School Curriculum,10,Annual,Offline,Churned,26.7,14486.34,3.4
STU14967,2022-09-04,2022,Sep,Surat,Tier 2,6-10,Female,Python for Beginners,Coding,6-8,Annual,Online,Completed,100.0,7419.13,4.4
STU13681,2022-09-04,2022,Sep,Kolkata,Tier 1,6-10,Male,NEET Crash Course,Competitive Exam,11-12,Quarterly,Online,Active,99.5,11846.0,5.0
STU13725,2022-09-04,2022,Sep,Kanpur,Tier 2,6-10,Female,Class 10 CBSE Complete,School Curriculum,10,Monthly,Online,Active,99.0,1393.24,4.9
STU12868,2022-09-04,2022,Sep,Kolkata,Tier 1,6-10,Female,Python for Beginners,Coding,6-8,Quarterly,Online,Churned,50.2,2476.79,3.9
STU12900,2022-09-04,2022,Sep,Pune,Tier 1,11-14,Female,Python for Beginners,Coding,6-8,Annual,Online,Trial - Not Converted,24.9,0.0,
STU13472,2022-09-05,2022,Sep,Ranchi,Tier 3,15-17,Female,Class 6 Foundation,School Curriculum,6,Annual,Offline,Trial - Not Converted,10.7,0.0,
STU13882,2022-09-05,2022,Sep,Surat,Tier 2,11-14,Male,Coding for Kids - Scratch,Coding,3-5,Annual,Offline,Churned,38.2,6539.41,3.4
STU14875,2022-09-05,2022,Sep,Delhi,Tier 1,6-10,Female,UPSC Prelims Foundation,Competitive Exam,Graduate,Annual,Offline,Trial - Not Converted,14.4,0.0,
STU12931,2022-09-05,2022,Sep,Pune,Tier 1,6-10,Male,Class 6 Foundation,School Curriculum,6,Quarterly,Online,Active,50.1,2614.37,3.5
STU10779,2022-09-05,2022,Sep,Mumbai,Tier 1,18+,Male,Coding for Kids - Scratch,Coding,3-5,Quarterly,Offline,Active,78.4,1842.7,4.5
STU12896,2022-09-05,2022,Sep,Delhi,Tier 1,11-14,Male,Class 10 CBSE Complete,School Curriculum,10,Annual,Offline,Active,81.8,14208.19,4.4
STU10198,2022-09-05,2022,Sep,Raipur,Tier 3,11-14,Male,Python for Beginners,Coding,6-8,Monthly,Online,Active,44.0,739.32,4.3
STU13168,2022-09-06,2022,Sep,Kanpur,Tier 2,15-17,Male,Class 8 Maths & Science,School Curriculum,8,Annual,Offline,Churned,34.4,10274.45,3.9
STU13324,2022-09-06,2022,Sep,Kanpur,Tier 2,11-14,Female,Python for Beginners,Coding,6-8,Quarterly,Online,Active,96.0,2261.6,4.0
STU13310,2022-09-06,2022,Sep,Jaipur,Tier 2,11-14,Male,UPSC Prelims Foundation,Competitive Exam,Graduate,Annual,Offline,Active,65.9,46111.65,4.4
STU10546,2022-09-06,2022,Sep,Ahmedabad,Tier 1,6-10,Female,Spoken English Mastery,Skill Development,All,Quarterly,Online,Churned,11.0,1480.64,3.9
STU12090,2022-09-07,2022,Sep,Bhopal,Tier 2,6-10,Male,Spoken English Mastery,Skill Development,All,Annual,Online,Active,92.4,4949.67,3.8
STU13591,2022-09-07,2022,Sep,Chennai,Tier 1,15-17,Male,Spoken English Mastery,Skill Development,All,Annual,Online,Active,43.3,5227.23,4.9
STU11867,2022-09-07,2022,Sep,Kolkata,Tier 1,15-17,Female,Class 8 Maths & Science,School Curriculum,8,Monthly,Online,Trial - Not Converted,4.0,0.0,
STU13618,2022-09-07,2022,Sep,Kanpur,Tier 2,18+,Female,Coding for Kids - Scratch,Coding,3-5,Annual,Online,Active,96.6,6725.2,3.5
STU12016,2022-09-07,2022,Sep,Kanpur,Tier 2,15-17,Male,Class 6 Foundation,School Curriculum,6,Annual,Online,Completed,100.0,8348.07,4.6
STU10480,2022-09-07,2022,Sep,Bengaluru,Tier 1,11-14,Male,UPSC Prelims Foundation,Competitive Exam,Graduate,Annual,Offline,Completed,100.0,45567.01,3.7
STU10506,2022-09-08,2022,Sep,Chennai,Tier 1,11-14,Male,Class 6 Foundation,School Curriculum,6,Annual,Online,Active,95.9,8040.81,3.6
STU11326,2022-09-09,2022,Sep,Chennai,Tier 1,18+,Male,Class 10 CBSE Complete,School Curriculum,10,Annual,Offline,Active,91.2,14207.85,4.5
STU10401,2022-09-09,2022,Sep,Bhopal,Tier 2,11-14,Male,Class 6 Foundation,School Curriculum,6,Annual,Online,Completed,100.0,8139.28,4.0
STU10575,2022-09-09,2022,Sep,Jodhpur,Tier 3,15-17,Male,UPSC Prelims Foundation,Competitive Exam,Graduate,Monthly,Offline,Completed,100.0,4664.39,3.8
STU12994,2022-09-10,2022,Sep,Pune,Tier 1,11-14,Male,Spoken English Mastery,Skill Development,All,Quarterly,Offline,Active,65.0,1498.88,4.7
STU11849,2022-09-10,2022,Sep,Ahmedabad,Tier 1,6-10,Female,Class 6 Foundation,School Curriculum,6,Annual,Online,Completed,100.0,7599.04,4.2
STU14621,2022-09-10,2022,Sep,Kolkata,Tier 1,11-14,Female,UPSC Prelims Foundation,Competitive Exam,Graduate,Monthly,Online,Active,32.5,5194.82,4.3
STU13308,2022-09-10,2022,Sep,Chennai,Tier 1,11-14,Female,NEET Crash Course,Competitive Exam,11-12,Annual,Online,Trial - Not Converted,17.5,0.0,
STU11295,2022-09-10,2022,Sep,Bengaluru,Tier 1,6-10,Female,Spoken English Mastery,Skill Development,All,Annual,Offline,Completed,100.0,4711.29,5.0
STU13904,2022-09-10,2022,Sep,Bengaluru,Tier 1,18+,Male,Spoken English Mastery,Skill Development,All,Annual,Online,Active,25.5,4533.17,5.0
STU15272,2022-09-10,2022,Sep,Jaipur,Tier 2,6-10,Female,UPSC Prelims Foundation,Competitive Exam,Graduate,Annual,Offline,Active,77.2,46692.44,3.7
STU14567,2022-09-10,2022,Sep,Mumbai,Tier 1,18+,Male,JEE Main Foundation,Competitive Exam,11-12,Annual,Online,Churned,29.3,34821.03,4.3
STU11071,2022-09-11,2022,Sep,Ahmedabad,Tier 1,6-10,Female,Class 6 Foundation,School Curriculum,6,Quarterly,Offline,Active,71.7,2370.54,3.6
STU13012,2022-09-11,2022,Sep,Hyderabad,Tier 1,18+,Male,NEET Crash Course,Competitive Exam,11-12,Monthly,Online,Completed,100.0,4216.6,3.4
STU11154,2022-09-11,2022,Sep,Hyderabad,Tier 1,18+,Male,Coding for Kids - Scratch,Coding,3-5,Annual,Online,Trial - Not Converted,9.2,0.0,
STU13607,2022-09-12,2022,Sep,Pune,Tier 1,6-10,Male,NEET Crash Course,Competitive Exam,11-12,Annual,Offline,Active,88.1,44820.51,4.8
STU14757,2022-09-12,2022,Sep,Mumbai,Tier 1,6-10,Female,JEE Main Foundation,Competitive Exam,11-12,Annual,Offline,Active,66.1,33804.8,4.6
STU14463,2022-09-13,2022,Sep,Bengaluru,Tier 1,6-10,Male,NEET Crash Course,Competitive Exam,11-12,Monthly,Online,Trial - Not Converted,24.8,0.0,
STU11950,2022-09-13,2022,Sep,Guwahati,Tier 3,6-10,Female,JEE Main Foundation,Competitive Exam,11-12,Annual,Offline,Active,60.3,34847.45,3.8
STU12719,2022-09-13,2022,Sep,Kanpur,Tier 2,11-14,Male,Class 10 CBSE Complete,School Curriculum,10,Annual,Online,Active,84.2,15610.69,4.2
STU12292,2022-09-14,2022,Sep,Hyderabad,Tier 1,18+,Male,Robotics & AI Basics,Coding,6-8,Monthly,Online,Trial - Not Converted,20.1,0.0,
STU11345,2022-09-14,2022,Sep,Surat,Tier 2,15-17,Male,JEE Main Foundation,Competitive Exam,11-12,Annual,Online,Active,32.5,38250.4,4.9
STU10086,2022-09-15,2022,Sep,Bengaluru,Tier 1,6-10,Female,Class 8 Maths & Science,School Curriculum,8,Annual,Online,Completed,100.0,9825.8,4.6
STU15358,2022-09-15,2022,Sep,Indore,Tier 2,18+,Male,Class 10 CBSE Complete,School Curriculum,10,Quarterly,Online,Active,21.6,4458.89,3.8
STU15056,2022-09-15,2022,Sep,Chennai,Tier 1,15-17,Female,Coding for Kids - Scratch,Coding,3-5,Annual,Online,Active,81.3,6700.22,3.8
STU11930,2022-09-16,2022,Sep,Pune,Tier 1,6-10,Male,NEET Crash Course,Competitive Exam,11-12,Monthly,Offline,Active,74.8,3960.76,4.2
STU13234,2022-09-16,2022,Sep,Patna,Tier 2,11-14,Female,UPSC Prelims Foundation,Competitive Exam,Graduate,Monthly,Online,Active,32.7,4817.45,5.0
STU14804,2022-09-16,2022,Sep,Kanpur,Tier 2,6-10,Female,Python for Beginners,Coding,6-8,Monthly,Online,Churned,10.0,828.98,3.5
STU10927,2022-09-17,2022,Sep,Jaipur,Tier 2,15-17,Female,Python for Beginners,Coding,6-8,Annual,Online,Active,60.0,7218.74,3.9
STU10628,2022-09-17,2022,Sep,Surat,Tier 2,11-14,Female,Spoken English Mastery,Skill Development,All,Quarterly,Online,Trial - Not Converted,21.5,0.0,
STU10405,2022-09-17,2022,Sep,Jaipur,Tier 2,11-14,Male,Class 8 Maths & Science,School Curriculum,8,Annual,Online,Trial - Not Converted,8.2,0.0,
STU11350,2022-09-17,2022,Sep,Guwahati,Tier 3,18+,Female,Robotics & AI Basics,Coding,6-8,Annual,Offline,Active,71.0,12744.89,4.3
STU10495,2022-09-17,2022,Sep,Kota,Tier 3,18+,Female,JEE Main Foundation,Competitive Exam,11-12,Annual,Offline,Completed,100.0,37824.66,4.7
STU12812,2022-09-18,2022,Sep,Jodhpur,Tier 3,15-17,Female,Class 6 Foundation,School Curriculum,6,Annual,Offline,Trial - Not Converted,18.8,0.0,
STU11702,2022-09-18,2022,Sep,Jaipur,Tier 2,18+,Female,Robotics & AI Basics,Coding,6-8,Annual,Online,Completed,100.0,11533.94,4.0
STU15261,2022-09-18,2022,Sep,Hyderabad,Tier 1,6-10,Female,NEET Crash Course,Competitive Exam,11-12,Annual,Online,Active,36.6,40739.14,4.0
STU10410,2022-09-18,2022,Sep,Bengaluru,Tier 1,11-14,Female,JEE Main Foundation,Competitive Exam,11-12,Annual,Offline,Active,78.0,34798.43,4.7
STU11973,2022-09-18,2022,Sep,Hyderabad,Tier 1,11-14,Female,Robotics & AI Basics,Coding,6-8,Monthly,Online,Active,69.8,1222.12,4.6
STU10675,2022-09-19,2022,Sep,Bengaluru,Tier 1,6-10,Female,Spoken English Mastery,Skill Development,All,Monthly,Online,Trial - Not Converted,20.2,0.0,
STU13631,2022-09-19,2022,Sep,Varanasi,Tier 3,15-17,Male,Class 6 Foundation,School Curriculum,6,Annual,Online,Active,30.7,7543.01,4.7
STU12503,2022-09-19,2022,Sep,Patna,Tier 2,11-14,Female,NEET Crash Course,Competitive Exam,11-12,Quarterly,Offline,Active,46.0,13122.1,4.4
STU13746,2022-09-19,2022,Sep,Bengaluru,Tier 1,15-17,Female,Spoken English Mastery,Skill Development,All,Annual,Online,Active,79.4,4943.33,4.6
STU13442,2022-09-19,2022,Sep,Patna,Tier 2,6-10,Female,Coding for Kids - Scratch,Coding,3-5,Quarterly,Online,Completed,100.0,1853.17,3.6
STU12732,2022-09-19,2022,Sep,Indore,Tier 2,15-17,Female,Spoken English Mastery,Skill Development,All,Quarterly,Online,Active,32.4,1413.13,3.4
STU15142,2022-09-20,2022,Sep,Chennai,Tier 1,6-10,Female,Python for Beginners,Coding,6-8,Annual,Online,Active,39.4,7822.67,3.3
STU10739,2022-09-20,2022,Sep,Ahmedabad,Tier 1,11-14,Male,Class 6 Foundation,School Curriculum,6,Quarterly,Offline,Active,51.1,2295.43,4.0
STU10626,2022-09-20,2022,Sep,Chennai,Tier 1,18+,Male,Class 8 Maths & Science,School Curriculum,8,Annual,Offline,Active,32.3,10412.24,3.6
STU11152,2022-09-20,2022,Sep,Ahmedabad,Tier 1,6-10,Male,Class 6 Foundation,School Curriculum,6,Monthly,Online,Completed,100.0,798.25,4.5
STU14378,2022-09-20,2022,Sep,Bengaluru,Tier 1,11-14,Male,Class 10 CBSE Complete,School Curriculum,10,Annual,Offline,Active,87.8,13971.52,2.4
STU15048,2022-09-21,2022,Sep,Mumbai,Tier 1,18+,Female,Class 8 Maths & Science,School Curriculum,8,Annual,Online,Active,44.8,10291.47,3.4
STU13039,2022-09-21,2022,Sep,Kanpur,Tier 2,6-10,Female,JEE Main Foundation,Competitive Exam,11-12,Quarterly,Offline,Trial - Not Converted,4.8,0.0,
STU14088,2022-09-21,2022,Sep,Kota,Tier 3,6-10,Female,Spoken English Mastery,Skill Development,All,Quarterly,Online,Active,51.4,1488.44,4.3
STU10525,2022-09-21,2022,Sep,Nagpur,Tier 2,11-14,Female,Robotics & AI Basics,Coding,6-8,Annual,Online,Active,67.9,12926.5,3.4
STU14721,2022-09-22,2022,Sep,Mumbai,Tier 1,6-10,Male,Python for Beginners,Coding,6-8,Monthly,Online,Active,61.0,783.83,3.1
STU11514,2022-09-22,2022,Sep,Lucknow,Tier 2,11-14,Female,Coding for Kids - Scratch,Coding,3-5,Annual,Online,Active,28.2,6098.5,4.1
STU10887,2022-09-22,2022,Sep,Lucknow,Tier 2,15-17,Female,Python for Beginners,Coding,6-8,Annual,Online,Active,96.0,8110.7,4.4
STU14025,2022-09-22,2022,Sep,Patna,Tier 2,6-10,Male,Coding for Kids - Scratch,Coding,3-5,Annual,Online,Churned,39.2,6829.98,3.8
STU10162,2022-09-22,2022,Sep,Kolkata,Tier 1,15-17,Female,Class 6 Foundation,School Curriculum,6,Quarterly,Online,Completed,100.0,2502.8,4.2
STU11456,2022-09-23,2022,Sep,Bhopal,Tier 2,15-17,Female,Python for Beginners,Coding,6-8,Monthly,Online,Churned,20.1,714.12,4.4
STU15552,2022-09-23,2022,Sep,Chennai,Tier 1,15-17,Male,Robotics & AI Basics,Coding,6-8,Monthly,Online,Active,20.7,1304.24,3.3
STU12390,2022-09-23,2022,Sep,Surat,Tier 2,15-17,Female,Coding for Kids - Scratch,Coding,3-5,Monthly,Online,Trial - Not Converted,1.5,0.0,
STU15861,2022-09-23,2022,Sep,Nagpur,Tier 2,11-14,Male,Python for Beginners,Coding,6-8,Quarterly,Online,Active,75.0,2319.78,4.3
STU15528,2022-09-23,2022,Sep,Bengaluru,Tier 1,11-14,Male,Class 6 Foundation,School Curriculum,6,Quarterly,Online,Active,58.8,2394.07,3.8
STU13436,2022-09-23,2022,Sep,Kolkata,Tier 1,15-17,Female,UPSC Prelims Foundation,Competitive Exam,Graduate,Annual,Online,Active,87.0,52180.36,3.3
STU12299,2022-09-23,2022,Sep,Varanasi,Tier 3,11-14,Male,Class 6 Foundation,School Curriculum,6,Annual,Online,Churned,11.1,8155.68,4.4
STU13460,2022-09-23,2022,Sep,Bengaluru,Tier 1,15-17,Male,Class 8 Maths & Science,School Curriculum,8,Annual,Offline,Active,38.1,9044.83,4.6
STU13106,2022-09-24,2022,Sep,Mumbai,Tier 1,15-17,Male,Spoken English Mastery,Skill Development,All,Annual,Online,Completed,100.0,4536.26,5.0
STU15167,2022-09-24,2022,Sep,Chennai,Tier 1,18+,Male,Python for Beginners,Coding,6-8,Annual,Online,Active,47.0,7759.2,4.1
STU13533,2022-09-25,2022,Sep,Guwahati,Tier 3,15-17,Male,UPSC Prelims Foundation,Competitive Exam,Graduate,Quarterly,Online,Active,62.9,15714.91,4.4
STU10699,2022-09-25,2022,Sep,Pune,Tier 1,11-14,Female,Spoken English Mastery,Skill Development,All,Annual,Online,Trial - Not Converted,24.2,0.0,
STU13411,2022-09-26,2022,Sep,Mumbai,Tier 1,18+,Female,UPSC Prelims Foundation,Competitive Exam,Graduate,Monthly,Offline,Trial - Not Converted,16.2,0.0,
STU12506,2022-09-26,2022,Sep,Delhi,Tier 1,6-10,Male,Python for Beginners,Coding,6-8,Quarterly,Online,Churned,16.2,2191.91,4.7
STU11167,2022-09-26,2022,Sep,Jodhpur,Tier 3,11-14,Female,Spoken English Mastery,Skill Development,All,Monthly,Online,Active,81.3,488.49,4.0
STU14330,2022-09-26,2022,Sep,Bhopal,Tier 2,18+,Male,Class 10 CBSE Complete,School Curriculum,10,Monthly,Offline,Active,87.5,1470.43,5.0
STU10870,2022-09-26,2022,Sep,Delhi,Tier 1,11-14,Male,Class 10 CBSE Complete,School Curriculum,10,Quarterly,Offline,Active,92.1,4154.38,3.1
STU15527,2022-09-26,2022,Sep,Surat,Tier 2,15-17,Male,Spoken English Mastery,Skill Development,All,Annual,Online,Active,82.5,5249.15,3.5
STU10882,2022-09-27,2022,Sep,Mumbai,Tier 1,11-14,Female,Class 8 Maths & Science,School Curriculum,8,Quarterly,Offline,Churned,20.1,2800.35,4.4
STU13092,2022-09-27,2022,Sep,Patna,Tier 2,11-14,Female,Python for Beginners,Coding,6-8,Quarterly,Online,Completed,100.0,2284.33,3.8
STU13803,2022-09-27,2022,Sep,Hyderabad,Tier 1,6-10,Male,Class 8 Maths & Science,School Curriculum,8,Monthly,Offline,Active,23.7,1024.54,4.5
STU10462,2022-09-27,2022,Sep,Hyderabad,Tier 1,11-14,Male,Class 6 Foundation,School Curriculum,6,Annual,Offline,Completed,100.0,8309.27,3.5
STU12598,2022-09-27,2022,Sep,Hyderabad,Tier 1,11-14,Female,UPSC Prelims Foundation,Competitive Exam,Graduate,Quarterly,Offline,Completed,100.0,13817.93,4.1
STU12384,2022-09-28,2022,Sep,Raipur,Tier 3,11-14,Female,JEE Main Foundation,Competitive Exam,11-12,Annual,Online,Active,33.4,38065.14,4.7
STU14503,2022-09-28,2022,Sep,Hyderabad,Tier 1,11-14,Female,Coding for Kids - Scratch,Coding,3-5,Annual,Online,Trial - Not Converted,1.9,0.0,
STU13624,2022-09-29,2022,Sep,Bengaluru,Tier 1,18+,Male,Class 6 Foundation,School Curriculum,6,Quarterly,Offline,Trial - Not Converted,15.1,0.0,
STU15241,2022-09-29,2022,Sep,Mumbai,Tier 1,18+,Female,Python for Beginners,Coding,6-8,Annual,Online,Active,67.1,7450.77,4.4
STU15590,2022-09-29,2022,Sep,Varanasi,Tier 3,18+,Female,Python for Beginners,Coding,6-8,Quarterly,Online,Active,40.5,2186.25,4.0
STU10088,2022-09-29,2022,Sep,Patna,Tier 2,6-10,Male,Class 6 Foundation,School Curriculum,6,Annual,Online,Active,54.0,7600.63,4.3
STU13897,2022-09-30,2022,Sep,Kanpur,Tier 2,11-14,Male,NEET Crash Course,Competitive Exam,11-12,Quarterly,Offline,Completed,100.0,13084.02,4.2
STU14693,2022-09-30,2022,Sep,Jodhpur,Tier 3,15-17,Male,Robotics & AI Basics,Coding,6-8,Quarterly,Online,Completed,100.0,3549.67,3.9
STU14605,2022-10-01,2022,Oct,Jaipur,Tier 2,18+,Female,NEET Crash Course,Competitive Exam,11-12,Monthly,Online,Trial - Not Converted,22.2,0.0,
STU13303,2022-10-02,2022,Oct,Kolkata,Tier 1,6-10,Male,UPSC Prelims Foundation,Competitive Exam,Graduate,Quarterly,Offline,Active,49.2,15647.96,4.2
STU10214,2022-10-02,2022,Oct,Mumbai,Tier 1,18+,Male,Python for Beginners,Coding,6-8,Annual,Online,Active,72.7,8077.18,4.9
STU12291,2022-10-02,2022,Oct,Varanasi,Tier 3,18+,Male,Spoken English Mastery,Skill Development,All,Monthly,Online,Active,73.6,504.79,4.7
STU12231,2022-10-02,2022,Oct,Kanpur,Tier 2,15-17,Female,Coding for Kids - Scratch,Coding,3-5,Quarterly,Online,Active,25.7,1896.79,4.2
STU13534,2022-10-02,2022,Oct,Hyderabad,Tier 1,15-17,Male,Coding for Kids - Scratch,Coding,3-5,Annual,Online,Active,44.0,6160.33,4.4
STU13086,2022-10-02,2022,Oct,Ahmedabad,Tier 1,11-14,Female,Coding for Kids - Scratch,Coding,3-5,Monthly,Online,Active,79.9,642.71,3.6
STU15275,2022-10-03,2022,Oct,Surat,Tier 2,15-17,Female,Python for Beginners,Coding,6-8,Monthly,Online,Trial - Not Converted,23.9,0.0,
STU10798,2022-10-04,2022,Oct,Bengaluru,Tier 1,15-17,Female,UPSC Prelims Foundation,Competitive Exam,Graduate,Annual,Offline,Churned,53.5,50895.66,4.3
STU11956,2022-10-04,2022,Oct,Hyderabad,Tier 1,6-10,Female,Python for Beginners,Coding,6-8,Annual,Offline,Churned,48.1,7138.25,4.9
STU10770,2022-10-04,2022,Oct,Mumbai,Tier 1,18+,Male,UPSC Prelims Foundation,Competitive Exam,Graduate,Annual,Offline,Active,22.4,52003.67,4.7
STU15848,2022-10-04,2022,Oct,Ahmedabad,Tier 1,6-10,Male,Python for Beginners,Coding,6-8,Monthly,Online,Active,40.1,793.74,3.3
STU10864,2022-10-04,2022,Oct,Hyderabad,Tier 1,15-17,Female,Class 6 Foundation,School Curriculum,6,Quarterly,Online,Completed,100.0,2554.72,4.5
STU12987,2022-10-04,2022,Oct,Jodhpur,Tier 3,15-17,Female,Coding for Kids - Scratch,Coding,3-5,Monthly,Online,Completed,100.0,616.53,4.3
STU12496,2022-10-04,2022,Oct,Bengaluru,Tier 1,6-10,Male,Class 6 Foundation,School Curriculum,6,Annual,Online,Churned,20.6,7676.27,2.9
STU14486,2022-10-05,2022,Oct,Indore,Tier 2,15-17,Female,Python for Beginners,Coding,6-8,Annual,Online,Active,54.4,7874.96,4.9
STU11026,2022-10-05,2022,Oct,Delhi,Tier 1,15-17,Male,Class 10 CBSE Complete,School Curriculum,10,Annual,Online,Active,36.2,15511.6,3.9
STU11733,2022-10-05,2022,Oct,Chennai,Tier 1,6-10,Female,Python for Beginners,Coding,6-8,Monthly,Online,Active,75.4,807.86,3.9
STU11281,2022-10-05,2022,Oct,Hyderabad,Tier 1,11-14,Female,Class 10 CBSE Complete,School Curriculum,10,Annual,Online,Trial - Not Converted,3.8,0.0,
STU10960,2022-10-05,2022,Oct,Nagpur,Tier 2,11-14,Female,Class 10 CBSE Complete,School Curriculum,10,Monthly,Online,Trial - Not Converted,2.0,0.0,
STU11255,2022-10-05,2022,Oct,Kota,Tier 3,6-10,Male,Robotics & AI Basics,Coding,6-8,Monthly,Online,Trial - Not Converted,20.9,0.0,
STU13272,2022-10-06,2022,Oct,Varanasi,Tier 3,6-10,Female,Class 8 Maths & Science,School Curriculum,8,Annual,Online,Active,90.0,9609.87,2.8
STU14310,2022-10-06,2022,Oct,Hyderabad,Tier 1,6-10,Male,Class 10 CBSE Complete,School Curriculum,10,Annual,Online,Completed,100.0,13896.98,3.5
STU13596,2022-10-06,2022,Oct,Delhi,Tier 1,15-17,Female,Class 10 CBSE Complete,School Curriculum,10,Annual,Online,Active,64.4,13603.86,3.0
STU13569,2022-10-06,2022,Oct,Chennai,Tier 1,15-17,Male,Python for Beginners,Coding,6-8,Monthly,Online,Completed,100.0,815.47,4.1
STU14563,2022-10-07,2022,Oct,Patna,Tier 2,15-17,Male,Coding for Kids - Scratch,Coding,3-5,Monthly,Online,Completed,100.0,637.68,4.1
STU15412,2022-10-07,2022,Oct,Lucknow,Tier 2,6-10,Male,Robotics & AI Basics,Coding,6-8,Monthly,Online,Active,90.1,1309.06,4.8
STU12546,2022-10-07,2022,Oct,Jodhpur,Tier 3,18+,Male,JEE Main Foundation,Competitive Exam,11-12,Annual,Offline,Active,76.3,36941.59,4.3
STU15022,2022-10-07,2022,Oct,Kanpur,Tier 2,11-14,Male,Python for Beginners,Coding,6-8,Annual,Offline,Active,73.4,8238.25,5.0
STU14414,2022-10-07,2022,Oct,Bengaluru,Tier 1,15-17,Female,Spoken English Mastery,Skill Development,All,Quarterly,Online,Completed,100.0,1450.66,4.1
STU12280,2022-10-07,2022,Oct,Pune,Tier 1,11-14,Female,UPSC Prelims Foundation,Competitive Exam,Graduate,Annual,Offline,Active,48.8,45386.11,4.3
STU10648,2022-10-07,2022,Oct,Varanasi,Tier 3,15-17,Female,NEET Crash Course,Competitive Exam,11-12,Quarterly,Offline,Active,35.3,13445.93,4.2
STU11011,2022-10-07,2022,Oct,Kanpur,Tier 2,6-10,Male,Python for Beginners,Coding,6-8,Quarterly,Online,Active,46.6,2178.71,3.3
STU10290,2022-10-08,2022,Oct,Raipur,Tier 3,6-10,Male,UPSC Prelims Foundation,Competitive Exam,Graduate,Monthly,Offline,Churned,50.3,5180.05,4.3
STU12540,2022-10-08,2022,Oct,Ahmedabad,Tier 1,15-17,Female,Spoken English Mastery,Skill Development,All,Quarterly,Online,Churned,50.2,1568.52,4.9
STU11692,2022-10-08,2022,Oct,Kanpur,Tier 2,6-10,Male,Robotics & AI Basics,Coding,6-8,Monthly,Online,Active,38.2,1297.32,5.0
STU12833,2022-10-08,2022,Oct,Mumbai,Tier 1,6-10,Female,Spoken English Mastery,Skill Development,All,Quarterly,Online,Completed,100.0,1547.01,4.0
STU12276,2022-10-09,2022,Oct,Raipur,Tier 3,18+,Male,Spoken English Mastery,Skill Development,All,Annual,Online,Active,51.5,4892.68,4.0
STU13205,2022-10-09,2022,Oct,Jaipur,Tier 2,11-14,Female,Spoken English Mastery,Skill Development,All,Monthly,Online,Churned,55.7,475.26,3.6
STU13339,2022-10-09,2022,Oct,Jaipur,Tier 2,15-17,Female,NEET Crash Course,Competitive Exam,11-12,Quarterly,Online,Active,77.6,13228.54,4.2
STU13942,2022-10-09,2022,Oct,Indore,Tier 2,11-14,Female,Coding for Kids - Scratch,Coding,3-5,Monthly,Online,Active,85.3,665.42,4.1
STU11199,2022-10-09,2022,Oct,Ahmedabad,Tier 1,6-10,Female,Coding for Kids - Scratch,Coding,3-5,Quarterly,Online,Trial - Not Converted,21.8,0.0,
STU10122,2022-10-09,2022,Oct,Kanpur,Tier 2,18+,Male,Spoken English Mastery,Skill Development,All,Monthly,Online,Active,80.2,460.46,3.3
STU15806,2022-10-09,2022,Oct,Hyderabad,Tier 1,18+,Male,Class 10 CBSE Complete,School Curriculum,10,Annual,Online,Active,57.5,14208.97,5.0
STU10941,2022-10-09,2022,Oct,Chennai,Tier 1,15-17,Male,Python for Beginners,Coding,6-8,Annual,Online,Active,34.7,7801.58,4.5
STU10110,2022-10-10,2022,Oct,Mumbai,Tier 1,11-14,Female,UPSC Prelims Foundation,Competitive Exam,Graduate,Annual,Offline,Churned,27.6,49720.68,3.3
STU15263,2022-10-10,2022,Oct,Mumbai,Tier 1,18+,Female,Robotics & AI Basics,Coding,6-8,Monthly,Online,Completed,100.0,1301.24,4.5
STU10227,2022-10-10,2022,Oct,Delhi,Tier 1,11-14,Female,Coding for Kids - Scratch,Coding,3-5,Annual,Online,Active,38.0,6057.51,3.2
STU11177,2022-10-10,2022,Oct,Lucknow,Tier 2,15-17,Male,Robotics & AI Basics,Coding,6-8,Annual,Online,Churned,21.9,12445.67,4.2
STU12207,2022-10-10,2022,Oct,Hyderabad,Tier 1,6-10,Female,Class 8 Maths & Science,School Curriculum,8,Annual,Offline,Active,79.9,9317.51,3.9
STU11792,2022-10-10,2022,Oct,Mumbai,Tier 1,11-14,Male,NEET Crash Course,Competitive Exam,11-12,Monthly,Online,Active,33.6,4126.26,4.4
STU14303,2022-10-11,2022,Oct,Lucknow,Tier 2,6-10,Male,Class 8 Maths & Science,School Curriculum,8,Annual,Online,Active,95.6,10084.64,3.1
STU11970,2022-10-11,2022,Oct,Hyderabad,Tier 1,11-14,Female,Spoken English Mastery,Skill Development,All,Quarterly,Online,Active,75.5,1533.45,3.8
STU11525,2022-10-11,2022,Oct,Surat,Tier 2,11-14,Male,NEET Crash Course,Competitive Exam,11-12,Annual,Offline,Active,41.1,42445.46,5.0
STU11747,2022-10-11,2022,Oct,Patna,Tier 2,18+,Female,Class 10 CBSE Complete,School Curriculum,10,Annual,Online,Trial - Not Converted,6.2,0.0,
STU14046,2022-10-11,2022,Oct,Lucknow,Tier 2,11-14,Female,NEET Crash Course,Competitive Exam,11-12,Monthly,Online,Completed,100.0,4313.62,4.7
STU11581,2022-10-11,2022,Oct,Indore,Tier 2,18+,Female,UPSC Prelims Foundation,Competitive Exam,Graduate,Annual,Online,Active,33.9,48772.55,4.2
STU15691,2022-10-12,2022,Oct,Ahmedabad,Tier 1,18+,Female,Robotics & AI Basics,Coding,6-8,Quarterly,Online,Active,91.1,3706.6,3.2
STU12481,2022-10-12,2022,Oct,Jaipur,Tier 2,15-17,Male,Class 8 Maths & Science,School Curriculum,8,Quarterly,Offline,Trial - Not Converted,14.4,0.0,
STU15819,2022-10-12,2022,Oct,Nagpur,Tier 2,18+,Male,NEET Crash Course,Competitive Exam,11-12,Annual,Online,Active,45.5,40540.65,3.0
STU11897,2022-10-13,2022,Oct,Ahmedabad,Tier 1,6-10,Female,Class 10 CBSE Complete,School Curriculum,10,Annual,Offline,Trial - Not Converted,19.2,0.0,
STU11694,2022-10-13,2022,Oct,Jaipur,Tier 2,18+,Female,UPSC Prelims Foundation,Competitive Exam,Graduate,Annual,Online,Completed,100.0,49996.07,4.2
STU14549,2022-10-13,2022,Oct,Meerut,Tier 3,18+,Female,Robotics & AI Basics,Coding,6-8,Annual,Online,Active,83.9,12635.07,3.0
STU11045,2022-10-13,2022,Oct,Guwahati,Tier 3,11-14,Male,Class 6 Foundation,School Curriculum,6,Monthly,Online,Active,75.1,842.31,4.6
STU14575,2022-10-15,2022,Oct,Delhi,Tier 1,15-17,Male,Robotics & AI Basics,Coding,6-8,Monthly,Online,Active,87.1,1257.56,4.7
STU13839,2022-10-15,2022,Oct,Bengaluru,Tier 1,18+,Male,Spoken English Mastery,Skill Development,All,Annual,Offline,Trial - Not Converted,24.0,0.0,
STU15291,2022-10-15,2022,Oct,Varanasi,Tier 3,15-17,Male,Class 8 Maths & Science,School Curriculum,8,Annual,Offline,Active,97.5,9194.05,4.0
STU14351,2022-10-16,2022,Oct,Delhi,Tier 1,15-17,Male,Python for Beginners,Coding,6-8,Annual,Offline,Completed,100.0,7549.44,4.3
STU11767,2022-10-16,2022,Oct,Ranchi,Tier 3,15-17,Male,Class 10 CBSE Complete,School Curriculum,10,Annual,Offline,Active,51.2,14015.87,4.4
STU10087,2022-10-17,2022,Oct,Nagpur,Tier 2,15-17,Male,JEE Main Foundation,Competitive Exam,11-12,Annual,Offline,Trial - Not Converted,8.2,0.0,
STU12220,2022-10-17,2022,Oct,Jaipur,Tier 2,18+,Male,Spoken English Mastery,Skill Development,All,Annual,Online,Churned,46.0,4902.98,4.0
STU15123,2022-10-17,2022,Oct,Bengaluru,Tier 1,6-10,Female,Coding for Kids - Scratch,Coding,3-5,Annual,Online,Trial - Not Converted,3.5,0.0,
STU11430,2022-10-17,2022,Oct,Bhopal,Tier 2,18+,Female,Spoken English Mastery,Skill Development,All,Annual,Online,Completed,100.0,5176.57,4.6
STU14800,2022-10-17,2022,Oct,Bhopal,Tier 2,15-17,Male,NEET Crash Course,Competitive Exam,11-12,Quarterly,Online,Completed,100.0,12112.14,3.9
STU12883,2022-10-18,2022,Oct,Kanpur,Tier 2,11-14,Female,Robotics & AI Basics,Coding,6-8,Annual,Online,Churned,25.7,13123.88,4.2
STU10867,2022-10-18,2022,Oct,Kota,Tier 3,6-10,Female,NEET Crash Course,Competitive Exam,11-12,Monthly,Online,Completed,100.0,4077.07,3.4
STU15226,2022-10-18,2022,Oct,Delhi,Tier 1,15-17,Male,Class 10 CBSE Complete,School Curriculum,10,Quarterly,Online,Active,33.8,4426.63,4.3
STU15321,2022-10-18,2022,Oct,Nagpur,Tier 2,15-17,Female,UPSC Prelims Foundation,Competitive Exam,Graduate,Annual,Offline,Churned,34.6,51089.23,4.0
STU13964,2022-10-19,2022,Oct,Kanpur,Tier 2,6-10,Female,Coding for Kids - Scratch,Coding,3-5,Monthly,Online,Active,43.1,675.58,4.0
STU11076,2022-10-19,2022,Oct,Nagpur,Tier 2,11-14,Female,UPSC Prelims Foundation,Competitive Exam,Graduate,Monthly,Offline,Active,40.6,4810.8,3.8
STU11221,2022-10-19,2022,Oct,Ranchi,Tier 3,11-14,Male,Robotics & AI Basics,Coding,6-8,Quarterly,Offline,Active,30.1,3831.75,4.6
STU15883,2022-10-19,2022,Oct,Lucknow,Tier 2,15-17,Male,Coding for Kids - Scratch,Coding,3-5,Quarterly,Online,Active,24.5,2019.82,5.0
STU11674,2022-10-20,2022,Oct,Raipur,Tier 3,18+,Female,Class 8 Maths & Science,School Curriculum,8,Monthly,Online,Active,82.9,1011.12,5.0
STU14189,2022-10-20,2022,Oct,Ahmedabad,Tier 1,6-10,Male,Robotics & AI Basics,Coding,6-8,Quarterly,Online,Completed,100.0,3800.11,4.6
STU15635,2022-10-20,2022,Oct,Pune,Tier 1,11-14,Male,Class 8 Maths & Science,School Curriculum,8,Monthly,Online,Active,35.7,956.96,3.7
STU13969,2022-10-21,2022,Oct,Surat,Tier 2,11-14,Female,Class 10 CBSE Complete,School Curriculum,10,Quarterly,Online,Completed,100.0,4275.37,3.5
STU14177,2022-10-21,2022,Oct,Chennai,Tier 1,6-10,Female,Spoken English Mastery,Skill Development,All,Annual,Online,Active,42.4,4833.62,4.3
STU15757,2022-10-21,2022,Oct,Bengaluru,Tier 1,11-14,Male,Python for Beginners,Coding,6-8,Quarterly,Online,Active,42.6,2369.03,3.2
STU11834,2022-10-22,2022,Oct,Meerut,Tier 3,15-17,Female,Class 8 Maths & Science,School Curriculum,8,Monthly,Offline,Completed,100.0,1022.29,4.1
STU10387,2022-10-22,2022,Oct,Delhi,Tier 1,6-10,Male,UPSC Prelims Foundation,Competitive Exam,Graduate,Quarterly,Online,Trial - Not Converted,8.6,0.0,
STU11034,2022-10-22,2022,Oct,Delhi,Tier 1,15-17,Male,Python for Beginners,Coding,6-8,Monthly,Offline,Trial - Not Converted,6.4,0.0,
STU10741,2022-10-22,2022,Oct,Kanpur,Tier 2,15-17,Male,Spoken English Mastery,Skill Development,All,Annual,Offline,Active,96.8,4561.29,3.4
STU14382,2022-10-23,2022,Oct,Kanpur,Tier 2,15-17,Female,Python for Beginners,Coding,6-8,Monthly,Online,Churned,16.6,723.64,4.8
STU12089,2022-10-23,2022,Oct,Hyderabad,Tier 1,6-10,Female,NEET Crash Course,Competitive Exam,11-12,Annual,Online,Active,89.7,43717.51,3.9
STU14527,2022-10-24,2022,Oct,Raipur,Tier 3,11-14,Female,Class 8 Maths & Science,School Curriculum,8,Quarterly,Online,Active,38.1,2739.57,4.4
STU15667,2022-10-24,2022,Oct,Pune,Tier 1,11-14,Male,Robotics & AI Basics,Coding,6-8,Quarterly,Online,Churned,43.5,3876.56,4.5
STU10985,2022-10-24,2022,Oct,Delhi,Tier 1,11-14,Male,Robotics & AI Basics,Coding,6-8,Annual,Online,Trial - Not Converted,11.8,0.0,
STU10266,2022-10-24,2022,Oct,Patna,Tier 2,11-14,Male,Class 8 Maths & Science,School Curriculum,8,Monthly,Online,Trial - Not Converted,2.2,0.0,
STU12407,2022-10-24,2022,Oct,Mumbai,Tier 1,6-10,Female,Class 6 Foundation,School Curriculum,6,Annual,Offline,Churned,18.9,7791.77,4.3
STU15259,2022-10-25,2022,Oct,Bengaluru,Tier 1,15-17,Female,UPSC Prelims Foundation,Competitive Exam,Graduate,Quarterly,Online,Trial - Not Converted,14.4,0.0,
STU14834,2022-10-25,2022,Oct,Bhopal,Tier 2,18+,Female,Class 6 Foundation,School Curriculum,6,Annual,Online,Active,42.2,7707.55,5.0
STU10812,2022-10-25,2022,Oct,Jaipur,Tier 2,6-10,Female,Robotics & AI Basics,Coding,6-8,Quarterly,Online,Completed,100.0,3783.32,3.7
STU14305,2022-10-25,2022,Oct,Delhi,Tier 1,6-10,Male,Coding for Kids - Scratch,Coding,3-5,Quarterly,Online,Active,60.1,1808.91,4.2
STU11340,2022-10-26,2022,Oct,Delhi,Tier 1,18+,Female,JEE Main Foundation,Competitive Exam,11-12,Annual,Offline,Trial - Not Converted,12.2,0.0,
STU14932,2022-10-27,2022,Oct,Indore,Tier 2,18+,Female,Class 8 Maths & Science,School Curriculum,8,Annual,Online,Active,39.6,10495.42,3.5
STU15807,2022-10-27,2022,Oct,Bengaluru,Tier 1,18+,Male,UPSC Prelims Foundation,Competitive Exam,Graduate,Monthly,Online,Trial - Not Converted,11.0,0.0,
STU10958,2022-10-28,2022,Oct,Pune,Tier 1,6-10,Male,Spoken English Mastery,Skill Development,All,Annual,Online,Completed,100.0,5130.74,3.7
STU15019,2022-10-29,2022,Oct,Hyderabad,Tier 1,6-10,Female,Class 6 Foundation,School Curriculum,6,Annual,Online,Active,96.9,7652.07,3.7
STU13108,2022-10-29,2022,Oct,Nagpur,Tier 2,18+,Female,Python for Beginners,Coding,6-8,Monthly,Online,Completed,100.0,786.06,3.4
STU14531,2022-10-29,2022,Oct,Surat,Tier 2,18+,Female,Coding for Kids - Scratch,Coding,3-5,Annual,Online,Trial - Not Converted,22.9,0.0,
STU10651,2022-10-30,2022,Oct,Ranchi,Tier 3,11-14,Female,Coding for Kids - Scratch,Coding,3-5,Monthly,Offline,Active,51.6,608.32,3.8
STU14466,2022-10-30,2022,Oct,Patna,Tier 2,15-17,Female,Class 8 Maths & Science,School Curriculum,8,Annual,Online,Active,41.0,10048.28,4.5
STU14562,2022-10-31,2022,Oct,Kanpur,Tier 2,15-17,Male,Class 8 Maths & Science,School Curriculum,8,Monthly,Online,Active,96.0,912.67,4.7
STU14973,2022-10-31,2022,Oct,Nagpur,Tier 2,11-14,Female,Robotics & AI Basics,Coding,6-8,Annual,Online,Churned,23.3,11762.51,3.6
STU11705,2022-10-31,2022,Oct,Delhi,Tier 1,18+,Male,Class 6 Foundation,School Curriculum,6,Quarterly,Online,Trial - Not Converted,18.1,0.0,
STU14415,2022-10-31,2022,Oct,Guwahati,Tier 3,18+,Female,Class 6 Foundation,School Curriculum,6,Monthly,Offline,Active,52.3,845.97,4.7
STU13676,2022-10-31,2022,Oct,Bengaluru,Tier 1,18+,Male,Class 8 Maths & Science,School Curriculum,8,Annual,Online,Active,53.8,10444.59,3.9
STU14431,2022-11-01,2022,Nov,Ranchi,Tier 3,18+,Female,Spoken English Mastery,Skill Development,All,Annual,Online,Trial - Not Converted,3.9,0.0,
STU13881,2022-11-01,2022,Nov,Hyderabad,Tier 1,18+,Male,Spoken English Mastery,Skill Development,All,Quarterly,Online,Active,40.6,1418.68,5.0
STU12779,2022-11-01,2022,Nov,Chennai,Tier 1,11-14,Male,Robotics & AI Basics,Coding,6-8,Quarterly,Online,Trial - Not Converted,16.8,0.0,
STU14480,2022-11-01,2022,Nov,Kota,Tier 3,11-14,Female,Class 8 Maths & Science,School Curriculum,8,Quarterly,Online,Active,22.9,2877.08,4.9
STU15218,2022-11-01,2022,Nov,Patna,Tier 2,18+,Male,Coding for Kids - Scratch,Coding,3-5,Quarterly,Online,Completed,100.0,1936.44,4.3
STU15529,2022-11-02,2022,Nov,Bengaluru,Tier 1,18+,Male,Coding for Kids - Scratch,Coding,3-5,Monthly,Offline,Churned,32.2,683.88,2.4
STU14925,2022-11-02,2022,Nov,Chennai,Tier 1,11-14,Female,Class 6 Foundation,School Curriculum,6,Quarterly,Online,Active,34.9,2519.63,3.5
STU10416,2022-11-02,2022,Nov,Surat,Tier 2,6-10,Male,JEE Main Foundation,Competitive Exam,11-12,Monthly,Online,Active,39.3,3722.61,3.0
STU14112,2022-11-02,2022,Nov,Hyderabad,Tier 1,15-17,Male,NEET Crash Course,Competitive Exam,11-12,Monthly,Offline,Active,58.3,4410.05,3.8
STU11260,2022-11-03,2022,Nov,Delhi,Tier 1,11-14,Female,JEE Main Foundation,Competitive Exam,11-12,Quarterly,Online,Active,93.6,11743.93,4.3
STU12176,2022-11-03,2022,Nov,Chennai,Tier 1,18+,Male,Python for Beginners,Coding,6-8,Annual,Online,Active,29.4,8260.14,3.7
STU11373,2022-11-03,2022,Nov,Surat,Tier 2,6-10,Female,Class 6 Foundation,School Curriculum,6,Annual,Offline,Churned,23.5,8604.48,5.0
STU14869,2022-11-04,2022,Nov,Indore,Tier 2,18+,Male,Coding for Kids - Scratch,Coding,3-5,Quarterly,Online,Active,45.0,1912.81,4.0
STU10961,2022-11-05,2022,Nov,Hyderabad,Tier 1,15-17,Female,Robotics & AI Basics,Coding,6-8,Quarterly,Online,Active,84.4,3596.53,4.5
STU12893,2022-11-05,2022,Nov,Indore,Tier 2,6-10,Female,Spoken English Mastery,Skill Development,All,Monthly,Offline,Churned,40.3,481.11,3.5
STU13551,2022-11-05,2022,Nov,Surat,Tier 2,11-14,Male,Class 10 CBSE Complete,School Curriculum,10,Quarterly,Offline,Active,24.1,4344.61,3.2
STU12695,2022-11-06,2022,Nov,Kolkata,Tier 1,18+,Female,JEE Main Foundation,Competitive Exam,11-12,Monthly,Offline,Active,23.6,3471.86,4.0
STU14552,2022-11-06,2022,Nov,Lucknow,Tier 2,6-10,Male,Python for Beginners,Coding,6-8,Quarterly,Online,Churned,41.1,2183.81,3.7
STU11269,2022-11-07,2022,Nov,Kolkata,Tier 1,11-14,Male,Python for Beginners,Coding,6-8,Annual,Online,Active,28.1,8237.45,4.3
STU10306,2022-11-07,2022,Nov,Surat,Tier 2,6-10,Male,Python for Beginners,Coding,6-8,Annual,Offline,Active,82.0,7857.76,5.0
STU10492,2022-11-07,2022,Nov,Bengaluru,Tier 1,15-17,Female,Class 8 Maths & Science,School Curriculum,8,Annual,Online,Completed,100.0,9195.35,4.9
STU10930,2022-11-07,2022,Nov,Patna,Tier 2,18+,Female,Robotics & AI Basics,Coding,6-8,Annual,Online,Active,43.0,11370.78,4.5
STU13512,2022-11-07,2022,Nov,Ahmedabad,Tier 1,15-17,Female,JEE Main Foundation,Competitive Exam,11-12,Annual,Online,Churned,35.7,38687.61,3.9
STU11479,2022-11-07,2022,Nov,Hyderabad,Tier 1,6-10,Male,Class 6 Foundation,School Curriculum,6,Annual,Online,Churned,35.5,7996.13,3.9
STU15328,2022-11-07,2022,Nov,Kanpur,Tier 2,11-14,Female,Coding for Kids - Scratch,Coding,3-5,Annual,Online,Churned,38.3,6430.25,3.6
STU11081,2022-11-07,2022,Nov,Bengaluru,Tier 1,15-17,Female,Class 8 Maths & Science,School Curriculum,8,Annual,Offline,Active,28.6,9929.21,5.0
STU13001,2022-11-08,2022,Nov,Hyderabad,Tier 1,11-14,Male,NEET Crash Course,Competitive Exam,11-12,Monthly,Offline,Active,89.9,4306.7,5.0
STU10377,2022-11-08,2022,Nov,Lucknow,Tier 2,18+,Male,UPSC Prelims Foundation,Competitive Exam,Graduate,Monthly,Offline,Completed,100.0,4501.33,3.3
STU15910,2022-11-08,2022,Nov,Hyderabad,Tier 1,18+,Male,Robotics & AI Basics,Coding,6-8,Annual,Online,Active,59.2,12630.13,3.3
STU11321,2022-11-09,2022,Nov,Chennai,Tier 1,18+,Male,Class 8 Maths & Science,School Curriculum,8,Annual,Offline,Active,56.0,10289.48,4.5
STU12684,2022-11-09,2022,Nov,Kanpur,Tier 2,6-10,Female,Python for Beginners,Coding,6-8,Quarterly,Offline,Active,64.8,2151.07,2.7
STU10105,2022-11-10,2022,Nov,Patna,Tier 2,11-14,Female,Class 8 Maths & Science,School Curriculum,8,Annual,Offline,Trial - Not Converted,24.8,0.0,
STU12693,2022-11-10,2022,Nov,Raipur,Tier 3,6-10,Male,UPSC Prelims Foundation,Competitive Exam,Graduate,Annual,Online,Churned,29.5,46442.94,5.0
STU15092,2022-11-10,2022,Nov,Hyderabad,Tier 1,15-17,Male,UPSC Prelims Foundation,Competitive Exam,Graduate,Quarterly,Offline,Active,57.8,14215.32,4.3
STU11137,2022-11-10,2022,Nov,Bengaluru,Tier 1,6-10,Female,NEET Crash Course,Competitive Exam,11-12,Annual,Online,Active,68.5,39008.75,4.1
STU14920,2022-11-10,2022,Nov,Mumbai,Tier 1,11-14,Male,UPSC Prelims Foundation,Competitive Exam,Graduate,Monthly,Online,Active,69.3,4872.38,3.9
STU11869,2022-11-10,2022,Nov,Pune,Tier 1,11-14,Male,UPSC Prelims Foundation,Competitive Exam,Graduate,Monthly,Offline,Completed,100.0,4708.75,4.0
STU15443,2022-11-10,2022,Nov,Guwahati,Tier 3,11-14,Female,NEET Crash Course,Competitive Exam,11-12,Monthly,Offline,Active,77.1,4390.22,4.6
STU10782,2022-11-11,2022,Nov,Bengaluru,Tier 1,11-14,Female,Class 6 Foundation,School Curriculum,6,Annual,Online,Active,94.9,7509.55,3.5
STU15148,2022-11-11,2022,Nov,Pune,Tier 1,15-17,Female,Robotics & AI Basics,Coding,6-8,Annual,Online,Trial - Not Converted,5.2,0.0,
STU14057,2022-11-11,2022,Nov,Indore,Tier 2,18+,Male,Class 6 Foundation,School Curriculum,6,Quarterly,Offline,Completed,100.0,2490.71,4.0
STU11832,2022-11-11,2022,Nov,Ranchi,Tier 3,15-17,Female,Robotics & AI Basics,Coding,6-8,Quarterly,Online,Trial - Not Converted,21.0,0.0,
STU12960,2022-11-11,2022,Nov,Pune,Tier 1,18+,Male,Robotics & AI Basics,Coding,6-8,Quarterly,Online,Trial - Not Converted,7.6,0.0,
STU13260,2022-11-11,2022,Nov,Hyderabad,Tier 1,6-10,Male,NEET Crash Course,Competitive Exam,11-12,Monthly,Online,Trial - Not Converted,12.7,0.0,
STU15697,2022-11-11,2022,Nov,Chennai,Tier 1,18+,Female,JEE Main Foundation,Competitive Exam,11-12,Quarterly,Offline,Trial - Not Converted,9.9,0.0,
STU15329,2022-11-11,2022,Nov,Guwahati,Tier 3,15-17,Female,Class 10 CBSE Complete,School Curriculum,10,Annual,Offline,Trial - Not Converted,2.9,0.0,
STU15716,2022-11-12,2022,Nov,Bhopal,Tier 2,18+,Male,Class 8 Maths & Science,School Curriculum,8,Annual,Offline,Active,21.3,10323.33,4.5
STU14987,2022-11-12,2022,Nov,Ahmedabad,Tier 1,18+,Female,Class 8 Maths & Science,School Curriculum,8,Annual,Online,Active,30.5,10338.51,4.9
STU15966,2022-11-12,2022,Nov,Delhi,Tier 1,15-17,Male,Class 8 Maths & Science,School Curriculum,8,Monthly,Online,Active,97.7,1035.18,4.6
STU11121,2022-11-12,2022,Nov,Guwahati,Tier 3,6-10,Male,UPSC Prelims Foundation,Competitive Exam,Graduate,Annual,Online,Churned,56.9,51379.99,4.8
STU12298,2022-11-13,2022,Nov,Nagpur,Tier 2,18+,Female,Class 6 Foundation,School Curriculum,6,Quarterly,Offline,Completed,100.0,2582.1,3.7
STU14646,2022-11-13,2022,Nov,Bengaluru,Tier 1,15-17,Male,Spoken English Mastery,Skill Development,All,Annual,Online,Trial - Not Converted,15.7,0.0,
STU10445,2022-11-14,2022,Nov,Ahmedabad,Tier 1,6-10,Male,Class 10 CBSE Complete,School Curriculum,10,Monthly,Online,Active,59.2,1368.06,3.0
STU14928,2022-11-14,2022,Nov,Meerut,Tier 3,6-10,Male,JEE Main Foundation,Competitive Exam,11-12,Annual,Offline,Completed,100.0,36762.44,4.0
STU13219,2022-11-14,2022,Nov,Chennai,Tier 1,11-14,Male,Spoken English Mastery,Skill Development,All,Annual,Offline,Trial - Not Converted,0.1,0.0,
STU14255,2022-11-14,2022,Nov,Guwahati,Tier 3,11-14,Female,Class 8 Maths & Science,School Curriculum,8,Monthly,Offline,Churned,56.9,1040.14,3.2
STU11436,2022-11-15,2022,Nov,Chennai,Tier 1,6-10,Male,UPSC Prelims Foundation,Competitive Exam,Graduate,Monthly,Offline,Trial - Not Converted,18.0,0.0,
STU11823,2022-11-15,2022,Nov,Indore,Tier 2,11-14,Female,UPSC Prelims Foundation,Competitive Exam,Graduate,Annual,Offline,Churned,39.3,47774.34,5.0
STU12658,2022-11-15,2022,Nov,Kolkata,Tier 1,6-10,Male,Spoken English Mastery,Skill Development,All,Monthly,Online,Active,69.3,489.51,4.3
STU13708,2022-11-16,2022,Nov,Bhopal,Tier 2,18+,Male,Coding for Kids - Scratch,Coding,3-5,Monthly,Online,Active,42.3,679.95,4.5
STU13539,2022-11-16,2022,Nov,Delhi,Tier 1,6-10,Male,UPSC Prelims Foundation,Competitive Exam,Graduate,Annual,Offline,Active,44.5,52152.38,4.0
STU10809,2022-11-17,2022,Nov,Ahmedabad,Tier 1,18+,Male,Python for Beginners,Coding,6-8,Annual,Online,Active,67.7,7875.64,4.8
STU13290,2022-11-17,2022,Nov,Bhopal,Tier 2,6-10,Female,NEET Crash Course,Competitive Exam,11-12,Monthly,Offline,Completed,100.0,4167.34,5.0
STU12160,2022-11-17,2022,Nov,Raipur,Tier 3,15-17,Male,Class 8 Maths & Science,School Curriculum,8,Annual,Offline,Churned,53.5,9245.23,4.5
STU12677,2022-11-17,2022,Nov,Patna,Tier 2,15-17,Female,Class 6 Foundation,School Curriculum,6,Annual,Offline,Active,92.6,8019.78,4.1
STU14508,2022-11-17,2022,Nov,Raipur,Tier 3,11-14,Female,Python for Beginners,Coding,6-8,Quarterly,Online,Churned,33.0,2372.34,4.2
STU10690,2022-11-18,2022,Nov,Patna,Tier 2,15-17,Female,JEE Main Foundation,Competitive Exam,11-12,Monthly,Online,Completed,100.0,3737.34,4.1
STU11335,2022-11-18,2022,Nov,Chennai,Tier 1,11-14,Male,NEET Crash Course,Competitive Exam,11-12,Annual,Online,Active,57.1,40989.14,3.9
STU10520,2022-11-18,2022,Nov,Patna,Tier 2,18+,Female,Class 8 Maths & Science,School Curriculum,8,Annual,Online,Active,35.2,10042.66,4.2
STU11247,2022-11-18,2022,Nov,Indore,Tier 2,15-17,Female,UPSC Prelims Foundation,Competitive Exam,Graduate,Annual,Offline,Trial - Not Converted,19.2,0.0,
STU14500,2022-11-19,2022,Nov,Kolkata,Tier 1,15-17,Female,JEE Main Foundation,Competitive Exam,11-12,Monthly,Offline,Completed,100.0,3820.15,4.3
STU15624,2022-11-20,2022,Nov,Mumbai,Tier 1,15-17,Female,NEET Crash Course,Competitive Exam,11-12,Annual,Offline,Completed,100.0,39306.53,3.8
STU12920,2022-11-20,2022,Nov,Indore,Tier 2,6-10,Female,Spoken English Mastery,Skill Development,All,Annual,Online,Trial - Not Converted,22.5,0.0,
STU11929,2022-11-20,2022,Nov,Hyderabad,Tier 1,6-10,Male,Class 6 Foundation,School Curriculum,6,Annual,Offline,Churned,55.4,7565.68,3.7
STU11905,2022-11-21,2022,Nov,Mumbai,Tier 1,15-17,Female,JEE Main Foundation,Competitive Exam,11-12,Annual,Offline,Churned,36.5,36346.57,4.0
STU11523,2022-11-21,2022,Nov,Jodhpur,Tier 3,6-10,Female,Spoken English Mastery,Skill Development,All,Quarterly,Offline,Active,28.0,1382.15,4.2
STU15950,2022-11-21,2022,Nov,Kolkata,Tier 1,11-14,Female,Spoken English Mastery,Skill Development,All,Quarterly,Offline,Completed,100.0,1503.59,5.0
STU10588,2022-11-21,2022,Nov,Chennai,Tier 1,18+,Female,Python for Beginners,Coding,6-8,Annual,Online,Active,89.9,7204.71,4.4
STU11590,2022-11-21,2022,Nov,Surat,Tier 2,6-10,Male,NEET Crash Course,Competitive Exam,11-12,Quarterly,Offline,Active,74.5,13293.52,4.1
STU13844,2022-11-21,2022,Nov,Delhi,Tier 1,6-10,Male,Class 10 CBSE Complete,School Curriculum,10,Monthly,Online,Trial - Not Converted,6.1,0.0,
STU13117,2022-11-22,2022,Nov,Delhi,Tier 1,6-10,Female,Class 10 CBSE Complete,School Curriculum,10,Quarterly,Offline,Churned,29.1,4533.62,4.2
STU12625,2022-11-22,2022,Nov,Hyderabad,Tier 1,18+,Female,Spoken English Mastery,Skill Development,All,Annual,Online,Active,29.4,4566.42,4.1
STU10229,2022-11-22,2022,Nov,Ahmedabad,Tier 1,15-17,Female,JEE Main Foundation,Competitive Exam,11-12,Quarterly,Online,Completed,100.0,10431.86,4.8
STU13445,2022-11-23,2022,Nov,Ahmedabad,Tier 1,18+,Male,JEE Main Foundation,Competitive Exam,11-12,Quarterly,Online,Active,75.5,10812.63,3.5
STU15015,2022-11-23,2022,Nov,Patna,Tier 2,15-17,Male,Python for Beginners,Coding,6-8,Quarterly,Online,Trial - Not Converted,20.1,0.0,
STU15318,2022-11-23,2022,Nov,Patna,Tier 2,18+,Male,Coding for Kids - Scratch,Coding,3-5,Annual,Online,Active,55.4,6447.86,3.8
STU14075,2022-11-23,2022,Nov,Hyderabad,Tier 1,18+,Female,Class 6 Foundation,School Curriculum,6,Quarterly,Online,Active,23.1,2372.29,5.0
STU13397,2022-11-24,2022,Nov,Delhi,Tier 1,15-17,Male,NEET Crash Course,Competitive Exam,11-12,Quarterly,Online,Active,71.0,12511.91,3.7
STU13253,2022-11-24,2022,Nov,Pune,Tier 1,6-10,Female,UPSC Prelims Foundation,Competitive Exam,Graduate,Quarterly,Offline,Active,37.7,15403.44,3.9
STU11249,2022-11-24,2022,Nov,Delhi,Tier 1,18+,Female,NEET Crash Course,Competitive Exam,11-12,Monthly,Online,Completed,100.0,4451.98,5.0
STU13768,2022-11-24,2022,Nov,Jaipur,Tier 2,18+,Female,JEE Main Foundation,Competitive Exam,11-12,Annual,Online,Active,82.9,38772.0,5.0
STU11803,2022-11-24,2022,Nov,Guwahati,Tier 3,6-10,Female,Class 10 CBSE Complete,School Curriculum,10,Annual,Offline,Completed,100.0,13728.83,4.7
STU15997,2022-11-25,2022,Nov,Chennai,Tier 1,18+,Female,Robotics & AI Basics,Coding,6-8,Monthly,Online,Active,48.3,1222.49,4.0
STU11091,2022-11-25,2022,Nov,Nagpur,Tier 2,11-14,Male,Spoken English Mastery,Skill Development,All,Annual,Online,Trial - Not Converted,18.4,0.0,
STU13689,2022-11-26,2022,Nov,Chennai,Tier 1,11-14,Male,UPSC Prelims Foundation,Competitive Exam,Graduate,Monthly,Online,Active,44.2,4864.06,4.2
STU10295,2022-11-27,2022,Nov,Ahmedabad,Tier 1,6-10,Male,Class 10 CBSE Complete,School Curriculum,10,Annual,Online,Active,32.9,15459.93,4.5
STU12965,2022-11-27,2022,Nov,Ahmedabad,Tier 1,6-10,Female,JEE Main Foundation,Competitive Exam,11-12,Quarterly,Online,Trial - Not Converted,7.5,0.0,
STU14511,2022-11-27,2022,Nov,Kanpur,Tier 2,11-14,Female,Coding for Kids - Scratch,Coding,3-5,Monthly,Online,Completed,100.0,668.71,3.8
STU11337,2022-11-28,2022,Nov,Chennai,Tier 1,6-10,Male,Spoken English Mastery,Skill Development,All,Quarterly,Offline,Trial - Not Converted,20.4,0.0,
STU11409,2022-11-28,2022,Nov,Meerut,Tier 3,18+,Female,Class 10 CBSE Complete,School Curriculum,10,Monthly,Offline,Active,47.0,1565.59,4.6
STU10769,2022-11-28,2022,Nov,Hyderabad,Tier 1,11-14,Male,Class 8 Maths & Science,School Curriculum,8,Annual,Online,Completed,100.0,9387.55,4.6
STU11899,2022-11-28,2022,Nov,Surat,Tier 2,6-10,Male,NEET Crash Course,Competitive Exam,11-12,Quarterly,Offline,Active,93.2,13431.99,5.0
STU12211,2022-11-29,2022,Nov,Bengaluru,Tier 1,15-17,Male,Python for Beginners,Coding,6-8,Annual,Online,Trial - Not Converted,17.1,0.0,
STU13383,2022-11-29,2022,Nov,Kota,Tier 3,11-14,Male,Robotics & AI Basics,Coding,6-8,Annual,Online,Completed,100.0,11530.38,3.4
STU10861,2022-11-29,2022,Nov,Mumbai,Tier 1,15-17,Female,Coding for Kids - Scratch,Coding,3-5,Quarterly,Offline,Active,42.8,1969.97,4.2
STU15963,2022-11-30,2022,Nov,Kanpur,Tier 2,11-14,Female,Python for Beginners,Coding,6-8,Quarterly,Online,Churned,57.2,2178.71,4.5
STU11588,2022-11-30,2022,Nov,Hyderabad,Tier 1,6-10,Female,Spoken English Mastery,Skill Development,All,Monthly,Online,Active,91.9,498.51,3.6
STU15017,2022-12-01,2022,Dec,Chennai,Tier 1,18+,Female,Coding for Kids - Scratch,Coding,3-5,Annual,Online,Trial - Not Converted,13.7,0.0,
STU15478,2022-12-01,2022,Dec,Mumbai,Tier 1,15-17,Female,Class 10 CBSE Complete,School Curriculum,10,Annual,Online,Active,58.2,14151.05,3.8
STU11573,2022-12-02,2022,Dec,Bhopal,Tier 2,18+,Male,Class 6 Foundation,School Curriculum,6,Quarterly,Online,Trial - Not Converted,22.2,0.0,
STU15683,2022-12-02,2022,Dec,Kanpur,Tier 2,15-17,Female,Coding for Kids - Scratch,Coding,3-5,Monthly,Online,Churned,51.2,626.82,4.0
STU15314,2022-12-03,2022,Dec,Chennai,Tier 1,15-17,Female,Class 6 Foundation,School Curriculum,6,Annual,Online,Active,92.5,7857.16,3.6
STU14014,2022-12-03,2022,Dec,Mumbai,Tier 1,18+,Female,UPSC Prelims Foundation,Competitive Exam,Graduate,Annual,Offline,Active,97.4,47183.18,3.7
STU11870,2022-12-04,2022,Dec,Raipur,Tier 3,18+,Male,Python for Beginners,Coding,6-8,Annual,Online,Completed,100.0,8036.8,3.6
STU13566,2022-12-04,2022,Dec,Delhi,Tier 1,18+,Female,Class 6 Foundation,School Curriculum,6,Annual,Offline,Completed,100.0,8029.13,4.4
STU12995,2022-12-04,2022,Dec,Bengaluru,Tier 1,6-10,Female,JEE Main Foundation,Competitive Exam,11-12,Quarterly,Online,Trial - Not Converted,21.8,0.0,
STU15790,2022-12-04,2022,Dec,Pune,Tier 1,6-10,Female,Class 10 CBSE Complete,School Curriculum,10,Annual,Offline,Active,37.7,13590.45,4.5
STU14089,2022-12-04,2022,Dec,Bengaluru,Tier 1,6-10,Male,JEE Main Foundation,Competitive Exam,11-12,Quarterly,Offline,Churned,30.7,11521.89,4.8
STU11079,2022-12-05,2022,Dec,Jaipur,Tier 2,18+,Female,Spoken English Mastery,Skill Development,All,Monthly,Offline,Completed,100.0,517.42,3.8
STU10715,2022-12-05,2022,Dec,Ahmedabad,Tier 1,15-17,Male,UPSC Prelims Foundation,Competitive Exam,Graduate,Quarterly,Offline,Active,70.8,13760.94,3.9
STU14870,2022-12-05,2022,Dec,Delhi,Tier 1,6-10,Female,Class 8 Maths & Science,School Curriculum,8,Monthly,Online,Churned,44.9,1032.8,5.0
STU10938,2022-12-05,2022,Dec,Chennai,Tier 1,11-14,Male,JEE Main Foundation,Competitive Exam,11-12,Quarterly,Offline,Churned,45.9,10980.31,3.4
STU14045,2022-12-05,2022,Dec,Meerut,Tier 3,15-17,Female,Class 6 Foundation,School Curriculum,6,Annual,Offline,Active,23.9,7547.86,3.9
STU15864,2022-12-05,2022,Dec,Ranchi,Tier 3,18+,Male,Python for Beginners,Coding,6-8,Quarterly,Online,Active,27.8,2188.37,3.6
STU13677,2022-12-06,2022,Dec,Ahmedabad,Tier 1,18+,Male,Robotics & AI Basics,Coding,6-8,Annual,Online,Active,49.1,12414.76,3.1
STU12622,2022-12-06,2022,Dec,Bhopal,Tier 2,6-10,Male,UPSC Prelims Foundation,Competitive Exam,Graduate,Quarterly,Online,Active,35.5,15550.64,4.4
STU14048,2022-12-06,2022,Dec,Delhi,Tier 1,18+,Male,Spoken English Mastery,Skill Development,All,Annual,Offline,Active,62.6,5138.92,4.8
STU13932,2022-12-07,2022,Dec,Chennai,Tier 1,15-17,Male,NEET Crash Course,Competitive Exam,11-12,Annual,Offline,Completed,100.0,43848.93,4.9
STU14862,2022-12-07,2022,Dec,Meerut,Tier 3,11-14,Female,Class 8 Maths & Science,School Curriculum,8,Annual,Offline,Churned,38.2,9169.34,5.0
STU12705,2022-12-08,2022,Dec,Patna,Tier 2,11-14,Female,Spoken English Mastery,Skill Development,All,Annual,Offline,Completed,100.0,5163.94,4.5
STU10663,2022-12-08,2022,Dec,Bhopal,Tier 2,11-14,Male,Coding for Kids - Scratch,Coding,3-5,Quarterly,Online,Churned,56.4,1951.17,2.8
STU11242,2022-12-08,2022,Dec,Ranchi,Tier 3,6-10,Female,Spoken English Mastery,Skill Development,All,Monthly,Online,Completed,100.0,509.87,3.5
STU14005,2022-12-09,2022,Dec,Nagpur,Tier 2,15-17,Female,Coding for Kids - Scratch,Coding,3-5,Monthly,Online,Active,81.6,636.89,4.7
STU13052,2022-12-09,2022,Dec,Chennai,Tier 1,6-10,Male,UPSC Prelims Foundation,Competitive Exam,Graduate,Annual,Online,Trial - Not Converted,11.8,0.0,
STU14645,2022-12-10,2022,Dec,Lucknow,Tier 2,6-10,Female,Spoken English Mastery,Skill Development,All,Annual,Online,Active,87.0,4702.49,4.1
STU10936,2022-12-10,2022,Dec,Bhopal,Tier 2,18+,Male,UPSC Prelims Foundation,Competitive Exam,Graduate,Monthly,Offline,Active,38.6,4786.23,4.0
STU15887,2022-12-11,2022,Dec,Varanasi,Tier 3,11-14,Male,Class 8 Maths & Science,School Curriculum,8,Monthly,Online,Churned,54.5,913.39,4.3
STU10378,2022-12-11,2022,Dec,Ahmedabad,Tier 1,11-14,Male,Class 10 CBSE Complete,School Curriculum,10,Monthly,Offline,Active,66.6,1522.15,3.7
STU10928,2022-12-11,2022,Dec,Guwahati,Tier 3,11-14,Female,JEE Main Foundation,Competitive Exam,11-12,Annual,Online,Active,65.5,38616.1,3.3
STU15684,2022-12-11,2022,Dec,Hyderabad,Tier 1,11-14,Male,Coding for Kids - Scratch,Coding,3-5,Monthly,Offline,Trial - Not Converted,0.6,0.0,
STU13891,2022-12-11,2022,Dec,Ahmedabad,Tier 1,18+,Female,Robotics & AI Basics,Coding,6-8,Annual,Online,Active,43.1,12533.73,4.5
STU11471,2022-12-12,2022,Dec,Surat,Tier 2,15-17,Female,Class 6 Foundation,School Curriculum,6,Annual,Online,Completed,100.0,7962.54,3.9
STU15175,2022-12-12,2022,Dec,Delhi,Tier 1,15-17,Male,Class 8 Maths & Science,School Curriculum,8,Quarterly,Offline,Churned,18.6,2949.55,3.9
STU10107,2022-12-12,2022,Dec,Raipur,Tier 3,11-14,Female,Python for Beginners,Coding,6-8,Annual,Online,Active,87.1,7971.14,4.6
STU14135,2022-12-12,2022,Dec,Delhi,Tier 1,11-14,Female,Python for Beginners,Coding,6-8,Annual,Online,Active,74.2,7170.94,3.2
STU14863,2022-12-13,2022,Dec,Ahmedabad,Tier 1,18+,Female,Class 10 CBSE Complete,School Curriculum,10,Annual,Online,Completed,100.0,15083.88,4.6
STU10317,2022-12-13,2022,Dec,Bengaluru,Tier 1,11-14,Male,Spoken English Mastery,Skill Development,All,Annual,Offline,Active,75.8,5143.65,5.0
STU13095,2022-12-13,2022,Dec,Raipur,Tier 3,18+,Male,Class 8 Maths & Science,School Curriculum,8,Annual,Offline,Active,25.1,9236.22,4.1
STU11606,2022-12-13,2022,Dec,Bhopal,Tier 2,18+,Male,Python for Beginners,Coding,6-8,Quarterly,Offline,Active,48.1,2352.23,4.3
STU10896,2022-12-14,2022,Dec,Mumbai,Tier 1,15-17,Female,Coding for Kids - Scratch,Coding,3-5,Annual,Online,Trial - Not Converted,11.5,0.0,
STU12369,2022-12-14,2022,Dec,Ahmedabad,Tier 1,18+,Female,Class 8 Maths & Science,School Curriculum,8,Annual,Online,Active,52.2,9899.71,2.8
STU14109,2022-12-15,2022,Dec,Pune,Tier 1,18+,Female,Robotics & AI Basics,Coding,6-8,Annual,Offline,Active,45.3,12891.7,4.1
STU15368,2022-12-15,2022,Dec,Raipur,Tier 3,6-10,Male,Class 8 Maths & Science,School Curriculum,8,Annual,Offline,Active,36.3,9105.22,4.7
STU13493,2022-12-16,2022,Dec,Hyderabad,Tier 1,6-10,Female,Python for Beginners,Coding,6-8,Quarterly,Online,Trial - Not Converted,19.2,0.0,
STU12576,2022-12-16,2022,Dec,Kota,Tier 3,6-10,Female,Class 8 Maths & Science,School Curriculum,8,Quarterly,Online,Active,45.5,3118.6,4.0
STU11305,2022-12-16,2022,Dec,Pune,Tier 1,11-14,Male,NEET Crash Course,Competitive Exam,11-12,Monthly,Online,Active,85.5,4266.3,4.2
STU15032,2022-12-16,2022,Dec,Kolkata,Tier 1,11-14,Male,NEET Crash Course,Competitive Exam,11-12,Annual,Offline,Churned,25.7,45423.64,3.9
STU13690,2022-12-16,2022,Dec,Lucknow,Tier 2,6-10,Male,Class 8 Maths & Science,School Curriculum,8,Quarterly,Offline,Churned,58.1,2799.74,3.4
STU15982,2022-12-17,2022,Dec,Meerut,Tier 3,15-17,Female,JEE Main Foundation,Competitive Exam,11-12,Annual,Offline,Active,50.7,36242.29,3.2
STU13443,2022-12-17,2022,Dec,Meerut,Tier 3,18+,Female,Class 8 Maths & Science,School Curriculum,8,Quarterly,Online,Trial - Not Converted,24.2,0.0,
STU12052,2022-12-17,2022,Dec,Indore,Tier 2,15-17,Female,Class 6 Foundation,School Curriculum,6,Monthly,Offline,Active,31.5,767.08,3.8
STU13150,2022-12-17,2022,Dec,Meerut,Tier 3,11-14,Female,JEE Main Foundation,Competitive Exam,11-12,Monthly,Online,Trial - Not Converted,3.6,0.0,
STU15781,2022-12-18,2022,Dec,Bhopal,Tier 2,11-14,Male,Robotics & AI Basics,Coding,6-8,Annual,Online,Trial - Not Converted,12.2,0.0,
STU15325,2022-12-18,2022,Dec,Bengaluru,Tier 1,18+,Male,Class 8 Maths & Science,School Curriculum,8,Annual,Offline,Active,56.9,9353.76,5.0
STU12592,2022-12-18,2022,Dec,Ranchi,Tier 3,6-10,Male,Coding for Kids - Scratch,Coding,3-5,Annual,Online,Active,45.4,6404.94,4.6
STU13632,2022-12-18,2022,Dec,Kota,Tier 3,6-10,Male,Class 6 Foundation,School Curriculum,6,Monthly,Offline,Trial - Not Converted,4.5,0.0,
STU15569,2022-12-19,2022,Dec,Chennai,Tier 1,6-10,Female,UPSC Prelims Foundation,Competitive Exam,Graduate,Quarterly,Offline,Active,63.0,14535.81,4.2
STU14487,2022-12-19,2022,Dec,Bengaluru,Tier 1,11-14,Male,Python for Beginners,Coding,6-8,Monthly,Online,Churned,11.7,772.66,4.0
STU13588,2022-12-19,2022,Dec,Ahmedabad,Tier 1,15-17,Male,Spoken English Mastery,Skill Development,All,Annual,Online,Active,88.7,5079.94,5.0
STU12925,2022-12-19,2022,Dec,Kanpur,Tier 2,11-14,Male,Coding for Kids - Scratch,Coding,3-5,Quarterly,Online,Active,28.3,2005.91,4.4
STU13322,2022-12-21,2022,Dec,Hyderabad,Tier 1,11-14,Female,Python for Beginners,Coding,6-8,Quarterly,Online,Active,83.4,2290.29,4.4
STU10647,2022-12-21,2022,Dec,Kota,Tier 3,18+,Male,Coding for Kids - Scratch,Coding,3-5,Annual,Online,Completed,100.0,6796.54,3.9
STU15981,2022-12-21,2022,Dec,Mumbai,Tier 1,6-10,Female,NEET Crash Course,Competitive Exam,11-12,Monthly,Offline,Active,95.9,4479.64,4.9
STU13332,2022-12-21,2022,Dec,Pune,Tier 1,18+,Female,Class 8 Maths & Science,School Curriculum,8,Annual,Online,Active,28.5,10205.43,4.1
STU15122,2022-12-21,2022,Dec,Indore,Tier 2,15-17,Female,JEE Main Foundation,Competitive Exam,11-12,Monthly,Offline,Active,34.8,3496.45,4.1
STU10330,2022-12-21,2022,Dec,Kota,Tier 3,6-10,Female,Class 10 CBSE Complete,School Curriculum,10,Annual,Online,Active,46.8,14890.8,4.6
STU14952,2022-12-21,2022,Dec,Pune,Tier 1,18+,Male,Class 8 Maths & Science,School Curriculum,8,Annual,Offline,Active,46.5,9975.61,4.1
STU12929,2022-12-21,2022,Dec,Surat,Tier 2,6-10,Male,Robotics & AI Basics,Coding,6-8,Annual,Online,Active,23.1,11755.89,4.4
STU11341,2022-12-21,2022,Dec,Nagpur,Tier 2,15-17,Male,Robotics & AI Basics,Coding,6-8,Annual,Online,Active,59.0,12995.86,5.0
STU13622,2022-12-22,2022,Dec,Mumbai,Tier 1,11-14,Male,Coding for Kids - Scratch,Coding,3-5,Annual,Online,Active,42.5,6444.03,2.9
STU14428,2022-12-23,2022,Dec,Kanpur,Tier 2,11-14,Male,Class 6 Foundation,School Curriculum,6,Monthly,Offline,Trial - Not Converted,21.2,0.0,
STU12110,2022-12-23,2022,Dec,Patna,Tier 2,6-10,Female,Class 10 CBSE Complete,School Curriculum,10,Annual,Offline,Active,68.0,15500.57,5.0
STU12949,2022-12-23,2022,Dec,Bhopal,Tier 2,15-17,Male,Python for Beginners,Coding,6-8,Quarterly,Online,Churned,42.3,2192.33,4.0
STU10744,2022-12-24,2022,Dec,Lucknow,Tier 2,6-10,Female,Class 6 Foundation,School Curriculum,6,Annual,Offline,Active,26.2,8006.08,3.3
STU12618,2022-12-24,2022,Dec,Lucknow,Tier 2,6-10,Male,NEET Crash Course,Competitive Exam,11-12,Monthly,Offline,Trial - Not Converted,8.1,0.0,
STU11619,2022-12-24,2022,Dec,Kanpur,Tier 2,15-17,Female,NEET Crash Course,Competitive Exam,11-12,Annual,Offline,Trial - Not Converted,9.5,0.0,
STU15794,2022-12-24,2022,Dec,Kolkata,Tier 1,11-14,Female,JEE Main Foundation,Competitive Exam,11-12,Annual,Offline,Active,24.4,38219.99,4.6
STU12263,2022-12-24,2022,Dec,Nagpur,Tier 2,18+,Female,Python for Beginners,Coding,6-8,Annual,Online,Active,79.0,8234.86,5.0
STU11443,2022-12-24,2022,Dec,Pune,Tier 1,6-10,Male,Spoken English Mastery,Skill Development,All,Monthly,Online,Active,40.0,474.87,4.0
STU12707,2022-12-24,2022,Dec,Kanpur,Tier 2,11-14,Female,Python for Beginners,Coding,6-8,Monthly,Online,Active,99.5,713.64,5.0
STU15987,2022-12-24,2022,Dec,Delhi,Tier 1,18+,Female,Robotics & AI Basics,Coding,6-8,Annual,Online,Active,51.0,11505.34,4.3
STU13056,2022-12-24,2022,Dec,Indore,Tier 2,6-10,Male,Coding for Kids - Scratch,Coding,3-5,Annual,Online,Churned,31.4,6207.43,4.1
STU15080,2022-12-25,2022,Dec,Delhi,Tier 1,15-17,Female,UPSC Prelims Foundation,Competitive Exam,Graduate,Annual,Online,Trial - Not Converted,23.1,0.0,
STU11671,2022-12-25,2022,Dec,Pune,Tier 1,11-14,Female,Python for Beginners,Coding,6-8,Annual,Online,Trial - Not Converted,11.9,0.0,
STU15181,2022-12-25,2022,Dec,Lucknow,Tier 2,6-10,Male,Coding for Kids - Scratch,Coding,3-5,Annual,Online,Completed,100.0,6750.47,4.3
STU10350,2022-12-25,2022,Dec,Bengaluru,Tier 1,6-10,Female,Python for Beginners,Coding,6-8,Quarterly,Online,Active,32.4,2213.74,2.6
STU12581,2022-12-25,2022,Dec,Surat,Tier 2,18+,Male,Robotics & AI Basics,Coding,6-8,Annual,Online,Trial - Not Converted,12.3,0.0,
STU15295,2022-12-26,2022,Dec,Bhopal,Tier 2,15-17,Female,JEE Main Foundation,Competitive Exam,11-12,Annual,Online,Active,53.3,38479.9,3.9
STU13366,2022-12-26,2022,Dec,Bengaluru,Tier 1,6-10,Male,Class 8 Maths & Science,School Curriculum,8,Monthly,Offline,Completed,100.0,907.57,4.5
STU14238,2022-12-26,2022,Dec,Bengaluru,Tier 1,11-14,Female,Class 8 Maths & Science,School Curriculum,8,Quarterly,Offline,Completed,100.0,3049.27,4.4
STU10678,2022-12-26,2022,Dec,Pune,Tier 1,18+,Female,Spoken English Mastery,Skill Development,All,Monthly,Online,Trial - Not Converted,14.7,0.0,
STU11289,2022-12-26,2022,Dec,Pune,Tier 1,11-14,Female,Robotics & AI Basics,Coding,6-8,Annual,Offline,Completed,100.0,11563.97,4.5
STU13137,2022-12-26,2022,Dec,Mumbai,Tier 1,6-10,Male,NEET Crash Course,Competitive Exam,11-12,Monthly,Offline,Completed,100.0,4514.87,3.4
STU15976,2022-12-27,2022,Dec,Indore,Tier 2,18+,Male,Class 10 CBSE Complete,School Curriculum,10,Annual,Online,Active,67.2,14839.06,4.3
STU15116,2022-12-27,2022,Dec,Kolkata,Tier 1,15-17,Female,Robotics & AI Basics,Coding,6-8,Quarterly,Online,Trial - Not Converted,18.0,0.0,
STU11587,2022-12-27,2022,Dec,Chennai,Tier 1,11-14,Male,Coding for Kids - Scratch,Coding,3-5,Quarterly,Offline,Active,90.5,1959.3,3.8
STU13992,2022-12-27,2022,Dec,Kolkata,Tier 1,15-17,Female,Class 10 CBSE Complete,School Curriculum,10,Annual,Offline,Active,94.2,15560.47,3.7
STU11323,2022-12-27,2022,Dec,Kota,Tier 3,6-10,Female,UPSC Prelims Foundation,Competitive Exam,Graduate,Annual,Online,Active,56.2,50190.48,3.6
STU13542,2022-12-28,2022,Dec,Ahmedabad,Tier 1,15-17,Female,Class 10 CBSE Complete,School Curriculum,10,Annual,Online,Trial - Not Converted,2.5,0.0,
STU11371,2022-12-28,2022,Dec,Lucknow,Tier 2,18+,Female,UPSC Prelims Foundation,Competitive Exam,Graduate,Annual,Online,Active,58.2,45985.93,3.9
STU14375,2022-12-28,2022,Dec,Pune,Tier 1,6-10,Male,Spoken English Mastery,Skill Development,All,Quarterly,Online,Trial - Not Converted,16.7,0.0,
STU10120,2022-12-28,2022,Dec,Bengaluru,Tier 1,6-10,Female,Robotics & AI Basics,Coding,6-8,Monthly,Online,Active,59.0,1235.43,4.7
STU15013,2022-12-28,2022,Dec,Kolkata,Tier 1,18+,Male,UPSC Prelims Foundation,Competitive Exam,Graduate,Monthly,Offline,Active,98.7,4653.44,4.9
STU11954,2022-12-28,2022,Dec,Kanpur,Tier 2,18+,Female,Class 10 CBSE Complete,School Curriculum,10,Annual,Online,Active,87.7,15538.19,4.4
STU10163,2022-12-29,2022,Dec,Ranchi,Tier 3,18+,Male,Class 6 Foundation,School Curriculum,6,Quarterly,Online,Churned,15.6,2402.19,3.6
STU13653,2022-12-29,2022,Dec,Nagpur,Tier 2,15-17,Female,Robotics & AI Basics,Coding,6-8,Annual,Online,Active,35.3,12654.27,4.2
STU15161,2022-12-30,2022,Dec,Raipur,Tier 3,6-10,Female,Class 6 Foundation,School Curriculum,6,Quarterly,Online,Active,84.2,2423.4,4.3
STU13682,2022-12-30,2022,Dec,Hyderabad,Tier 1,11-14,Male,Coding for Kids - Scratch,Coding,3-5,Annual,Online,Active,73.5,6066.89,3.8
STU11264,2022-12-30,2022,Dec,Delhi,Tier 1,11-14,Female,Coding for Kids - Scratch,Coding,3-5,Annual,Offline,Trial - Not Converted,24.7,0.0,
STU13042,2022-12-30,2022,Dec,Guwahati,Tier 3,11-14,Male,JEE Main Foundation,Competitive Exam,11-12,Annual,Offline,Completed,100.0,38182.03,3.9
STU13707,2022-12-31,2022,Dec,Ranchi,Tier 3,18+,Female,Class 6 Foundation,School Curriculum,6,Quarterly,Offline,Trial - Not Converted,10.2,0.0,
STU13020,2023-01-01,2023,Jan,Ahmedabad,Tier 1,18+,Female,Python for Beginners,Coding,6-8,Monthly,Offline,Active,74.8,722.51,4.8
STU10342,2023-01-01,2023,Jan,Indore,Tier 2,11-14,Male,Robotics & AI Basics,Coding,6-8,Monthly,Online,Active,36.8,1299.25,4.7
STU12029,2023-01-01,2023,Jan,Bhopal,Tier 2,11-14,Male,Class 10 CBSE Complete,School Curriculum,10,Annual,Offline,Active,61.4,15182.91,3.5
STU10014,2023-01-01,2023,Jan,Nagpur,Tier 2,18+,Female,Class 6 Foundation,School Curriculum,6,Annual,Online,Churned,35.0,8563.24,3.7
STU11872,2023-01-02,2023,Jan,Ranchi,Tier 3,6-10,Female,JEE Main Foundation,Competitive Exam,11-12,Quarterly,Online,Active,68.9,11301.82,5.0
STU14758,2023-01-02,2023,Jan,Kolkata,Tier 1,6-10,Female,Robotics & AI Basics,Coding,6-8,Monthly,Online,Active,77.0,1241.71,4.0
STU15938,2023-01-02,2023,Jan,Nagpur,Tier 2,11-14,Female,Coding for Kids - Scratch,Coding,3-5,Quarterly,Online,Active,23.0,1981.49,4.5
STU15027,2023-01-04,2023,Jan,Guwahati,Tier 3,6-10,Female,NEET Crash Course,Competitive Exam,11-12,Monthly,Online,Active,64.4,4317.05,4.6
STU10708,2023-01-04,2023,Jan,Hyderabad,Tier 1,15-17,Male,NEET Crash Course,Competitive Exam,11-12,Annual,Offline,Active,79.3,41554.88,3.6
STU11044,2023-01-04,2023,Jan,Mumbai,Tier 1,6-10,Male,UPSC Prelims Foundation,Competitive Exam,Graduate,Annual,Online,Active,84.5,48102.89,4.0
STU13091,2023-01-04,2023,Jan,Ranchi,Tier 3,6-10,Male,Class 10 CBSE Complete,School Curriculum,10,Monthly,Offline,Active,89.2,1425.24,4.3
STU14083,2023-01-04,2023,Jan,Mumbai,Tier 1,18+,Male,Python for Beginners,Coding,6-8,Annual,Online,Trial - Not Converted,11.7,0.0,
STU14579,2023-01-04,2023,Jan,Chennai,Tier 1,15-17,Female,JEE Main Foundation,Competitive Exam,11-12,Quarterly,Offline,Trial - Not Converted,13.4,0.0,
STU12464,2023-01-04,2023,Jan,Bengaluru,Tier 1,18+,Male,Class 6 Foundation,School Curriculum,6,Quarterly,Online,Trial - Not Converted,19.2,0.0,
STU14228,2023-01-05,2023,Jan,Delhi,Tier 1,15-17,Female,Robotics & AI Basics,Coding,6-8,Annual,Online,Active,33.5,11944.65,5.0
STU12909,2023-01-05,2023,Jan,Chennai,Tier 1,11-14,Male,Coding for Kids - Scratch,Coding,3-5,Annual,Offline,Active,51.1,6578.64,3.7
STU14077,2023-01-05,2023,Jan,Surat,Tier 2,11-14,Male,Coding for Kids - Scratch,Coding,3-5,Monthly,Online,Completed,100.0,665.58,4.3
STU15979,2023-01-05,2023,Jan,Kanpur,Tier 2,15-17,Male,UPSC Prelims Foundation,Competitive Exam,Graduate,Annual,Online,Trial - Not Converted,12.5,0.0,
STU15695,2023-01-06,2023,Jan,Meerut,Tier 3,18+,Male,Class 6 Foundation,School Curriculum,6,Annual,Offline,Churned,16.4,7582.24,4.6
STU15855,2023-01-06,2023,Jan,Ranchi,Tier 3,6-10,Female,Robotics & AI Basics,Coding,6-8,Annual,Online,Active,40.4,12163.18,3.7
STU15251,2023-01-06,2023,Jan,Bhopal,Tier 2,15-17,Female,JEE Main Foundation,Competitive Exam,11-12,Quarterly,Offline,Completed,100.0,11749.32,5.0
STU13848,2023-01-07,2023,Jan,Delhi,Tier 1,15-17,Male,Class 8 Maths & Science,School Curriculum,8,Monthly,Offline,Churned,17.1,1004.63,4.2
STU13375,2023-01-07,2023,Jan,Kanpur,Tier 2,11-14,Female,JEE Main Foundation,Competitive Exam,11-12,Monthly,Offline,Active,61.3,3401.31,4.2
STU14482,2023-01-07,2023,Jan,Kolkata,Tier 1,15-17,Male,Class 8 Maths & Science,School Curriculum,8,Quarterly,Offline,Active,78.8,2838.54,4.3
STU11067,2023-01-07,2023,Jan,Ranchi,Tier 3,6-10,Female,Spoken English Mastery,Skill Development,All,Annual,Online,Completed,100.0,4630.6,3.8
STU15629,2023-01-08,2023,Jan,Chennai,Tier 1,11-14,Female,Class 10 CBSE Complete,School Curriculum,10,Annual,Offline,Active,69.6,15733.33,4.5
STU13202,2023-01-09,2023,Jan,Lucknow,Tier 2,11-14,Female,Robotics & AI Basics,Coding,6-8,Annual,Online,Active,36.3,11896.5,3.9
STU14029,2023-01-09,2023,Jan,Chennai,Tier 1,6-10,Female,Class 8 Maths & Science,School Curriculum,8,Quarterly,Offline,Active,79.6,3066.38,3.5
STU13112,2023-01-10,2023,Jan,Bengaluru,Tier 1,11-14,Male,Class 8 Maths & Science,School Curriculum,8,Monthly,Offline,Trial - Not Converted,2.9,0.0,
STU14214,2023-01-11,2023,Jan,Nagpur,Tier 2,6-10,Female,Spoken English Mastery,Skill Development,All,Annual,Online,Active,55.1,4650.6,3.2
STU11181,2023-01-12,2023,Jan,Meerut,Tier 3,15-17,Male,Robotics & AI Basics,Coding,6-8,Annual,Offline,Trial - Not Converted,10.2,0.0,
STU10071,2023-01-12,2023,Jan,Nagpur,Tier 2,15-17,Female,UPSC Prelims Foundation,Competitive Exam,Graduate,Quarterly,Offline,Active,90.9,14647.71,4.4
STU12783,2023-01-12,2023,Jan,Raipur,Tier 3,15-17,Male,Class 6 Foundation,School Curriculum,6,Annual,Online,Active,74.9,8125.6,3.6
STU11037,2023-01-12,2023,Jan,Pune,Tier 1,18+,Male,UPSC Prelims Foundation,Competitive Exam,Graduate,Quarterly,Offline,Completed,100.0,14608.24,3.6
STU15396,2023-01-13,2023,Jan,Hyderabad,Tier 1,18+,Female,Spoken English Mastery,Skill Development,All,Annual,Online,Active,68.8,4698.54,4.0
STU15661,2023-01-13,2023,Jan,Bhopal,Tier 2,11-14,Female,Class 8 Maths & Science,School Curriculum,8,Annual,Online,Active,60.4,9046.13,4.7
STU15037,2023-01-14,2023,Jan,Mumbai,Tier 1,18+,Male,Class 6 Foundation,School Curriculum,6,Annual,Online,Active,23.0,8080.13,4.8
STU10567,2023-01-14,2023,Jan,Delhi,Tier 1,11-14,Female,Class 8 Maths & Science,School Curriculum,8,Monthly,Online,Active,56.4,904.11,4.1
STU15346,2023-01-14,2023,Jan,Varanasi,Tier 3,15-17,Male,Class 10 CBSE Complete,School Curriculum,10,Monthly,Offline,Trial - Not Converted,16.2,0.0,
STU13741,2023-01-14,2023,Jan,Chennai,Tier 1,15-17,Male,Class 6 Foundation,School Curriculum,6,Quarterly,Offline,Active,49.3,2592.62,3.7
STU15795,2023-01-15,2023,Jan,Surat,Tier 2,6-10,Male,UPSC Prelims Foundation,Competitive Exam,Graduate,Quarterly,Offline,Churned,16.6,15068.81,4.2
STU14338,2023-01-15,2023,Jan,Raipur,Tier 3,18+,Male,JEE Main Foundation,Competitive Exam,11-12,Quarterly,Online,Churned,18.9,10805.2,4.5
STU12662,2023-01-15,2023,Jan,Bengaluru,Tier 1,15-17,Female,Class 8 Maths & Science,School Curriculum,8,Annual,Online,Active,72.5,9721.36,4.5
STU13521,2023-01-16,2023,Jan,Ahmedabad,Tier 1,11-14,Female,JEE Main Foundation,Competitive Exam,11-12,Annual,Online,Churned,54.7,37659.81,4.2
STU12030,2023-01-16,2023,Jan,Delhi,Tier 1,18+,Female,Spoken English Mastery,Skill Development,All,Annual,Offline,Churned,17.8,4593.27,4.2
STU10051,2023-01-16,2023,Jan,Surat,Tier 2,11-14,Female,Robotics & AI Basics,Coding,6-8,Monthly,Online,Trial - Not Converted,22.8,0.0,
STU10672,2023-01-16,2023,Jan,Raipur,Tier 3,18+,Female,NEET Crash Course,Competitive Exam,11-12,Monthly,Online,Active,79.6,4537.0,4.1
STU15800,2023-01-16,2023,Jan,Delhi,Tier 1,18+,Female,UPSC Prelims Foundation,Competitive Exam,Graduate,Quarterly,Online,Churned,33.6,15686.55,5.0
STU15637,2023-01-16,2023,Jan,Chennai,Tier 1,11-14,Female,Spoken English Mastery,Skill Development,All,Annual,Online,Trial - Not Converted,12.9,0.0,
STU15744,2023-01-17,2023,Jan,Hyderabad,Tier 1,15-17,Male,UPSC Prelims Foundation,Competitive Exam,Graduate,Monthly,Online,Active,65.6,5110.31,4.0
STU13833,2023-01-18,2023,Jan,Ahmedabad,Tier 1,6-10,Female,Python for Beginners,Coding,6-8,Monthly,Online,Active,97.6,829.67,3.6
STU12660,2023-01-18,2023,Jan,Kolkata,Tier 1,15-17,Female,Coding for Kids - Scratch,Coding,3-5,Annual,Online,Active,52.0,6865.42,4.3
STU11740,2023-01-18,2023,Jan,Kanpur,Tier 2,11-14,Male,Robotics & AI Basics,Coding,6-8,Annual,Online,Churned,32.8,11619.99,4.8
STU11625,2023-01-18,2023,Jan,Kota,Tier 3,11-14,Female,NEET Crash Course,Competitive Exam,11-12,Quarterly,Offline,Active,94.0,13499.18,3.9
STU13683,2023-01-19,2023,Jan,Patna,Tier 2,11-14,Male,Class 10 CBSE Complete,School Curriculum,10,Monthly,Online,Active,44.9,1562.7,3.9
STU14806,2023-01-19,2023,Jan,Chennai,Tier 1,15-17,Female,Robotics & AI Basics,Coding,6-8,Annual,Online,Active,33.9,12419.04,4.0
STU15428,2023-01-19,2023,Jan,Surat,Tier 2,18+,Male,Class 10 CBSE Complete,School Curriculum,10,Monthly,Online,Active,94.5,1553.24,4.0
STU15437,2023-01-19,2023,Jan,Kolkata,Tier 1,18+,Female,JEE Main Foundation,Competitive Exam,11-12,Annual,Offline,Active,39.8,37560.47,4.6
STU12943,2023-01-20,2023,Jan,Bhopal,Tier 2,15-17,Female,UPSC Prelims Foundation,Competitive Exam,Graduate,Annual,Offline,Active,46.9,47575.94,4.7
STU12921,2023-01-20,2023,Jan,Chennai,Tier 1,6-10,Male,Coding for Kids - Scratch,Coding,3-5,Quarterly,Online,Trial - Not Converted,23.9,0.0,
STU15227,2023-01-20,2023,Jan,Patna,Tier 2,15-17,Female,Class 10 CBSE Complete,School Curriculum,10,Quarterly,Online,Active,25.0,4109.68,4.5
STU13116,2023-01-20,2023,Jan,Bhopal,Tier 2,6-10,Female,Class 8 Maths & Science,School Curriculum,8,Monthly,Online,Trial - Not Converted,14.9,0.0,
STU10363,2023-01-20,2023,Jan,Kolkata,Tier 1,18+,Male,Robotics & AI Basics,Coding,6-8,Annual,Online,Churned,33.5,11894.26,4.6
STU12584,2023-01-20,2023,Jan,Bhopal,Tier 2,11-14,Male,Python for Beginners,Coding,6-8,Annual,Offline,Active,58.7,7206.84,4.5
STU15459,2023-01-20,2023,Jan,Surat,Tier 2,6-10,Female,NEET Crash Course,Competitive Exam,11-12,Annual,Online,Active,94.1,45475.48,4.4
STU12717,2023-01-21,2023,Jan,Delhi,Tier 1,15-17,Female,Class 8 Maths & Science,School Curriculum,8,Annual,Online,Active,95.1,10202.03,4.0
STU14183,2023-01-21,2023,Jan,Raipur,Tier 3,18+,Female,Class 8 Maths & Science,School Curriculum,8,Annual,Offline,Completed,100.0,9256.57,3.5
STU10821,2023-01-21,2023,Jan,Kanpur,Tier 2,18+,Male,Spoken English Mastery,Skill Development,All,Monthly,Offline,Trial - Not Converted,0.3,0.0,
STU13009,2023-01-22,2023,Jan,Meerut,Tier 3,15-17,Female,Class 6 Foundation,School Curriculum,6,Annual,Offline,Trial - Not Converted,7.5,0.0,
STU14387,2023-01-22,2023,Jan,Varanasi,Tier 3,15-17,Female,Coding for Kids - Scratch,Coding,3-5,Annual,Online,Active,58.3,6375.24,4.4
STU13783,2023-01-23,2023,Jan,Patna,Tier 2,11-14,Female,Class 6 Foundation,School Curriculum,6,Annual,Offline,Active,70.4,8533.35,4.3
STU10776,2023-01-23,2023,Jan,Patna,Tier 2,15-17,Female,Coding for Kids - Scratch,Coding,3-5,Quarterly,Offline,Churned,16.8,1989.72,4.2
STU13985,2023-01-23,2023,Jan,Kanpur,Tier 2,15-17,Male,Spoken English Mastery,Skill Development,All,Monthly,Online,Completed,100.0,486.73,4.5
STU12601,2023-01-23,2023,Jan,Pune,Tier 1,6-10,Male,UPSC Prelims Foundation,Competitive Exam,Graduate,Annual,Online,Active,47.7,51888.84,3.8
STU15043,2023-01-23,2023,Jan,Surat,Tier 2,6-10,Male,UPSC Prelims Foundation,Competitive Exam,Graduate,Annual,Offline,Trial - Not Converted,10.2,0.0,
STU13908,2023-01-24,2023,Jan,Pune,Tier 1,6-10,Male,Python for Beginners,Coding,6-8,Quarterly,Online,Trial - Not Converted,18.3,0.0,
STU10765,2023-01-24,2023,Jan,Hyderabad,Tier 1,18+,Male,Coding for Kids - Scratch,Coding,3-5,Quarterly,Online,Trial - Not Converted,11.8,0.0,
STU12904,2023-01-24,2023,Jan,Nagpur,Tier 2,18+,Male,Class 10 CBSE Complete,School Curriculum,10,Annual,Online,Active,81.3,14329.98,4.0
STU10204,2023-01-24,2023,Jan,Ahmedabad,Tier 1,18+,Male,Class 8 Maths & Science,School Curriculum,8,Annual,Offline,Churned,49.3,9563.94,3.7
STU13257,2023-01-24,2023,Jan,Ahmedabad,Tier 1,15-17,Female,JEE Main Foundation,Competitive Exam,11-12,Annual,Offline,Trial - Not Converted,22.1,0.0,
STU13301,2023-01-25,2023,Jan,Jaipur,Tier 2,15-17,Male,Class 6 Foundation,School Curriculum,6,Annual,Offline,Active,33.2,7671.22,5.0
STU12278,2023-01-25,2023,Jan,Mumbai,Tier 1,18+,Female,Python for Beginners,Coding,6-8,Quarterly,Online,Completed,100.0,2471.05,4.5
STU12234,2023-01-25,2023,Jan,Hyderabad,Tier 1,15-17,Female,JEE Main Foundation,Competitive Exam,11-12,Monthly,Offline,Active,26.1,3607.72,4.3
STU11388,2023-01-25,2023,Jan,Kota,Tier 3,15-17,Female,Class 6 Foundation,School Curriculum,6,Annual,Online,Churned,32.5,8738.97,4.5
STU13425,2023-01-25,2023,Jan,Meerut,Tier 3,11-14,Female,Python for Beginners,Coding,6-8,Annual,Online,Active,98.5,7951.42,4.1
STU12354,2023-01-26,2023,Jan,Pune,Tier 1,6-10,Male,Coding for Kids - Scratch,Coding,3-5,Monthly,Online,Active,58.1,652.08,2.3
STU14933,2023-01-26,2023,Jan,Mumbai,Tier 1,18+,Female,Class 10 CBSE Complete,School Curriculum,10,Quarterly,Online,Active,28.8,4405.42,4.3
STU15769,2023-01-26,2023,Jan,Varanasi,Tier 3,11-14,Female,JEE Main Foundation,Competitive Exam,11-12,Annual,Online,Churned,50.8,34430.92,4.1
STU12235,2023-01-26,2023,Jan,Kolkata,Tier 1,15-17,Female,JEE Main Foundation,Competitive Exam,11-12,Annual,Offline,Active,92.1,39274.73,4.5
STU12714,2023-01-26,2023,Jan,Bengaluru,Tier 1,6-10,Female,JEE Main Foundation,Competitive Exam,11-12,Quarterly,Offline,Active,95.6,11438.42,5.0
STU11198,2023-01-27,2023,Jan,Mumbai,Tier 1,11-14,Female,Robotics & AI Basics,Coding,6-8,Annual,Online,Active,99.9,12640.38,4.6
STU12409,2023-01-27,2023,Jan,Bhopal,Tier 2,18+,Female,Class 8 Maths & Science,School Curriculum,8,Quarterly,Online,Active,24.0,3147.34,3.5
STU11549,2023-01-29,2023,Jan,Hyderabad,Tier 1,11-14,Male,JEE Main Foundation,Competitive Exam,11-12,Annual,Online,Active,43.1,34296.85,3.6
STU12565,2023-01-29,2023,Jan,Lucknow,Tier 2,18+,Female,Class 8 Maths & Science,School Curriculum,8,Annual,Offline,Active,50.1,9657.88,4.5
STU15077,2023-01-29,2023,Jan,Hyderabad,Tier 1,15-17,Female,NEET Crash Course,Competitive Exam,11-12,Quarterly,Offline,Churned,29.1,13565.71,4.2
STU13419,2023-01-30,2023,Jan,Kolkata,Tier 1,6-10,Male,UPSC Prelims Foundation,Competitive Exam,Graduate,Quarterly,Online,Active,33.2,13750.89,3.6
STU12985,2023-01-30,2023,Jan,Indore,Tier 2,6-10,Female,UPSC Prelims Foundation,Competitive Exam,Graduate,Monthly,Online,Active,53.0,4981.93,4.3
STU12951,2023-01-30,2023,Jan,Ahmedabad,Tier 1,15-17,Male,NEET Crash Course,Competitive Exam,11-12,Monthly,Offline,Churned,41.7,3989.68,4.1
STU12735,2023-01-30,2023,Jan,Pune,Tier 1,6-10,Female,UPSC Prelims Foundation,Competitive Exam,Graduate,Quarterly,Online,Completed,100.0,15638.39,4.6
STU10057,2023-01-30,2023,Jan,Ranchi,Tier 3,6-10,Female,JEE Main Foundation,Competitive Exam,11-12,Quarterly,Offline,Active,96.1,10699.12,3.6
STU15002,2023-01-31,2023,Jan,Delhi,Tier 1,18+,Male,Class 10 CBSE Complete,School Curriculum,10,Monthly,Online,Active,48.5,1508.94,3.7
STU11047,2023-01-31,2023,Jan,Kota,Tier 3,15-17,Male,Coding for Kids - Scratch,Coding,3-5,Monthly,Online,Active,53.1,644.04,4.3
STU14156,2023-02-01,2023,Feb,Patna,Tier 2,15-17,Male,Spoken English Mastery,Skill Development,All,Annual,Offline,Trial - Not Converted,5.8,0.0,
STU10810,2023-02-01,2023,Feb,Hyderabad,Tier 1,15-17,Female,NEET Crash Course,Competitive Exam,11-12,Quarterly,Online,Trial - Not Converted,9.8,0.0,
STU10532,2023-02-01,2023,Feb,Hyderabad,Tier 1,6-10,Male,Coding for Kids - Scratch,Coding,3-5,Annual,Online,Active,42.6,6189.64,4.8
STU12461,2023-02-02,2023,Feb,Jodhpur,Tier 3,15-17,Female,Class 8 Maths & Science,School Curriculum,8,Monthly,Offline,Active,75.0,1001.02,4.5
STU10244,2023-02-03,2023,Feb,Patna,Tier 2,15-17,Female,Coding for Kids - Scratch,Coding,3-5,Monthly,Online,Active,20.5,621.59,3.6
STU10031,2023-02-03,2023,Feb,Delhi,Tier 1,18+,Female,Robotics & AI Basics,Coding,6-8,Annual,Online,Trial - Not Converted,6.5,0.0,
STU15471,2023-02-03,2023,Feb,Jodhpur,Tier 3,6-10,Female,UPSC Prelims Foundation,Competitive Exam,Graduate,Quarterly,Offline,Active,72.9,14766.22,2.8
STU14703,2023-02-03,2023,Feb,Surat,Tier 2,11-14,Male,Python for Beginners,Coding,6-8,Annual,Online,Trial - Not Converted,10.3,0.0,
STU11997,2023-02-04,2023,Feb,Hyderabad,Tier 1,11-14,Female,Class 10 CBSE Complete,School Curriculum,10,Annual,Online,Active,32.3,14179.96,4.5
STU10049,2023-02-04,2023,Feb,Delhi,Tier 1,15-17,Female,Class 6 Foundation,School Curriculum,6,Monthly,Online,Active,38.1,838.97,3.5
STU14631,2023-02-04,2023,Feb,Bhopal,Tier 2,15-17,Female,Class 10 CBSE Complete,School Curriculum,10,Annual,Offline,Active,58.7,13921.78,3.6
STU10634,2023-02-04,2023,Feb,Lucknow,Tier 2,6-10,Female,Spoken English Mastery,Skill Development,All,Monthly,Online,Active,31.8,461.05,4.8
STU11347,2023-02-04,2023,Feb,Mumbai,Tier 1,15-17,Male,NEET Crash Course,Competitive Exam,11-12,Annual,Offline,Active,83.7,43194.75,5.0
STU15720,2023-02-04,2023,Feb,Jaipur,Tier 2,15-17,Male,UPSC Prelims Foundation,Competitive Exam,Graduate,Annual,Offline,Completed,100.0,50862.02,3.6
STU12568,2023-02-05,2023,Feb,Delhi,Tier 1,18+,Female,Coding for Kids - Scratch,Coding,3-5,Annual,Online,Trial - Not Converted,14.1,0.0,
STU12489,2023-02-05,2023,Feb,Delhi,Tier 1,6-10,Female,NEET Crash Course,Competitive Exam,11-12,Quarterly,Online,Completed,100.0,11951.61,3.4
STU11787,2023-02-05,2023,Feb,Mumbai,Tier 1,15-17,Male,JEE Main Foundation,Competitive Exam,11-12,Quarterly,Offline,Churned,31.0,10195.16,3.4
STU11982,2023-02-05,2023,Feb,Bhopal,Tier 2,6-10,Female,UPSC Prelims Foundation,Competitive Exam,Graduate,Annual,Online,Active,89.0,47325.22,4.6
STU13896,2023-02-05,2023,Feb,Pune,Tier 1,6-10,Female,NEET Crash Course,Competitive Exam,11-12,Annual,Online,Active,84.8,42593.97,4.0
STU12676,2023-02-05,2023,Feb,Mumbai,Tier 1,11-14,Male,Robotics & AI Basics,Coding,6-8,Annual,Online,Completed,100.0,12658.57,4.0
STU10452,2023-02-06,2023,Feb,Surat,Tier 2,18+,Male,JEE Main Foundation,Competitive Exam,11-12,Monthly,Online,Trial - Not Converted,18.4,0.0,
STU10547,2023-02-06,2023,Feb,Ahmedabad,Tier 1,11-14,Female,Robotics & AI Basics,Coding,6-8,Annual,Online,Churned,16.7,12633.4,4.1
STU15061,2023-02-06,2023,Feb,Jodhpur,Tier 3,6-10,Male,NEET Crash Course,Competitive Exam,11-12,Annual,Offline,Active,33.0,41788.76,4.3
STU14495,2023-02-07,2023,Feb,Varanasi,Tier 3,6-10,Female,Class 6 Foundation,School Curriculum,6,Monthly,Online,Active,68.3,807.24,3.2
STU10680,2023-02-07,2023,Feb,Patna,Tier 2,6-10,Male,Python for Beginners,Coding,6-8,Annual,Online,Trial - Not Converted,0.5,0.0,
STU13909,2023-02-08,2023,Feb,Jodhpur,Tier 3,15-17,Female,Class 6 Foundation,School Curriculum,6,Annual,Online,Completed,100.0,8229.89,4.9
STU14219,2023-02-08,2023,Feb,Pune,Tier 1,11-14,Male,NEET Crash Course,Competitive Exam,11-12,Annual,Online,Trial - Not Converted,4.6,0.0,
STU14949,2023-02-09,2023,Feb,Nagpur,Tier 2,6-10,Female,Coding for Kids - Scratch,Coding,3-5,Annual,Online,Completed,100.0,6353.45,4.6
STU12610,2023-02-09,2023,Feb,Patna,Tier 2,15-17,Female,Class 8 Maths & Science,School Curriculum,8,Annual,Offline,Active,47.0,9099.91,3.2
STU14555,2023-02-09,2023,Feb,Mumbai,Tier 1,6-10,Male,Class 6 Foundation,School Curriculum,6,Annual,Offline,Active,30.0,8691.69,4.4
STU14169,2023-02-09,2023,Feb,Mumbai,Tier 1,11-14,Male,Robotics & AI Basics,Coding,6-8,Annual,Online,Trial - Not Converted,9.1,0.0,
STU14147,2023-02-09,2023,Feb,Mumbai,Tier 1,15-17,Female,Spoken English Mastery,Skill Development,All,Annual,Online,Churned,14.0,4910.5,4.9
STU10766,2023-02-10,2023,Feb,Nagpur,Tier 2,15-17,Female,JEE Main Foundation,Competitive Exam,11-12,Quarterly,Online,Active,60.2,10164.7,4.7
STU12396,2023-02-10,2023,Feb,Patna,Tier 2,18+,Male,Class 8 Maths & Science,School Curriculum,8,Quarterly,Offline,Active,33.5,2853.64,3.4
STU15001,2023-02-10,2023,Feb,Delhi,Tier 1,6-10,Male,Python for Beginners,Coding,6-8,Monthly,Online,Active,99.6,757.27,3.3
STU10940,2023-02-11,2023,Feb,Indore,Tier 2,11-14,Male,Class 8 Maths & Science,School Curriculum,8,Monthly,Offline,Active,84.1,968.35,3.6
STU13059,2023-02-11,2023,Feb,Jaipur,Tier 2,11-14,Male,Class 6 Foundation,School Curriculum,6,Annual,Online,Churned,17.5,7887.24,4.6
STU12589,2023-02-11,2023,Feb,Delhi,Tier 1,15-17,Female,Spoken English Mastery,Skill Development,All,Monthly,Offline,Active,29.4,468.66,3.6
STU13947,2023-02-11,2023,Feb,Bhopal,Tier 2,15-17,Male,Spoken English Mastery,Skill Development,All,Monthly,Offline,Trial - Not Converted,1.4,0.0,
STU11449,2023-02-11,2023,Feb,Kanpur,Tier 2,6-10,Male,Class 6 Foundation,School Curriculum,6,Annual,Online,Trial - Not Converted,20.3,0.0,
STU15680,2023-02-12,2023,Feb,Lucknow,Tier 2,11-14,Male,Class 6 Foundation,School Curriculum,6,Annual,Online,Active,70.0,8377.99,5.0
STU10037,2023-02-12,2023,Feb,Indore,Tier 2,18+,Female,Robotics & AI Basics,Coding,6-8,Monthly,Online,Active,95.5,1126.79,4.5
STU14626,2023-02-12,2023,Feb,Nagpur,Tier 2,15-17,Female,Class 10 CBSE Complete,School Curriculum,10,Quarterly,Online,Active,99.6,4639.61,4.6
STU13509,2023-02-12,2023,Feb,Mumbai,Tier 1,15-17,Female,Class 6 Foundation,School Curriculum,6,Monthly,Online,Trial - Not Converted,2.1,0.0,
STU15352,2023-02-12,2023,Feb,Mumbai,Tier 1,18+,Male,UPSC Prelims Foundation,Competitive Exam,Graduate,Quarterly,Online,Active,83.6,13846.73,2.9
STU10724,2023-02-13,2023,Feb,Hyderabad,Tier 1,11-14,Female,Class 6 Foundation,School Curriculum,6,Annual,Online,Active,28.5,8183.72,4.8
STU15670,2023-02-13,2023,Feb,Chennai,Tier 1,6-10,Male,Robotics & AI Basics,Coding,6-8,Quarterly,Offline,Active,94.9,3605.73,5.0
STU15764,2023-02-14,2023,Feb,Bengaluru,Tier 1,18+,Male,Class 6 Foundation,School Curriculum,6,Monthly,Online,Active,30.9,830.19,4.3
STU10144,2023-02-14,2023,Feb,Nagpur,Tier 2,15-17,Female,NEET Crash Course,Competitive Exam,11-12,Annual,Offline,Active,29.4,40519.02,3.3
STU12986,2023-02-14,2023,Feb,Delhi,Tier 1,18+,Male,JEE Main Foundation,Competitive Exam,11-12,Annual,Online,Trial - Not Converted,6.8,0.0,
STU11339,2023-02-14,2023,Feb,Delhi,Tier 1,11-14,Female,Python for Beginners,Coding,6-8,Monthly,Online,Active,74.6,741.8,4.4
STU14759,2023-02-15,2023,Feb,Bengaluru,Tier 1,18+,Female,Robotics & AI Basics,Coding,6-8,Annual,Online,Active,84.1,11529.84,5.0
STU10631,2023-02-15,2023,Feb,Hyderabad,Tier 1,15-17,Male,Class 6 Foundation,School Curriculum,6,Annual,Offline,Active,74.9,7790.72,3.8
STU14750,2023-02-15,2023,Feb,Hyderabad,Tier 1,6-10,Female,UPSC Prelims Foundation,Competitive Exam,Graduate,Annual,Offline,Trial - Not Converted,14.8,0.0,
STU11638,2023-02-15,2023,Feb,Delhi,Tier 1,11-14,Male,Class 6 Foundation,School Curriculum,6,Quarterly,Online,Trial - Not Converted,1.8,0.0,
STU15024,2023-02-15,2023,Feb,Jaipur,Tier 2,11-14,Female,UPSC Prelims Foundation,Competitive Exam,Graduate,Monthly,Online,Trial - Not Converted,20.3,0.0,
STU10319,2023-02-15,2023,Feb,Chennai,Tier 1,11-14,Female,Class 8 Maths & Science,School Curriculum,8,Quarterly,Offline,Completed,100.0,3022.18,4.1
STU12486,2023-02-15,2023,Feb,Pune,Tier 1,18+,Male,Robotics & AI Basics,Coding,6-8,Annual,Online,Active,59.5,11726.21,5.0
STU13172,2023-02-15,2023,Feb,Delhi,Tier 1,11-14,Male,UPSC Prelims Foundation,Competitive Exam,Graduate,Monthly,Offline,Completed,100.0,4678.7,3.5
STU12521,2023-02-16,2023,Feb,Pune,Tier 1,18+,Female,Class 8 Maths & Science,School Curriculum,8,Annual,Online,Completed,100.0,10360.22,4.2
STU13847,2023-02-16,2023,Feb,Pune,Tier 1,11-14,Male,Coding for Kids - Scratch,Coding,3-5,Annual,Online,Active,57.2,6680.77,3.8
STU10693,2023-02-16,2023,Feb,Delhi,Tier 1,11-14,Female,Python for Beginners,Coding,6-8,Annual,Online,Active,41.8,7395.24,4.4
STU12151,2023-02-16,2023,Feb,Surat,Tier 2,15-17,Male,Class 8 Maths & Science,School Curriculum,8,Monthly,Offline,Churned,29.8,946.67,4.8
STU10328,2023-02-16,2023,Feb,Pune,Tier 1,15-17,Male,JEE Main Foundation,Competitive Exam,11-12,Annual,Offline,Active,39.0,36280.59,4.7
STU11272,2023-02-16,2023,Feb,Kanpur,Tier 2,11-14,Male,Python for Beginners,Coding,6-8,Quarterly,Online,Active,52.4,2492.23,3.8
STU15885,2023-02-17,2023,Feb,Delhi,Tier 1,6-10,Female,Class 6 Foundation,School Curriculum,6,Monthly,Offline,Active,68.6,851.94,3.4
STU14371,2023-02-17,2023,Feb,Raipur,Tier 3,18+,Male,Class 6 Foundation,School Curriculum,6,Annual,Offline,Active,95.2,7572.91,4.4
STU12308,2023-02-17,2023,Feb,Jaipur,Tier 2,6-10,Female,Robotics & AI Basics,Coding,6-8,Annual,Online,Churned,22.6,11437.22,4.6
STU13491,2023-02-17,2023,Feb,Patna,Tier 2,18+,Male,NEET Crash Course,Competitive Exam,11-12,Annual,Online,Active,53.5,42945.31,4.4
STU11163,2023-02-17,2023,Feb,Mumbai,Tier 1,15-17,Female,Coding for Kids - Scratch,Coding,3-5,Quarterly,Online,Trial - Not Converted,0.7,0.0,
STU11554,2023-02-17,2023,Feb,Delhi,Tier 1,6-10,Male,JEE Main Foundation,Competitive Exam,11-12,Quarterly,Offline,Active,45.9,11714.21,4.0
STU14492,2023-02-18,2023,Feb,Lucknow,Tier 2,15-17,Female,Class 6 Foundation,School Curriculum,6,Annual,Offline,Trial - Not Converted,8.1,0.0,
STU12839,2023-02-18,2023,Feb,Patna,Tier 2,15-17,Female,Class 10 CBSE Complete,School Curriculum,10,Quarterly,Online,Churned,29.2,4153.95,3.9
STU13276,2023-02-18,2023,Feb,Kolkata,Tier 1,18+,Female,UPSC Prelims Foundation,Competitive Exam,Graduate,Annual,Offline,Trial - Not Converted,8.5,0.0,
STU13450,2023-02-18,2023,Feb,Pune,Tier 1,6-10,Male,Spoken English Mastery,Skill Development,All,Quarterly,Online,Churned,33.4,1529.49,4.6
STU10622,2023-02-18,2023,Feb,Bengaluru,Tier 1,6-10,Male,JEE Main Foundation,Competitive Exam,11-12,Annual,Online,Active,39.6,37739.09,3.8
STU12279,2023-02-18,2023,Feb,Kanpur,Tier 2,11-14,Female,Class 8 Maths & Science,School Curriculum,8,Annual,Offline,Active,46.7,9925.67,4.9
STU12104,2023-02-19,2023,Feb,Bengaluru,Tier 1,11-14,Female,UPSC Prelims Foundation,Competitive Exam,Graduate,Annual,Offline,Completed,100.0,49533.76,4.1
STU12606,2023-02-20,2023,Feb,Kanpur,Tier 2,15-17,Female,Class 10 CBSE Complete,School Curriculum,10,Annual,Online,Active,68.4,15405.08,2.0
STU12880,2023-02-20,2023,Feb,Meerut,Tier 3,18+,Male,Python for Beginners,Coding,6-8,Annual,Offline,Trial - Not Converted,0.0,0.0,
STU10375,2023-02-20,2023,Feb,Kolkata,Tier 1,11-14,Female,Coding for Kids - Scratch,Coding,3-5,Quarterly,Online,Active,48.3,1950.31,4.5
STU14857,2023-02-21,2023,Feb,Hyderabad,Tier 1,11-14,Female,Python for Beginners,Coding,6-8,Annual,Online,Active,87.7,7410.9,3.0
STU11826,2023-02-21,2023,Feb,Bhopal,Tier 2,6-10,Female,Class 8 Maths & Science,School Curriculum,8,Annual,Online,Completed,100.0,10412.98,4.3
STU14159,2023-02-21,2023,Feb,Nagpur,Tier 2,18+,Male,NEET Crash Course,Competitive Exam,11-12,Monthly,Offline,Trial - Not Converted,17.6,0.0,
STU12311,2023-02-21,2023,Feb,Mumbai,Tier 1,6-10,Female,Robotics & AI Basics,Coding,6-8,Annual,Online,Active,30.9,13045.42,4.7
STU11003,2023-02-21,2023,Feb,Kolkata,Tier 1,15-17,Male,Spoken English Mastery,Skill Development,All,Monthly,Online,Churned,29.0,508.44,3.9
STU11110,2023-02-21,2023,Feb,Kanpur,Tier 2,15-17,Male,Class 8 Maths & Science,School Curriculum,8,Monthly,Offline,Active,91.4,972.48,4.1
STU11004,2023-02-21,2023,Feb,Kolkata,Tier 1,18+,Male,Class 6 Foundation,School Curriculum,6,Annual,Online,Active,85.6,8375.0,4.4
STU13858,2023-02-22,2023,Feb,Indore,Tier 2,6-10,Female,Class 10 CBSE Complete,School Curriculum,10,Monthly,Online,Trial - Not Converted,4.0,0.0,
STU11147,2023-02-22,2023,Feb,Jodhpur,Tier 3,15-17,Male,Robotics & AI Basics,Coding,6-8,Monthly,Online,Completed,100.0,1253.86,3.6
STU13244,2023-02-22,2023,Feb,Jodhpur,Tier 3,18+,Male,JEE Main Foundation,Competitive Exam,11-12,Annual,Online,Active,70.9,35917.36,4.3
STU13843,2023-02-22,2023,Feb,Delhi,Tier 1,6-10,Female,NEET Crash Course,Competitive Exam,11-12,Annual,Online,Active,71.5,40435.75,3.4
STU12919,2023-02-22,2023,Feb,Kolkata,Tier 1,15-17,Male,NEET Crash Course,Competitive Exam,11-12,Annual,Online,Churned,44.5,44043.53,4.7
STU12850,2023-02-22,2023,Feb,Jaipur,Tier 2,11-14,Male,Class 6 Foundation,School Curriculum,6,Monthly,Offline,Completed,100.0,839.9,4.5
STU11516,2023-02-22,2023,Feb,Nagpur,Tier 2,15-17,Male,UPSC Prelims Foundation,Competitive Exam,Graduate,Quarterly,Offline,Completed,100.0,13994.0,5.0
STU11006,2023-02-22,2023,Feb,Chennai,Tier 1,18+,Male,NEET Crash Course,Competitive Exam,11-12,Annual,Online,Trial - Not Converted,3.7,0.0,
STU13893,2023-02-22,2023,Feb,Guwahati,Tier 3,15-17,Female,Class 10 CBSE Complete,School Curriculum,10,Annual,Online,Completed,100.0,14316.7,3.9
STU11396,2023-02-23,2023,Feb,Nagpur,Tier 2,18+,Female,Spoken English Mastery,Skill Development,All,Annual,Online,Active,75.5,5165.01,4.6
STU15707,2023-02-24,2023,Feb,Delhi,Tier 1,11-14,Female,Spoken English Mastery,Skill Development,All,Annual,Online,Completed,100.0,4957.53,3.9
STU13880,2023-02-24,2023,Feb,Kota,Tier 3,18+,Male,Class 8 Maths & Science,School Curriculum,8,Quarterly,Offline,Completed,100.0,3136.64,4.0
STU14910,2023-02-24,2023,Feb,Varanasi,Tier 3,11-14,Male,Class 6 Foundation,School Curriculum,6,Annual,Offline,Active,89.3,8161.44,4.3
STU10080,2023-02-24,2023,Feb,Mumbai,Tier 1,18+,Male,Class 6 Foundation,School Curriculum,6,Monthly,Offline,Trial - Not Converted,15.8,0.0,
STU10629,2023-02-24,2023,Feb,Chennai,Tier 1,18+,Male,Class 8 Maths & Science,School Curriculum,8,Quarterly,Online,Churned,28.0,3009.64,4.2
STU14399,2023-02-24,2023,Feb,Indore,Tier 2,6-10,Female,Coding for Kids - Scratch,Coding,3-5,Quarterly,Online,Active,85.7,1974.21,3.1
STU11363,2023-02-24,2023,Feb,Pune,Tier 1,18+,Female,NEET Crash Course,Competitive Exam,11-12,Monthly,Online,Active,48.9,4325.11,5.0
STU15118,2023-02-24,2023,Feb,Patna,Tier 2,6-10,Male,Class 8 Maths & Science,School Curriculum,8,Annual,Offline,Trial - Not Converted,0.7,0.0,
STU10749,2023-02-24,2023,Feb,Kolkata,Tier 1,18+,Male,Python for Beginners,Coding,6-8,Quarterly,Online,Active,23.7,2160.76,4.1
STU14344,2023-02-25,2023,Feb,Delhi,Tier 1,6-10,Male,Spoken English Mastery,Skill Development,All,Annual,Online,Trial - Not Converted,8.7,0.0,
STU10933,2023-02-25,2023,Feb,Ahmedabad,Tier 1,15-17,Male,Class 8 Maths & Science,School Curriculum,8,Annual,Offline,Completed,100.0,9283.39,3.7
STU12928,2023-02-25,2023,Feb,Indore,Tier 2,11-14,Male,Class 6 Foundation,School Curriculum,6,Annual,Offline,Active,76.1,8513.59,3.7
STU10593,2023-02-25,2023,Feb,Meerut,Tier 3,18+,Male,UPSC Prelims Foundation,Competitive Exam,Graduate,Annual,Online,Active,95.8,45108.95,4.0
STU10742,2023-02-26,2023,Feb,Kolkata,Tier 1,18+,Male,JEE Main Foundation,Competitive Exam,11-12,Quarterly,Offline,Completed,100.0,10946.51,3.2
STU14568,2023-02-26,2023,Feb,Mumbai,Tier 1,15-17,Female,Robotics & AI Basics,Coding,6-8,Monthly,Offline,Trial - Not Converted,16.7,0.0,
STU13164,2023-02-27,2023,Feb,Chennai,Tier 1,6-10,Male,Robotics & AI Basics,Coding,6-8,Quarterly,Online,Trial - Not Converted,22.3,0.0,
STU12208,2023-02-27,2023,Feb,Delhi,Tier 1,11-14,Male,Spoken English Mastery,Skill Development,All,Quarterly,Offline,Active,31.6,1486.61,3.5
STU13694,2023-02-27,2023,Feb,Delhi,Tier 1,15-17,Male,Class 10 CBSE Complete,School Curriculum,10,Monthly,Online,Active,30.8,1360.95,5.0
STU12459,2023-02-27,2023,Feb,Bhopal,Tier 2,11-14,Male,Class 8 Maths & Science,School Curriculum,8,Quarterly,Offline,Active,96.5,2873.11,3.5
STU10067,2023-02-27,2023,Feb,Indore,Tier 2,11-14,Male,Class 10 CBSE Complete,School Curriculum,10,Annual,Online,Active,22.8,13763.88,4.3
STU11831,2023-02-28,2023,Feb,Bengaluru,Tier 1,6-10,Male,Class 6 Foundation,School Curriculum,6,Quarterly,Offline,Completed,100.0,2449.5,3.7
STU13720,2023-03-01,2023,Mar,Pune,Tier 1,11-14,Female,JEE Main Foundation,Competitive Exam,11-12,Annual,Online,Completed,100.0,38645.06,4.5
STU14385,2023-03-01,2023,Mar,Ahmedabad,Tier 1,11-14,Female,Class 10 CBSE Complete,School Curriculum,10,Annual,Offline,Active,36.5,15211.13,4.3
STU13937,2023-03-01,2023,Mar,Mumbai,Tier 1,6-10,Female,Robotics & AI Basics,Coding,6-8,Annual,Online,Trial - Not Converted,5.1,0.0,
STU15742,2023-03-01,2023,Mar,Kolkata,Tier 1,18+,Female,Coding for Kids - Scratch,Coding,3-5,Annual,Online,Trial - Not Converted,17.6,0.0,
STU11052,2023-03-02,2023,Mar,Meerut,Tier 3,11-14,Male,NEET Crash Course,Competitive Exam,11-12,Quarterly,Online,Active,95.9,11838.96,5.0
STU15662,2023-03-02,2023,Mar,Patna,Tier 2,15-17,Male,Class 6 Foundation,School Curriculum,6,Annual,Online,Active,55.4,8187.83,4.2
STU13597,2023-03-02,2023,Mar,Delhi,Tier 1,18+,Female,UPSC Prelims Foundation,Competitive Exam,Graduate,Annual,Offline,Trial - Not Converted,9.4,0.0,
STU15954,2023-03-03,2023,Mar,Delhi,Tier 1,11-14,Female,Class 6 Foundation,School Curriculum,6,Quarterly,Offline,Active,58.4,2494.85,5.0
STU10824,2023-03-03,2023,Mar,Bengaluru,Tier 1,6-10,Female,JEE Main Foundation,Competitive Exam,11-12,Annual,Offline,Active,63.4,37278.7,3.4
STU14010,2023-03-03,2023,Mar,Indore,Tier 2,6-10,Female,JEE Main Foundation,Competitive Exam,11-12,Annual,Offline,Active,90.7,34803.09,4.6
STU13424,2023-03-03,2023,Mar,Kota,Tier 3,11-14,Male,Class 8 Maths & Science,School Curriculum,8,Monthly,Offline,Completed,100.0,1030.63,3.3
STU10642,2023-03-04,2023,Mar,Bhopal,Tier 2,18+,Male,Spoken English Mastery,Skill Development,All,Monthly,Offline,Completed,100.0,450.39,4.1
STU11916,2023-03-04,2023,Mar,Patna,Tier 2,15-17,Male,UPSC Prelims Foundation,Competitive Exam,Graduate,Annual,Online,Completed,100.0,46441.63,5.0
STU14683,2023-03-04,2023,Mar,Surat,Tier 2,18+,Female,Coding for Kids - Scratch,Coding,3-5,Annual,Online,Active,63.6,6694.65,4.5
STU14571,2023-03-04,2023,Mar,Varanasi,Tier 3,18+,Male,Coding for Kids - Scratch,Coding,3-5,Quarterly,Online,Trial - Not Converted,11.1,0.0,
STU15712,2023-03-04,2023,Mar,Mumbai,Tier 1,11-14,Male,Coding for Kids - Scratch,Coding,3-5,Annual,Online,Active,73.6,6666.28,3.8
STU15210,2023-03-04,2023,Mar,Lucknow,Tier 2,18+,Female,Robotics & AI Basics,Coding,6-8,Annual,Online,Completed,100.0,11575.03,5.0
STU14016,2023-03-05,2023,Mar,Meerut,Tier 3,11-14,Male,JEE Main Foundation,Competitive Exam,11-12,Annual,Offline,Churned,14.3,38331.22,4.4
STU12368,2023-03-05,2023,Mar,Meerut,Tier 3,18+,Female,UPSC Prelims Foundation,Competitive Exam,Graduate,Annual,Offline,Completed,100.0,45147.61,4.6
STU10528,2023-03-05,2023,Mar,Chennai,Tier 1,11-14,Male,JEE Main Foundation,Competitive Exam,11-12,Monthly,Online,Active,65.4,3886.7,3.7
STU11164,2023-03-05,2023,Mar,Lucknow,Tier 2,6-10,Male,Class 10 CBSE Complete,School Curriculum,10,Annual,Offline,Trial - Not Converted,22.5,0.0,
STU10656,2023-03-05,2023,Mar,Bengaluru,Tier 1,15-17,Female,Coding for Kids - Scratch,Coding,3-5,Monthly,Online,Completed,100.0,609.21,4.7
STU11617,2023-03-05,2023,Mar,Chennai,Tier 1,11-14,Female,Class 10 CBSE Complete,School Curriculum,10,Annual,Offline,Active,70.0,15102.46,4.3
STU11546,2023-03-06,2023,Mar,Ahmedabad,Tier 1,18+,Male,Class 6 Foundation,School Curriculum,6,Annual,Online,Trial - Not Converted,17.8,0.0,
STU10582,2023-03-06,2023,Mar,Guwahati,Tier 3,11-14,Male,Class 10 CBSE Complete,School Curriculum,10,Quarterly,Offline,Active,62.0,4658.29,4.4
STU15315,2023-03-06,2023,Mar,Guwahati,Tier 3,15-17,Female,NEET Crash Course,Competitive Exam,11-12,Monthly,Offline,Active,33.5,3907.47,4.0
STU13838,2023-03-06,2023,Mar,Nagpur,Tier 2,6-10,Female,Spoken English Mastery,Skill Development,All,Quarterly,Offline,Completed,100.0,1513.48,4.3
STU14064,2023-03-06,2023,Mar,Surat,Tier 2,18+,Male,Spoken English Mastery,Skill Development,All,Monthly,Online,Trial - Not Converted,21.2,0.0,
STU10577,2023-03-06,2023,Mar,Kanpur,Tier 2,6-10,Male,JEE Main Foundation,Competitive Exam,11-12,Quarterly,Online,Active,36.6,10646.1,4.3
STU11517,2023-03-06,2023,Mar,Pune,Tier 1,18+,Female,JEE Main Foundation,Competitive Exam,11-12,Annual,Online,Active,20.0,38739.7,4.4
STU13621,2023-03-07,2023,Mar,Hyderabad,Tier 1,11-14,Male,Class 8 Maths & Science,School Curriculum,8,Quarterly,Online,Active,88.8,2798.24,4.5
STU13901,2023-03-07,2023,Mar,Bhopal,Tier 2,18+,Male,Class 6 Foundation,School Curriculum,6,Quarterly,Offline,Active,42.6,2430.07,3.2
STU14724,2023-03-07,2023,Mar,Jaipur,Tier 2,18+,Female,Class 10 CBSE Complete,School Curriculum,10,Annual,Offline,Active,83.1,14052.68,3.4
STU10457,2023-03-08,2023,Mar,Patna,Tier 2,18+,Male,Spoken English Mastery,Skill Development,All,Annual,Offline,Churned,56.7,4539.96,4.5
STU14125,2023-03-08,2023,Mar,Mumbai,Tier 1,6-10,Male,Class 10 CBSE Complete,School Curriculum,10,Annual,Online,Active,91.5,15385.48,4.7
STU11387,2023-03-09,2023,Mar,Patna,Tier 2,11-14,Male,Robotics & AI Basics,Coding,6-8,Annual,Online,Active,61.4,13100.41,4.4
STU11706,2023-03-09,2023,Mar,Varanasi,Tier 3,18+,Male,JEE Main Foundation,Competitive Exam,11-12,Annual,Online,Trial - Not Converted,12.0,0.0,
STU15841,2023-03-10,2023,Mar,Ahmedabad,Tier 1,11-14,Male,Spoken English Mastery,Skill Development,All,Annual,Online,Completed,100.0,4944.57,4.8
STU14992,2023-03-10,2023,Mar,Raipur,Tier 3,11-14,Male,Class 10 CBSE Complete,School Curriculum,10,Monthly,Offline,Active,72.8,1417.16,3.0
STU15046,2023-03-10,2023,Mar,Bengaluru,Tier 1,18+,Male,Robotics & AI Basics,Coding,6-8,Quarterly,Online,Trial - Not Converted,22.0,0.0,
STU11073,2023-03-10,2023,Mar,Mumbai,Tier 1,11-14,Female,UPSC Prelims Foundation,Competitive Exam,Graduate,Annual,Online,Completed,100.0,50050.76,3.8
STU14761,2023-03-11,2023,Mar,Mumbai,Tier 1,11-14,Female,Class 8 Maths & Science,School Curriculum,8,Quarterly,Online,Active,31.3,3025.97,3.8
STU10823,2023-03-11,2023,Mar,Patna,Tier 2,11-14,Male,Python for Beginners,Coding,6-8,Quarterly,Online,Active,77.2,2148.05,4.0
STU11066,2023-03-11,2023,Mar,Mumbai,Tier 1,6-10,Male,Spoken English Mastery,Skill Development,All,Quarterly,Online,Trial - Not Converted,13.1,0.0,
STU11296,2023-03-12,2023,Mar,Lucknow,Tier 2,15-17,Male,Class 6 Foundation,School Curriculum,6,Monthly,Offline,Trial - Not Converted,1.4,0.0,
STU15104,2023-03-12,2023,Mar,Chennai,Tier 1,18+,Male,JEE Main Foundation,Competitive Exam,11-12,Annual,Online,Active,54.6,37055.59,3.7
STU10706,2023-03-13,2023,Mar,Bengaluru,Tier 1,6-10,Male,Class 10 CBSE Complete,School Curriculum,10,Monthly,Offline,Trial - Not Converted,22.8,0.0,
STU13765,2023-03-13,2023,Mar,Pune,Tier 1,18+,Female,Python for Beginners,Coding,6-8,Annual,Online,Active,52.2,7271.21,3.8
STU13986,2023-03-13,2023,Mar,Bhopal,Tier 2,6-10,Male,JEE Main Foundation,Competitive Exam,11-12,Annual,Offline,Completed,100.0,38074.9,5.0
STU14783,2023-03-13,2023,Mar,Surat,Tier 2,6-10,Male,Spoken English Mastery,Skill Development,All,Monthly,Offline,Active,63.8,477.32,4.4
STU15101,2023-03-14,2023,Mar,Surat,Tier 2,6-10,Male,JEE Main Foundation,Competitive Exam,11-12,Annual,Online,Trial - Not Converted,8.9,0.0,
STU13363,2023-03-14,2023,Mar,Delhi,Tier 1,11-14,Male,Robotics & AI Basics,Coding,6-8,Annual,Online,Trial - Not Converted,23.6,0.0,
STU10052,2023-03-15,2023,Mar,Surat,Tier 2,15-17,Female,NEET Crash Course,Competitive Exam,11-12,Quarterly,Offline,Active,20.1,13546.68,4.4
STU12813,2023-03-15,2023,Mar,Delhi,Tier 1,18+,Male,JEE Main Foundation,Competitive Exam,11-12,Quarterly,Online,Completed,100.0,10568.95,3.7
STU15621,2023-03-15,2023,Mar,Chennai,Tier 1,18+,Female,Class 8 Maths & Science,School Curriculum,8,Monthly,Online,Active,29.7,944.74,3.0
STU13287,2023-03-15,2023,Mar,Bengaluru,Tier 1,15-17,Female,Class 6 Foundation,School Curriculum,6,Monthly,Offline,Trial - Not Converted,9.4,0.0,
STU14509,2023-03-16,2023,Mar,Ahmedabad,Tier 1,15-17,Male,Class 8 Maths & Science,School Curriculum,8,Monthly,Online,Active,39.0,1021.88,4.7
STU12454,2023-03-16,2023,Mar,Ahmedabad,Tier 1,6-10,Female,Class 8 Maths & Science,School Curriculum,8,Monthly,Online,Active,41.7,908.91,3.9
STU13515,2023-03-16,2023,Mar,Jaipur,Tier 2,6-10,Male,Robotics & AI Basics,Coding,6-8,Quarterly,Offline,Completed,100.0,3680.96,3.9
STU15878,2023-03-17,2023,Mar,Patna,Tier 2,18+,Female,UPSC Prelims Foundation,Competitive Exam,Graduate,Annual,Offline,Active,44.1,49279.36,4.7
STU15837,2023-03-17,2023,Mar,Guwahati,Tier 3,18+,Female,Robotics & AI Basics,Coding,6-8,Annual,Online,Completed,100.0,13061.85,5.0
STU12821,2023-03-17,2023,Mar,Hyderabad,Tier 1,18+,Male,Class 10 CBSE Complete,School Curriculum,10,Monthly,Online,Trial - Not Converted,16.5,0.0,
STU12794,2023-03-17,2023,Mar,Ranchi,Tier 3,15-17,Female,Python for Beginners,Coding,6-8,Annual,Online,Trial - Not Converted,15.4,0.0,
STU10345,2023-03-17,2023,Mar,Ranchi,Tier 3,18+,Male,Python for Beginners,Coding,6-8,Annual,Online,Active,42.8,7506.47,3.9
STU10789,2023-03-17,2023,Mar,Ahmedabad,Tier 1,6-10,Female,Class 8 Maths & Science,School Curriculum,8,Quarterly,Offline,Churned,19.9,3135.55,3.5
STU12404,2023-03-18,2023,Mar,Indore,Tier 2,6-10,Male,NEET Crash Course,Competitive Exam,11-12,Quarterly,Offline,Completed,100.0,12599.33,4.6
STU12704,2023-03-18,2023,Mar,Delhi,Tier 1,15-17,Female,UPSC Prelims Foundation,Competitive Exam,Graduate,Annual,Offline,Churned,12.9,45528.26,4.5
STU12054,2023-03-18,2023,Mar,Jaipur,Tier 2,18+,Male,UPSC Prelims Foundation,Competitive Exam,Graduate,Annual,Online,Trial - Not Converted,4.1,0.0,
STU10407,2023-03-19,2023,Mar,Guwahati,Tier 3,15-17,Male,Spoken English Mastery,Skill Development,All,Annual,Online,Trial - Not Converted,16.7,0.0,
STU12456,2023-03-20,2023,Mar,Bengaluru,Tier 1,6-10,Male,Python for Beginners,Coding,6-8,Annual,Online,Trial - Not Converted,9.2,0.0,
STU13328,2023-03-20,2023,Mar,Hyderabad,Tier 1,18+,Female,UPSC Prelims Foundation,Competitive Exam,Graduate,Monthly,Online,Active,68.3,4540.86,4.4
STU10220,2023-03-20,2023,Mar,Bengaluru,Tier 1,11-14,Female,NEET Crash Course,Competitive Exam,11-12,Annual,Offline,Trial - Not Converted,2.3,0.0,
STU14767,2023-03-21,2023,Mar,Kolkata,Tier 1,15-17,Male,Class 10 CBSE Complete,School Curriculum,10,Annual,Offline,Active,62.8,14920.43,3.4
STU15858,2023-03-21,2023,Mar,Guwahati,Tier 3,15-17,Female,Class 10 CBSE Complete,School Curriculum,10,Quarterly,Online,Trial - Not Converted,24.5,0.0,
STU10968,2023-03-21,2023,Mar,Patna,Tier 2,15-17,Male,Coding for Kids - Scratch,Coding,3-5,Monthly,Offline,Active,89.1,608.39,5.0
STU14851,2023-03-22,2023,Mar,Chennai,Tier 1,15-17,Female,Class 8 Maths & Science,School Curriculum,8,Quarterly,Online,Active,91.1,2713.85,4.5
STU13524,2023-03-22,2023,Mar,Ahmedabad,Tier 1,18+,Female,Class 6 Foundation,School Curriculum,6,Monthly,Offline,Active,69.7,854.47,3.2
STU14197,2023-03-22,2023,Mar,Bhopal,Tier 2,11-14,Female,Coding for Kids - Scratch,Coding,3-5,Annual,Online,Active,99.9,6195.28,4.5
STU15481,2023-03-22,2023,Mar,Jaipur,Tier 2,18+,Female,Coding for Kids - Scratch,Coding,3-5,Annual,Online,Trial - Not Converted,11.2,0.0,
STU11957,2023-03-22,2023,Mar,Surat,Tier 2,18+,Female,Robotics & AI Basics,Coding,6-8,Annual,Online,Active,55.9,11655.07,5.0
STU11896,2023-03-23,2023,Mar,Varanasi,Tier 3,18+,Female,Class 6 Foundation,School Curriculum,6,Annual,Online,Trial - Not Converted,18.0,0.0,
STU12105,2023-03-23,2023,Mar,Bengaluru,Tier 1,6-10,Female,Coding for Kids - Scratch,Coding,3-5,Annual,Online,Completed,100.0,6488.26,4.0
STU15277,2023-03-23,2023,Mar,Bengaluru,Tier 1,18+,Female,Robotics & AI Basics,Coding,6-8,Annual,Online,Trial - Not Converted,13.9,0.0,
STU15109,2023-03-23,2023,Mar,Pune,Tier 1,15-17,Male,Class 8 Maths & Science,School Curriculum,8,Monthly,Offline,Completed,100.0,907.65,3.7
STU12048,2023-03-23,2023,Mar,Pune,Tier 1,15-17,Female,JEE Main Foundation,Competitive Exam,11-12,Quarterly,Online,Churned,38.9,10750.21,5.0
STU13846,2023-03-23,2023,Mar,Chennai,Tier 1,15-17,Female,JEE Main Foundation,Competitive Exam,11-12,Annual,Online,Trial - Not Converted,17.2,0.0,
STU14654,2023-03-23,2023,Mar,Chennai,Tier 1,6-10,Male,NEET Crash Course,Competitive Exam,11-12,Monthly,Online,Trial - Not Converted,6.0,0.0,
STU10262,2023-03-23,2023,Mar,Meerut,Tier 3,15-17,Male,Coding for Kids - Scratch,Coding,3-5,Annual,Online,Completed,100.0,6104.82,5.0
STU10587,2023-03-24,2023,Mar,Mumbai,Tier 1,6-10,Male,JEE Main Foundation,Competitive Exam,11-12,Annual,Offline,Active,76.9,34696.43,3.9
STU15453,2023-03-24,2023,Mar,Jodhpur,Tier 3,15-17,Female,Python for Beginners,Coding,6-8,Annual,Online,Completed,100.0,7853.02,5.0
STU14525,2023-03-24,2023,Mar,Kota,Tier 3,6-10,Female,Spoken English Mastery,Skill Development,All,Annual,Online,Completed,100.0,4560.15,3.8
STU14708,2023-03-24,2023,Mar,Kanpur,Tier 2,18+,Female,Coding for Kids - Scratch,Coding,3-5,Quarterly,Online,Churned,41.6,1906.6,3.9
STU11235,2023-03-24,2023,Mar,Mumbai,Tier 1,15-17,Female,Python for Beginners,Coding,6-8,Annual,Online,Active,76.1,7412.66,4.6
STU14439,2023-03-24,2023,Mar,Hyderabad,Tier 1,18+,Male,Class 6 Foundation,School Curriculum,6,Annual,Online,Churned,32.3,7800.03,3.2
STU14377,2023-03-24,2023,Mar,Nagpur,Tier 2,6-10,Male,Python for Beginners,Coding,6-8,Quarterly,Online,Active,89.5,2181.66,4.4
STU11493,2023-03-24,2023,Mar,Chennai,Tier 1,11-14,Female,UPSC Prelims Foundation,Competitive Exam,Graduate,Monthly,Online,Trial - Not Converted,7.6,0.0,
STU12378,2023-03-24,2023,Mar,Nagpur,Tier 2,11-14,Female,Class 6 Foundation,School Curriculum,6,Annual,Online,Active,95.2,7717.93,4.5
STU11594,2023-03-25,2023,Mar,Varanasi,Tier 3,6-10,Male,NEET Crash Course,Competitive Exam,11-12,Monthly,Offline,Completed,100.0,4045.72,4.3
STU14695,2023-03-25,2023,Mar,Chennai,Tier 1,18+,Male,Class 6 Foundation,School Curriculum,6,Annual,Offline,Active,40.9,8247.9,4.2
STU10991,2023-03-25,2023,Mar,Patna,Tier 2,11-14,Female,Python for Beginners,Coding,6-8,Annual,Online,Completed,100.0,7590.91,3.1
STU13861,2023-03-25,2023,Mar,Bengaluru,Tier 1,6-10,Female,JEE Main Foundation,Competitive Exam,11-12,Monthly,Offline,Active,82.4,3742.97,4.1
STU12918,2023-03-25,2023,Mar,Nagpur,Tier 2,11-14,Male,NEET Crash Course,Competitive Exam,11-12,Annual,Offline,Active,25.2,39094.48,4.3
STU15007,2023-03-25,2023,Mar,Bengaluru,Tier 1,15-17,Female,JEE Main Foundation,Competitive Exam,11-12,Monthly,Online,Active,70.4,3771.51,4.4
STU14052,2023-03-26,2023,Mar,Delhi,Tier 1,18+,Female,NEET Crash Course,Competitive Exam,11-12,Quarterly,Online,Completed,100.0,11780.97,4.4
STU15282,2023-03-26,2023,Mar,Ranchi,Tier 3,15-17,Male,Class 10 CBSE Complete,School Curriculum,10,Annual,Offline,Active,29.7,15630.72,4.8
STU10304,2023-03-26,2023,Mar,Ranchi,Tier 3,18+,Female,Python for Beginners,Coding,6-8,Monthly,Online,Active,69.4,804.69,3.6
STU14733,2023-03-26,2023,Mar,Surat,Tier 2,6-10,Female,UPSC Prelims Foundation,Competitive Exam,Graduate,Annual,Online,Active,51.3,52080.0,3.3
STU14564,2023-03-26,2023,Mar,Delhi,Tier 1,18+,Male,Coding for Kids - Scratch,Coding,3-5,Monthly,Online,Active,53.2,676.89,4.1
STU14810,2023-03-27,2023,Mar,Kanpur,Tier 2,11-14,Male,Spoken English Mastery,Skill Development,All,Quarterly,Online,Active,20.7,1481.32,4.8
STU13642,2023-03-27,2023,Mar,Ranchi,Tier 3,6-10,Male,Coding for Kids - Scratch,Coding,3-5,Quarterly,Online,Completed,100.0,1903.4,3.6
STU10785,2023-03-27,2023,Mar,Bengaluru,Tier 1,11-14,Male,NEET Crash Course,Competitive Exam,11-12,Quarterly,Offline,Completed,100.0,12907.7,4.7
STU11732,2023-03-27,2023,Mar,Varanasi,Tier 3,15-17,Male,UPSC Prelims Foundation,Competitive Exam,Graduate,Annual,Online,Completed,100.0,46828.56,5.0
STU13995,2023-03-27,2023,Mar,Kolkata,Tier 1,18+,Male,Class 10 CBSE Complete,School Curriculum,10,Quarterly,Offline,Active,97.1,4312.24,4.8
STU11012,2023-03-27,2023,Mar,Hyderabad,Tier 1,11-14,Female,JEE Main Foundation,Competitive Exam,11-12,Quarterly,Online,Completed,100.0,11348.15,3.2
STU13900,2023-03-27,2023,Mar,Pune,Tier 1,11-14,Female,Class 10 CBSE Complete,School Curriculum,10,Quarterly,Offline,Active,21.4,4133.33,5.0
STU15487,2023-03-28,2023,Mar,Indore,Tier 2,6-10,Female,Coding for Kids - Scratch,Coding,3-5,Annual,Online,Completed,100.0,6592.28,5.0
STU14688,2023-03-28,2023,Mar,Nagpur,Tier 2,6-10,Female,Class 10 CBSE Complete,School Curriculum,10,Annual,Online,Active,68.6,15736.38,4.8
STU13197,2023-03-28,2023,Mar,Surat,Tier 2,11-14,Female,Coding for Kids - Scratch,Coding,3-5,Annual,Offline,Active,79.7,6843.13,3.9
STU11653,2023-03-28,2023,Mar,Hyderabad,Tier 1,11-14,Female,NEET Crash Course,Competitive Exam,11-12,Annual,Offline,Churned,42.3,42952.78,3.8
STU12442,2023-03-28,2023,Mar,Delhi,Tier 1,11-14,Male,Coding for Kids - Scratch,Coding,3-5,Monthly,Online,Active,93.6,681.59,5.0
STU11463,2023-03-28,2023,Mar,Bhopal,Tier 2,18+,Female,Coding for Kids - Scratch,Coding,3-5,Monthly,Online,Active,86.5,663.28,4.2
STU14840,2023-03-29,2023,Mar,Bengaluru,Tier 1,11-14,Female,UPSC Prelims Foundation,Competitive Exam,Graduate,Quarterly,Offline,Completed,100.0,15436.57,5.0
STU13162,2023-03-29,2023,Mar,Hyderabad,Tier 1,11-14,Male,Robotics & AI Basics,Coding,6-8,Annual,Online,Active,27.4,12944.12,4.4
STU11246,2023-03-29,2023,Mar,Patna,Tier 2,15-17,Female,NEET Crash Course,Competitive Exam,11-12,Annual,Online,Trial - Not Converted,15.1,0.0,
STU12580,2023-03-29,2023,Mar,Varanasi,Tier 3,18+,Female,Class 10 CBSE Complete,School Curriculum,10,Monthly,Offline,Active,36.7,1478.33,3.8
STU10539,2023-03-30,2023,Mar,Kolkata,Tier 1,15-17,Male,Class 8 Maths & Science,School Curriculum,8,Annual,Online,Trial - Not Converted,0.5,0.0,
STU11623,2023-03-30,2023,Mar,Bengaluru,Tier 1,18+,Male,Python for Beginners,Coding,6-8,Annual,Online,Active,64.5,8019.07,4.1
STU15689,2023-03-30,2023,Mar,Mumbai,Tier 1,15-17,Female,Spoken English Mastery,Skill Development,All,Annual,Online,Active,40.3,5008.73,3.8
STU14965,2023-03-30,2023,Mar,Mumbai,Tier 1,18+,Female,Class 10 CBSE Complete,School Curriculum,10,Monthly,Online,Active,95.6,1372.08,3.2
STU14207,2023-03-30,2023,Mar,Nagpur,Tier 2,18+,Female,Robotics & AI Basics,Coding,6-8,Annual,Online,Active,72.7,13115.31,3.9
STU12607,2023-03-31,2023,Mar,Lucknow,Tier 2,18+,Male,Class 6 Foundation,School Curriculum,6,Quarterly,Offline,Active,91.3,2371.96,4.9
STU15248,2023-03-31,2023,Mar,Lucknow,Tier 2,6-10,Male,Class 8 Maths & Science,School Curriculum,8,Quarterly,Online,Trial - Not Converted,7.4,0.0,
STU14885,2023-03-31,2023,Mar,Indore,Tier 2,18+,Female,Python for Beginners,Coding,6-8,Monthly,Offline,Completed,100.0,742.26,3.2
STU10601,2023-03-31,2023,Mar,Chennai,Tier 1,18+,Female,Python for Beginners,Coding,6-8,Annual,Online,Active,75.4,8311.94,3.7
STU13362,2023-03-31,2023,Mar,Kota,Tier 3,18+,Male,Class 10 CBSE Complete,School Curriculum,10,Quarterly,Offline,Active,48.7,4376.45,4.3
STU13822,2023-03-31,2023,Mar,Ahmedabad,Tier 1,18+,Male,Spoken English Mastery,Skill Development,All,Monthly,Online,Completed,100.0,477.33,5.0
STU13010,2023-04-01,2023,Apr,Ahmedabad,Tier 1,11-14,Male,Class 10 CBSE Complete,School Curriculum,10,Quarterly,Online,Active,99.4,4084.45,4.2
STU13147,2023-04-01,2023,Apr,Raipur,Tier 3,11-14,Female,Python for Beginners,Coding,6-8,Quarterly,Online,Churned,57.9,2207.83,5.0
STU14093,2023-04-01,2023,Apr,Varanasi,Tier 3,6-10,Female,JEE Main Foundation,Competitive Exam,11-12,Annual,Offline,Completed,100.0,39349.89,4.1
STU12118,2023-04-01,2023,Apr,Kanpur,Tier 2,11-14,Female,UPSC Prelims Foundation,Competitive Exam,Graduate,Monthly,Online,Active,89.1,4775.76,3.5
STU15308,2023-04-01,2023,Apr,Guwahati,Tier 3,6-10,Male,Python for Beginners,Coding,6-8,Annual,Online,Active,56.8,8139.14,4.4
STU14247,2023-04-01,2023,Apr,Hyderabad,Tier 1,11-14,Male,Robotics & AI Basics,Coding,6-8,Quarterly,Online,Active,77.2,3774.13,3.5
STU14935,2023-04-02,2023,Apr,Ahmedabad,Tier 1,6-10,Female,JEE Main Foundation,Competitive Exam,11-12,Annual,Online,Active,52.2,39222.02,4.6
STU14775,2023-04-02,2023,Apr,Delhi,Tier 1,18+,Female,Class 10 CBSE Complete,School Curriculum,10,Annual,Online,Active,58.2,13782.96,4.9
STU12644,2023-04-02,2023,Apr,Jodhpur,Tier 3,18+,Female,Coding for Kids - Scratch,Coding,3-5,Annual,Offline,Completed,100.0,6099.82,4.4
STU14027,2023-04-02,2023,Apr,Kolkata,Tier 1,18+,Female,NEET Crash Course,Competitive Exam,11-12,Annual,Offline,Active,93.2,44373.84,2.9
STU15058,2023-04-02,2023,Apr,Ranchi,Tier 3,18+,Female,Coding for Kids - Scratch,Coding,3-5,Annual,Online,Active,91.5,6214.77,3.5
STU13488,2023-04-02,2023,Apr,Bengaluru,Tier 1,11-14,Male,NEET Crash Course,Competitive Exam,11-12,Annual,Online,Active,85.4,44260.11,3.7
STU10318,2023-04-02,2023,Apr,Lucknow,Tier 2,6-10,Female,JEE Main Foundation,Competitive Exam,11-12,Monthly,Offline,Active,55.1,3792.52,5.0
STU10200,2023-04-03,2023,Apr,Delhi,Tier 1,6-10,Female,Class 10 CBSE Complete,School Curriculum,10,Annual,Online,Completed,100.0,15190.99,4.6
STU12559,2023-04-03,2023,Apr,Bengaluru,Tier 1,18+,Female,Spoken English Mastery,Skill Development,All,Monthly,Online,Trial - Not Converted,1.5,0.0,
STU10282,2023-04-03,2023,Apr,Mumbai,Tier 1,11-14,Male,Class 6 Foundation,School Curriculum,6,Quarterly,Online,Trial - Not Converted,18.2,0.0,
STU10580,2023-04-03,2023,Apr,Mumbai,Tier 1,11-14,Female,NEET Crash Course,Competitive Exam,11-12,Quarterly,Offline,Completed,100.0,13052.45,3.9
STU11818,2023-04-03,2023,Apr,Jaipur,Tier 2,18+,Male,UPSC Prelims Foundation,Competitive Exam,Graduate,Annual,Online,Active,22.8,52063.98,4.0
STU13647,2023-04-03,2023,Apr,Pune,Tier 1,15-17,Female,Class 8 Maths & Science,School Curriculum,8,Annual,Online,Active,75.6,9323.31,3.8
STU15300,2023-04-04,2023,Apr,Lucknow,Tier 2,18+,Male,Class 6 Foundation,School Curriculum,6,Monthly,Offline,Churned,16.2,780.15,4.2
STU12365,2023-04-04,2023,Apr,Kanpur,Tier 2,11-14,Male,NEET Crash Course,Competitive Exam,11-12,Quarterly,Online,Active,93.5,12279.57,4.4
STU14514,2023-04-04,2023,Apr,Indore,Tier 2,15-17,Female,Class 10 CBSE Complete,School Curriculum,10,Monthly,Online,Completed,100.0,1480.59,4.4
STU11416,2023-04-04,2023,Apr,Delhi,Tier 1,15-17,Female,Class 8 Maths & Science,School Curriculum,8,Quarterly,Online,Trial - Not Converted,3.7,0.0,
STU10022,2023-04-04,2023,Apr,Mumbai,Tier 1,11-14,Female,Class 6 Foundation,School Curriculum,6,Annual,Online,Active,83.2,8116.49,4.1
STU13790,2023-04-04,2023,Apr,Lucknow,Tier 2,15-17,Male,NEET Crash Course,Competitive Exam,11-12,Monthly,Offline,Active,96.5,4514.75,4.8
STU15480,2023-04-04,2023,Apr,Mumbai,Tier 1,6-10,Female,Class 6 Foundation,School Curriculum,6,Quarterly,Offline,Completed,100.0,2522.47,5.0
STU13316,2023-04-05,2023,Apr,Mumbai,Tier 1,18+,Female,Robotics & AI Basics,Coding,6-8,Quarterly,Online,Trial - Not Converted,14.3,0.0,
STU12955,2023-04-05,2023,Apr,Indore,Tier 2,15-17,Male,Class 6 Foundation,School Curriculum,6,Annual,Online,Completed,100.0,7610.27,3.4
STU15102,2023-04-05,2023,Apr,Pune,Tier 1,6-10,Male,Class 8 Maths & Science,School Curriculum,8,Annual,Offline,Active,37.8,9241.55,3.8
STU15137,2023-04-05,2023,Apr,Mumbai,Tier 1,15-17,Female,NEET Crash Course,Competitive Exam,11-12,Quarterly,Online,Active,69.4,13022.48,4.1
STU10886,2023-04-06,2023,Apr,Mumbai,Tier 1,6-10,Male,Class 6 Foundation,School Curriculum,6,Quarterly,Online,Active,40.5,2538.67,4.5
STU11316,2023-04-06,2023,Apr,Kolkata,Tier 1,15-17,Female,Python for Beginners,Coding,6-8,Quarterly,Online,Active,76.4,2354.51,4.3
STU15699,2023-04-06,2023,Apr,Pune,Tier 1,11-14,Male,Class 8 Maths & Science,School Curriculum,8,Monthly,Offline,Active,33.5,1027.04,4.0
STU13701,2023-04-06,2023,Apr,Kolkata,Tier 1,15-17,Male,Python for Beginners,Coding,6-8,Annual,Online,Active,35.8,8275.43,4.6
STU11865,2023-04-07,2023,Apr,Bhopal,Tier 2,15-17,Female,UPSC Prelims Foundation,Competitive Exam,Graduate,Quarterly,Online,Active,30.4,15175.02,3.6
STU13688,2023-04-07,2023,Apr,Patna,Tier 2,18+,Male,Python for Beginners,Coding,6-8,Quarterly,Online,Completed,100.0,2184.47,4.9
STU13589,2023-04-07,2023,Apr,Chennai,Tier 1,11-14,Male,Class 8 Maths & Science,School Curriculum,8,Annual,Online,Active,24.9,10370.02,4.1
STU15916,2023-04-07,2023,Apr,Mumbai,Tier 1,6-10,Female,Robotics & AI Basics,Coding,6-8,Annual,Online,Active,56.1,12640.43,5.0
STU10512,2023-04-07,2023,Apr,Bengaluru,Tier 1,18+,Male,JEE Main Foundation,Competitive Exam,11-12,Annual,Online,Trial - Not Converted,1.9,0.0,
STU13755,2023-04-07,2023,Apr,Jodhpur,Tier 3,18+,Female,Python for Beginners,Coding,6-8,Annual,Online,Churned,50.8,7777.69,4.1
STU15994,2023-04-07,2023,Apr,Nagpur,Tier 2,6-10,Male,UPSC Prelims Foundation,Competitive Exam,Graduate,Annual,Offline,Trial - Not Converted,22.0,0.0,
STU13051,2023-04-07,2023,Apr,Delhi,Tier 1,18+,Female,Spoken English Mastery,Skill Development,All,Quarterly,Online,Active,50.0,1543.74,3.6
STU10404,2023-04-07,2023,Apr,Bengaluru,Tier 1,18+,Female,Coding for Kids - Scratch,Coding,3-5,Annual,Online,Active,86.8,6355.88,5.0
STU13747,2023-04-08,2023,Apr,Delhi,Tier 1,18+,Male,Class 8 Maths & Science,School Curriculum,8,Quarterly,Online,Active,83.2,2818.13,4.9
STU10091,2023-04-08,2023,Apr,Kolkata,Tier 1,6-10,Female,Robotics & AI Basics,Coding,6-8,Quarterly,Online,Trial - Not Converted,17.5,0.0,
STU13537,2023-04-08,2023,Apr,Indore,Tier 2,11-14,Male,Python for Beginners,Coding,6-8,Annual,Online,Trial - Not Converted,21.7,0.0,
STU10834,2023-04-08,2023,Apr,Guwahati,Tier 3,11-14,Female,Coding for Kids - Scratch,Coding,3-5,Annual,Online,Active,99.7,6555.16,4.2
STU11277,2023-04-09,2023,Apr,Surat,Tier 2,15-17,Female,Class 10 CBSE Complete,School Curriculum,10,Annual,Offline,Active,66.7,13694.61,4.4
STU12858,2023-04-09,2023,Apr,Indore,Tier 2,11-14,Female,Spoken English Mastery,Skill Development,All,Quarterly,Online,Trial - Not Converted,4.7,0.0,
STU12190,2023-04-09,2023,Apr,Patna,Tier 2,6-10,Female,Class 6 Foundation,School Curriculum,6,Quarterly,Offline,Churned,20.0,2456.01,4.8
STU14313,2023-04-09,2023,Apr,Jaipur,Tier 2,6-10,Male,Class 8 Maths & Science,School Curriculum,8,Monthly,Offline,Active,99.4,954.07,4.1
STU15583,2023-04-09,2023,Apr,Lucknow,Tier 2,18+,Male,Class 6 Foundation,School Curriculum,6,Annual,Offline,Active,35.7,7734.88,4.7
STU11426,2023-04-10,2023,Apr,Pune,Tier 1,15-17,Male,UPSC Prelims Foundation,Competitive Exam,Graduate,Quarterly,Online,Completed,100.0,14693.3,4.4
STU14193,2023-04-10,2023,Apr,Indore,Tier 2,15-17,Male,Python for Beginners,Coding,6-8,Annual,Online,Active,30.3,8066.85,3.8
STU13615,2023-04-10,2023,Apr,Varanasi,Tier 3,6-10,Female,Coding for Kids - Scratch,Coding,3-5,Annual,Online,Active,63.0,6733.11,4.3
STU13344,2023-04-10,2023,Apr,Guwahati,Tier 3,6-10,Male,UPSC Prelims Foundation,Competitive Exam,Graduate,Annual,Online,Churned,54.0,45635.7,4.4
STU12869,2023-04-10,2023,Apr,Meerut,Tier 3,15-17,Female,JEE Main Foundation,Competitive Exam,11-12,Monthly,Offline,Active,54.0,3830.36,3.5
STU14044,2023-04-10,2023,Apr,Lucknow,Tier 2,11-14,Male,Python for Beginners,Coding,6-8,Monthly,Online,Trial - Not Converted,12.3,0.0,
STU15369,2023-04-10,2023,Apr,Lucknow,Tier 2,18+,Female,Class 10 CBSE Complete,School Curriculum,10,Annual,Online,Active,31.1,14532.15,4.1
STU11663,2023-04-10,2023,Apr,Hyderabad,Tier 1,11-14,Male,UPSC Prelims Foundation,Competitive Exam,Graduate,Annual,Online,Active,39.2,50629.93,4.8
STU11734,2023-04-11,2023,Apr,Delhi,Tier 1,11-14,Female,Coding for Kids - Scratch,Coding,3-5,Quarterly,Online,Completed,100.0,1807.78,4.9
STU10876,2023-04-12,2023,Apr,Mumbai,Tier 1,18+,Female,NEET Crash Course,Competitive Exam,11-12,Monthly,Online,Trial - Not Converted,7.3,0.0,
STU10965,2023-04-12,2023,Apr,Indore,Tier 2,11-14,Male,NEET Crash Course,Competitive Exam,11-12,Annual,Online,Active,70.1,44299.29,3.5
STU13055,2023-04-12,2023,Apr,Kanpur,Tier 2,18+,Male,Class 10 CBSE Complete,School Curriculum,10,Monthly,Online,Churned,41.2,1555.38,3.5
STU10489,2023-04-12,2023,Apr,Bengaluru,Tier 1,18+,Male,Class 8 Maths & Science,School Curriculum,8,Monthly,Online,Active,24.9,944.77,3.0
STU12627,2023-04-13,2023,Apr,Bhopal,Tier 2,15-17,Male,Class 6 Foundation,School Curriculum,6,Annual,Online,Active,52.3,8313.84,5.0
STU14384,2023-04-13,2023,Apr,Lucknow,Tier 2,6-10,Female,NEET Crash Course,Competitive Exam,11-12,Annual,Online,Trial - Not Converted,0.7,0.0,
STU13757,2023-04-13,2023,Apr,Surat,Tier 2,11-14,Male,UPSC Prelims Foundation,Competitive Exam,Graduate,Annual,Offline,Completed,100.0,45042.4,3.8
STU13773,2023-04-13,2023,Apr,Bengaluru,Tier 1,18+,Female,Class 10 CBSE Complete,School Curriculum,10,Monthly,Offline,Churned,59.1,1534.38,2.9
STU15623,2023-04-13,2023,Apr,Chennai,Tier 1,6-10,Male,Robotics & AI Basics,Coding,6-8,Quarterly,Online,Trial - Not Converted,16.4,0.0,
STU14584,2023-04-14,2023,Apr,Bengaluru,Tier 1,11-14,Male,NEET Crash Course,Competitive Exam,11-12,Monthly,Offline,Trial - Not Converted,1.1,0.0,
STU15820,2023-04-14,2023,Apr,Pune,Tier 1,15-17,Female,UPSC Prelims Foundation,Competitive Exam,Graduate,Monthly,Offline,Active,80.1,5226.7,4.1
STU13189,2023-04-14,2023,Apr,Lucknow,Tier 2,11-14,Male,JEE Main Foundation,Competitive Exam,11-12,Monthly,Offline,Active,86.9,3452.14,3.4
STU13750,2023-04-15,2023,Apr,Ahmedabad,Tier 1,15-17,Male,NEET Crash Course,Competitive Exam,11-12,Quarterly,Online,Completed,100.0,11968.92,4.7
STU15724,2023-04-15,2023,Apr,Nagpur,Tier 2,11-14,Male,Robotics & AI Basics,Coding,6-8,Quarterly,Online,Trial - Not Converted,6.6,0.0,
STU15205,2023-04-15,2023,Apr,Jaipur,Tier 2,18+,Female,NEET Crash Course,Competitive Exam,11-12,Annual,Offline,Active,25.5,43932.21,4.5
STU10364,2023-04-15,2023,Apr,Lucknow,Tier 2,6-10,Female,Spoken English Mastery,Skill Development,All,Annual,Offline,Churned,59.9,4710.23,4.2
STU11795,2023-04-15,2023,Apr,Delhi,Tier 1,15-17,Female,NEET Crash Course,Competitive Exam,11-12,Annual,Offline,Active,92.2,44972.57,4.5
STU10441,2023-04-15,2023,Apr,Kolkata,Tier 1,18+,Male,JEE Main Foundation,Competitive Exam,11-12,Annual,Online,Active,78.9,36222.11,4.0
STU13797,2023-04-15,2023,Apr,Kolkata,Tier 1,6-10,Male,Class 6 Foundation,School Curriculum,6,Annual,Online,Active,85.3,8479.23,4.0
STU12158,2023-04-16,2023,Apr,Hyderabad,Tier 1,6-10,Male,Class 8 Maths & Science,School Curriculum,8,Monthly,Offline,Trial - Not Converted,8.2,0.0,
STU12491,2023-04-16,2023,Apr,Pune,Tier 1,15-17,Female,Class 8 Maths & Science,School Curriculum,8,Monthly,Offline,Trial - Not Converted,23.5,0.0,
STU10777,2023-04-17,2023,Apr,Surat,Tier 2,15-17,Female,Python for Beginners,Coding,6-8,Annual,Online,Churned,38.2,7450.67,5.0
STU13299,2023-04-17,2023,Apr,Meerut,Tier 3,11-14,Male,Class 10 CBSE Complete,School Curriculum,10,Quarterly,Online,Churned,17.6,4629.98,3.4
STU10399,2023-04-17,2023,Apr,Patna,Tier 2,6-10,Male,NEET Crash Course,Competitive Exam,11-12,Monthly,Online,Churned,16.9,4490.62,4.0
STU12855,2023-04-18,2023,Apr,Kanpur,Tier 2,6-10,Female,Coding for Kids - Scratch,Coding,3-5,Monthly,Online,Active,22.6,622.65,3.8
STU11472,2023-04-18,2023,Apr,Varanasi,Tier 3,15-17,Male,Class 8 Maths & Science,School Curriculum,8,Quarterly,Offline,Trial - Not Converted,20.2,0.0,
STU14838,2023-04-19,2023,Apr,Ahmedabad,Tier 1,15-17,Female,Coding for Kids - Scratch,Coding,3-5,Monthly,Offline,Completed,100.0,685.07,4.6
STU12448,2023-04-19,2023,Apr,Raipur,Tier 3,6-10,Male,UPSC Prelims Foundation,Competitive Exam,Graduate,Annual,Offline,Trial - Not Converted,2.6,0.0,
STU15386,2023-04-19,2023,Apr,Guwahati,Tier 3,15-17,Male,Class 8 Maths & Science,School Curriculum,8,Annual,Offline,Active,61.0,9863.54,4.7
STU10627,2023-04-20,2023,Apr,Jaipur,Tier 2,11-14,Female,Coding for Kids - Scratch,Coding,3-5,Monthly,Offline,Churned,13.4,637.64,4.2
STU14343,2023-04-20,2023,Apr,Delhi,Tier 1,15-17,Male,Robotics & AI Basics,Coding,6-8,Monthly,Online,Trial - Not Converted,5.0,0.0,
STU12808,2023-04-20,2023,Apr,Jaipur,Tier 2,15-17,Male,Spoken English Mastery,Skill Development,All,Monthly,Online,Trial - Not Converted,19.5,0.0,
STU13579,2023-04-22,2023,Apr,Hyderabad,Tier 1,11-14,Female,Class 8 Maths & Science,School Curriculum,8,Annual,Offline,Trial - Not Converted,16.6,0.0,
STU14686,2023-04-22,2023,Apr,Varanasi,Tier 3,6-10,Female,Spoken English Mastery,Skill Development,All,Quarterly,Online,Active,66.5,1458.67,3.9
STU12574,2023-04-23,2023,Apr,Kolkata,Tier 1,15-17,Female,Spoken English Mastery,Skill Development,All,Annual,Online,Completed,100.0,4970.67,2.9
STU14283,2023-04-23,2023,Apr,Bengaluru,Tier 1,6-10,Female,Spoken English Mastery,Skill Development,All,Monthly,Online,Active,74.9,486.68,4.5
STU10800,2023-04-23,2023,Apr,Bengaluru,Tier 1,11-14,Female,Robotics & AI Basics,Coding,6-8,Monthly,Online,Active,43.1,1197.36,3.1
STU10398,2023-04-23,2023,Apr,Pune,Tier 1,6-10,Female,Spoken English Mastery,Skill Development,All,Monthly,Online,Active,39.8,450.83,3.2
STU13625,2023-04-23,2023,Apr,Guwahati,Tier 3,11-14,Female,UPSC Prelims Foundation,Competitive Exam,Graduate,Annual,Online,Trial - Not Converted,8.5,0.0,
STU15562,2023-04-24,2023,Apr,Jaipur,Tier 2,15-17,Male,Spoken English Mastery,Skill Development,All,Annual,Online,Trial - Not Converted,14.8,0.0,
STU11984,2023-04-24,2023,Apr,Ahmedabad,Tier 1,15-17,Female,Coding for Kids - Scratch,Coding,3-5,Quarterly,Offline,Active,81.9,2041.13,3.3
STU10545,2023-04-24,2023,Apr,Mumbai,Tier 1,15-17,Female,UPSC Prelims Foundation,Competitive Exam,Graduate,Annual,Offline,Active,30.5,50188.6,4.9
STU11232,2023-04-24,2023,Apr,Chennai,Tier 1,6-10,Male,Class 6 Foundation,School Curriculum,6,Monthly,Offline,Active,23.6,777.23,4.7
STU12332,2023-04-25,2023,Apr,Bhopal,Tier 2,6-10,Female,Robotics & AI Basics,Coding,6-8,Monthly,Online,Trial - Not Converted,2.1,0.0,
STU12064,2023-04-25,2023,Apr,Bhopal,Tier 2,15-17,Female,Robotics & AI Basics,Coding,6-8,Monthly,Online,Completed,100.0,1258.33,4.2
STU10666,2023-04-25,2023,Apr,Mumbai,Tier 1,6-10,Male,Class 6 Foundation,School Curriculum,6,Quarterly,Offline,Trial - Not Converted,3.4,0.0,
STU10085,2023-04-25,2023,Apr,Delhi,Tier 1,6-10,Male,Robotics & AI Basics,Coding,6-8,Annual,Online,Active,88.9,12041.38,4.8
STU12871,2023-04-26,2023,Apr,Chennai,Tier 1,11-14,Male,UPSC Prelims Foundation,Competitive Exam,Graduate,Annual,Online,Trial - Not Converted,18.4,0.0,
STU15714,2023-04-26,2023,Apr,Kolkata,Tier 1,6-10,Male,NEET Crash Course,Competitive Exam,11-12,Annual,Online,Trial - Not Converted,5.9,0.0,
STU13804,2023-04-26,2023,Apr,Kanpur,Tier 2,15-17,Male,Class 8 Maths & Science,School Curriculum,8,Annual,Offline,Trial - Not Converted,5.4,0.0,
STU10996,2023-04-27,2023,Apr,Ranchi,Tier 3,15-17,Female,Class 8 Maths & Science,School Curriculum,8,Annual,Online,Trial - Not Converted,13.4,0.0,
STU15730,2023-04-27,2023,Apr,Delhi,Tier 1,11-14,Female,NEET Crash Course,Competitive Exam,11-12,Annual,Online,Active,93.5,42556.16,4.8
STU10709,2023-04-27,2023,Apr,Pune,Tier 1,6-10,Male,Class 8 Maths & Science,School Curriculum,8,Quarterly,Online,Trial - Not Converted,13.3,0.0,
STU10230,2023-04-27,2023,Apr,Pune,Tier 1,18+,Female,Coding for Kids - Scratch,Coding,3-5,Monthly,Offline,Active,84.1,627.1,4.4
STU12058,2023-04-27,2023,Apr,Bengaluru,Tier 1,18+,Female,Python for Beginners,Coding,6-8,Quarterly,Online,Active,33.7,2186.21,4.5
STU14673,2023-04-27,2023,Apr,Mumbai,Tier 1,15-17,Male,Class 8 Maths & Science,School Curriculum,8,Monthly,Online,Active,57.0,919.79,5.0
STU10131,2023-04-28,2023,Apr,Chennai,Tier 1,6-10,Female,Class 8 Maths & Science,School Curriculum,8,Monthly,Online,Completed,100.0,909.92,3.8
STU15650,2023-04-28,2023,Apr,Bengaluru,Tier 1,6-10,Male,JEE Main Foundation,Competitive Exam,11-12,Monthly,Offline,Active,39.4,3922.79,4.7
STU14275,2023-04-28,2023,Apr,Guwahati,Tier 3,18+,Male,Class 8 Maths & Science,School Curriculum,8,Annual,Online,Active,89.2,9804.98,5.0
STU13864,2023-04-28,2023,Apr,Jodhpur,Tier 3,11-14,Female,Spoken English Mastery,Skill Development,All,Annual,Online,Trial - Not Converted,10.6,0.0,
STU10103,2023-04-28,2023,Apr,Kolkata,Tier 1,18+,Male,JEE Main Foundation,Competitive Exam,11-12,Quarterly,Online,Trial - Not Converted,11.9,0.0,
STU13245,2023-04-28,2023,Apr,Kanpur,Tier 2,11-14,Female,Class 10 CBSE Complete,School Curriculum,10,Quarterly,Offline,Active,99.5,4652.89,4.5
STU12908,2023-04-29,2023,Apr,Mumbai,Tier 1,6-10,Female,Python for Beginners,Coding,6-8,Annual,Offline,Completed,100.0,7524.73,3.6
STU15159,2023-04-29,2023,Apr,Hyderabad,Tier 1,11-14,Male,Class 6 Foundation,School Curriculum,6,Annual,Online,Active,69.3,7586.02,4.5
STU14101,2023-04-29,2023,Apr,Guwahati,Tier 3,6-10,Male,Spoken English Mastery,Skill Development,All,Annual,Online,Active,59.4,5156.78,4.4
STU13115,2023-04-30,2023,Apr,Nagpur,Tier 2,15-17,Male,Coding for Kids - Scratch,Coding,3-5,Monthly,Online,Churned,30.5,631.28,4.2
STU10327,2023-04-30,2023,Apr,Mumbai,Tier 1,18+,Female,Class 6 Foundation,School Curriculum,6,Monthly,Online,Churned,34.0,813.6,4.9
STU11703,2023-04-30,2023,Apr,Pune,Tier 1,15-17,Male,Python for Beginners,Coding,6-8,Annual,Online,Active,71.8,8232.67,4.5
STU10590,2023-04-30,2023,Apr,Bengaluru,Tier 1,15-17,Male,UPSC Prelims Foundation,Competitive Exam,Graduate,Annual,Offline,Completed,100.0,51090.27,3.8
STU12185,2023-04-30,2023,Apr,Delhi,Tier 1,11-14,Male,Spoken English Mastery,Skill Development,All,Annual,Online,Active,89.8,5072.4,3.4
STU12948,2023-05-01,2023,May,Pune,Tier 1,15-17,Male,Spoken English Mastery,Skill Development,All,Monthly,Offline,Churned,26.3,520.58,4.0
STU12643,2023-05-01,2023,May,Indore,Tier 2,6-10,Male,Robotics & AI Basics,Coding,6-8,Annual,Online,Active,80.4,11607.59,5.0
STU11828,2023-05-01,2023,May,Varanasi,Tier 3,18+,Male,Python for Beginners,Coding,6-8,Annual,Online,Active,24.0,7868.93,3.8
STU13871,2023-05-01,2023,May,Kanpur,Tier 2,11-14,Female,NEET Crash Course,Competitive Exam,11-12,Annual,Offline,Completed,100.0,40142.46,4.2
STU14164,2023-05-01,2023,May,Guwahati,Tier 3,15-17,Male,Coding for Kids - Scratch,Coding,3-5,Annual,Offline,Trial - Not Converted,16.7,0.0,
STU14866,2023-05-01,2023,May,Lucknow,Tier 2,18+,Male,NEET Crash Course,Competitive Exam,11-12,Monthly,Offline,Active,36.0,4508.12,4.5
STU10796,2023-05-01,2023,May,Kolkata,Tier 1,15-17,Male,Robotics & AI Basics,Coding,6-8,Annual,Online,Churned,41.9,13029.19,4.0
STU10157,2023-05-01,2023,May,Ranchi,Tier 3,18+,Male,Class 6 Foundation,School Curriculum,6,Monthly,Offline,Active,52.1,793.34,4.3
STU14265,2023-05-02,2023,May,Indore,Tier 2,11-14,Male,NEET Crash Course,Competitive Exam,11-12,Annual,Online,Trial - Not Converted,11.4,0.0,
STU15301,2023-05-02,2023,May,Nagpur,Tier 2,6-10,Male,Class 8 Maths & Science,School Curriculum,8,Annual,Online,Active,32.8,10342.59,3.2
STU10920,2023-05-02,2023,May,Mumbai,Tier 1,6-10,Female,Class 10 CBSE Complete,School Curriculum,10,Quarterly,Online,Churned,44.7,4258.55,3.9
STU11157,2023-05-02,2023,May,Kolkata,Tier 1,6-10,Female,Class 10 CBSE Complete,School Curriculum,10,Annual,Offline,Trial - Not Converted,18.7,0.0,
STU10945,2023-05-02,2023,May,Hyderabad,Tier 1,11-14,Male,Class 6 Foundation,School Curriculum,6,Annual,Offline,Active,55.0,7792.73,3.8
STU12978,2023-05-02,2023,May,Delhi,Tier 1,15-17,Female,UPSC Prelims Foundation,Competitive Exam,Graduate,Annual,Offline,Churned,20.5,51917.78,4.4
STU15891,2023-05-02,2023,May,Chennai,Tier 1,11-14,Male,Class 10 CBSE Complete,School Curriculum,10,Annual,Online,Active,84.4,14770.29,3.7
STU13762,2023-05-03,2023,May,Bengaluru,Tier 1,6-10,Male,Class 8 Maths & Science,School Curriculum,8,Monthly,Offline,Churned,11.1,932.1,4.2
STU10352,2023-05-03,2023,May,Nagpur,Tier 2,18+,Male,Class 10 CBSE Complete,School Curriculum,10,Quarterly,Offline,Trial - Not Converted,12.8,0.0,
STU15930,2023-05-04,2023,May,Mumbai,Tier 1,15-17,Male,Class 8 Maths & Science,School Curriculum,8,Annual,Offline,Active,43.6,9803.6,3.1
STU15644,2023-05-04,2023,May,Chennai,Tier 1,15-17,Female,Class 6 Foundation,School Curriculum,6,Quarterly,Offline,Churned,19.6,2486.53,4.4
STU10431,2023-05-04,2023,May,Hyderabad,Tier 1,18+,Female,Coding for Kids - Scratch,Coding,3-5,Quarterly,Offline,Active,96.6,1910.44,3.7
STU12314,2023-05-04,2023,May,Mumbai,Tier 1,15-17,Male,Class 8 Maths & Science,School Curriculum,8,Quarterly,Online,Active,47.4,3088.92,4.6
STU10515,2023-05-05,2023,May,Indore,Tier 2,6-10,Male,NEET Crash Course,Competitive Exam,11-12,Annual,Offline,Active,97.8,42116.45,3.0
STU14003,2023-05-05,2023,May,Ahmedabad,Tier 1,6-10,Male,UPSC Prelims Foundation,Competitive Exam,Graduate,Quarterly,Offline,Active,39.8,13762.85,5.0
STU15672,2023-05-06,2023,May,Bengaluru,Tier 1,6-10,Female,Python for Beginners,Coding,6-8,Quarterly,Online,Active,75.0,2411.0,5.0
STU14711,2023-05-06,2023,May,Guwahati,Tier 3,11-14,Female,Spoken English Mastery,Skill Development,All,Quarterly,Online,Active,20.9,1414.33,4.7
STU12807,2023-05-06,2023,May,Patna,Tier 2,11-14,Male,Class 10 CBSE Complete,School Curriculum,10,Monthly,Online,Active,44.2,1471.61,4.4
STU14254,2023-05-06,2023,May,Pune,Tier 1,15-17,Female,Spoken English Mastery,Skill Development,All,Annual,Offline,Active,49.6,4846.3,5.0
STU11772,2023-05-07,2023,May,Kolkata,Tier 1,15-17,Female,Class 8 Maths & Science,School Curriculum,8,Monthly,Offline,Trial - Not Converted,22.7,0.0,
STU15906,2023-05-07,2023,May,Chennai,Tier 1,11-14,Male,NEET Crash Course,Competitive Exam,11-12,Quarterly,Offline,Completed,100.0,12673.55,4.8
STU11627,2023-05-07,2023,May,Chennai,Tier 1,18+,Male,NEET Crash Course,Competitive Exam,11-12,Quarterly,Online,Trial - Not Converted,7.1,0.0,
STU12326,2023-05-08,2023,May,Kolkata,Tier 1,11-14,Female,UPSC Prelims Foundation,Competitive Exam,Graduate,Annual,Online,Completed,100.0,50857.83,3.0
STU14602,2023-05-08,2023,May,Chennai,Tier 1,15-17,Female,Class 8 Maths & Science,School Curriculum,8,Quarterly,Online,Active,30.3,2863.5,3.7
STU15605,2023-05-08,2023,May,Lucknow,Tier 2,15-17,Male,Python for Beginners,Coding,6-8,Annual,Online,Trial - Not Converted,15.0,0.0,
STU12656,2023-05-08,2023,May,Ahmedabad,Tier 1,15-17,Male,Coding for Kids - Scratch,Coding,3-5,Monthly,Online,Completed,100.0,603.22,4.2
STU13341,2023-05-09,2023,May,Mumbai,Tier 1,6-10,Male,NEET Crash Course,Competitive Exam,11-12,Annual,Online,Trial - Not Converted,10.6,0.0,
STU13178,2023-05-10,2023,May,Surat,Tier 2,6-10,Female,JEE Main Foundation,Competitive Exam,11-12,Annual,Online,Active,20.8,37484.54,5.0
STU11057,2023-05-10,2023,May,Mumbai,Tier 1,6-10,Male,Class 8 Maths & Science,School Curriculum,8,Quarterly,Offline,Trial - Not Converted,20.0,0.0,
STU11938,2023-05-10,2023,May,Hyderabad,Tier 1,11-14,Male,Robotics & AI Basics,Coding,6-8,Annual,Online,Trial - Not Converted,13.5,0.0,
STU10349,2023-05-10,2023,May,Patna,Tier 2,18+,Female,UPSC Prelims Foundation,Competitive Exam,Graduate,Quarterly,Offline,Active,89.2,13668.8,4.4
STU12698,2023-05-10,2023,May,Delhi,Tier 1,18+,Male,Robotics & AI Basics,Coding,6-8,Monthly,Online,Churned,58.6,1190.86,5.0
STU12129,2023-05-11,2023,May,Kolkata,Tier 1,6-10,Female,UPSC Prelims Foundation,Competitive Exam,Graduate,Monthly,Online,Completed,100.0,4701.88,3.8
STU11395,2023-05-11,2023,May,Nagpur,Tier 2,11-14,Male,Spoken English Mastery,Skill Development,All,Annual,Online,Active,95.5,5119.55,3.7
STU15010,2023-05-12,2023,May,Mumbai,Tier 1,6-10,Male,JEE Main Foundation,Competitive Exam,11-12,Quarterly,Offline,Active,26.9,10368.97,3.7
STU12911,2023-05-12,2023,May,Jaipur,Tier 2,18+,Male,Class 10 CBSE Complete,School Curriculum,10,Monthly,Offline,Active,39.1,1571.04,3.6
STU15457,2023-05-12,2023,May,Pune,Tier 1,6-10,Male,Coding for Kids - Scratch,Coding,3-5,Quarterly,Offline,Active,38.7,1919.48,4.2
STU13093,2023-05-12,2023,May,Kota,Tier 3,18+,Male,JEE Main Foundation,Competitive Exam,11-12,Quarterly,Offline,Trial - Not Converted,8.7,0.0,
STU15865,2023-05-12,2023,May,Bengaluru,Tier 1,18+,Female,Robotics & AI Basics,Coding,6-8,Monthly,Online,Active,76.4,1188.1,4.3
STU12031,2023-05-12,2023,May,Ahmedabad,Tier 1,11-14,Male,Class 8 Maths & Science,School Curriculum,8,Annual,Offline,Completed,100.0,10146.04,4.3
STU13492,2023-05-12,2023,May,Jaipur,Tier 2,11-14,Male,Class 10 CBSE Complete,School Curriculum,10,Annual,Offline,Trial - Not Converted,23.9,0.0,
STU12887,2023-05-13,2023,May,Varanasi,Tier 3,15-17,Female,Robotics & AI Basics,Coding,6-8,Monthly,Online,Active,44.9,1251.04,4.2
STU13391,2023-05-13,2023,May,Kanpur,Tier 2,15-17,Male,Spoken English Mastery,Skill Development,All,Annual,Online,Trial - Not Converted,15.2,0.0,
STU13678,2023-05-13,2023,May,Chennai,Tier 1,11-14,Male,Python for Beginners,Coding,6-8,Monthly,Online,Active,87.8,736.02,5.0
STU13455,2023-05-13,2023,May,Pune,Tier 1,15-17,Female,Class 6 Foundation,School Curriculum,6,Annual,Offline,Churned,47.8,8482.48,3.9
STU14471,2023-05-13,2023,May,Meerut,Tier 3,6-10,Female,UPSC Prelims Foundation,Competitive Exam,Graduate,Quarterly,Offline,Active,59.8,14173.08,3.0
STU11881,2023-05-13,2023,May,Bengaluru,Tier 1,6-10,Male,Class 10 CBSE Complete,School Curriculum,10,Annual,Online,Active,56.5,14305.64,4.8
STU13800,2023-05-13,2023,May,Chennai,Tier 1,15-17,Female,Python for Beginners,Coding,6-8,Quarterly,Online,Trial - Not Converted,24.3,0.0,
STU12566,2023-05-14,2023,May,Lucknow,Tier 2,11-14,Female,JEE Main Foundation,Competitive Exam,11-12,Annual,Online,Trial - Not Converted,13.7,0.0,
STU14152,2023-05-15,2023,May,Delhi,Tier 1,6-10,Female,Python for Beginners,Coding,6-8,Annual,Online,Active,66.3,7697.27,4.9
STU12445,2023-05-15,2023,May,Kanpur,Tier 2,18+,Female,Class 6 Foundation,School Curriculum,6,Monthly,Online,Churned,42.5,793.81,3.2
STU10172,2023-05-15,2023,May,Delhi,Tier 1,18+,Male,NEET Crash Course,Competitive Exam,11-12,Annual,Offline,Churned,14.2,42434.55,4.4
STU10254,2023-05-16,2023,May,Jodhpur,Tier 3,6-10,Male,NEET Crash Course,Competitive Exam,11-12,Annual,Online,Trial - Not Converted,21.3,0.0,
STU10511,2023-05-16,2023,May,Kolkata,Tier 1,11-14,Male,Robotics & AI Basics,Coding,6-8,Annual,Online,Active,87.2,11475.59,4.6
STU10788,2023-05-16,2023,May,Guwahati,Tier 3,15-17,Male,UPSC Prelims Foundation,Competitive Exam,Graduate,Quarterly,Online,Trial - Not Converted,9.0,0.0,
STU13796,2023-05-16,2023,May,Patna,Tier 2,15-17,Male,JEE Main Foundation,Competitive Exam,11-12,Quarterly,Offline,Active,35.5,11519.96,4.6
STU11186,2023-05-16,2023,May,Chennai,Tier 1,15-17,Female,UPSC Prelims Foundation,Competitive Exam,Graduate,Quarterly,Online,Active,91.9,14421.68,4.5
STU15918,2023-05-17,2023,May,Hyderabad,Tier 1,6-10,Male,UPSC Prelims Foundation,Competitive Exam,Graduate,Annual,Offline,Active,64.4,49507.99,3.9
STU12824,2023-05-17,2023,May,Jaipur,Tier 2,11-14,Male,Class 8 Maths & Science,School Curriculum,8,Monthly,Online,Trial - Not Converted,12.8,0.0,
STU15625,2023-05-17,2023,May,Chennai,Tier 1,6-10,Male,Coding for Kids - Scratch,Coding,3-5,Quarterly,Online,Active,49.8,1842.04,4.6
STU10953,2023-05-17,2023,May,Kota,Tier 3,15-17,Female,JEE Main Foundation,Competitive Exam,11-12,Monthly,Online,Active,70.6,3626.58,4.0
STU11494,2023-05-17,2023,May,Pune,Tier 1,15-17,Female,NEET Crash Course,Competitive Exam,11-12,Quarterly,Offline,Churned,28.9,12185.58,4.1
STU15801,2023-05-18,2023,May,Jaipur,Tier 2,11-14,Female,Coding for Kids - Scratch,Coding,3-5,Monthly,Offline,Trial - Not Converted,14.2,0.0,
STU11378,2023-05-18,2023,May,Kolkata,Tier 1,6-10,Male,Spoken English Mastery,Skill Development,All,Quarterly,Online,Trial - Not Converted,8.4,0.0,
STU13159,2023-05-18,2023,May,Pune,Tier 1,18+,Female,JEE Main Foundation,Competitive Exam,11-12,Quarterly,Offline,Churned,45.8,10596.6,4.3
STU14361,2023-05-18,2023,May,Kolkata,Tier 1,6-10,Female,Class 6 Foundation,School Curriculum,6,Annual,Online,Active,26.3,8426.51,4.6
STU13878,2023-05-18,2023,May,Nagpur,Tier 2,18+,Female,Class 10 CBSE Complete,School Curriculum,10,Quarterly,Online,Active,69.9,4471.44,4.9
STU11924,2023-05-18,2023,May,Bengaluru,Tier 1,15-17,Male,Class 8 Maths & Science,School Curriculum,8,Monthly,Offline,Active,46.4,923.47,4.6
STU11063,2023-05-18,2023,May,Jodhpur,Tier 3,15-17,Male,Robotics & AI Basics,Coding,6-8,Quarterly,Online,Active,35.1,3892.49,3.8
STU15676,2023-05-19,2023,May,Bhopal,Tier 2,11-14,Male,Coding for Kids - Scratch,Coding,3-5,Annual,Offline,Active,29.0,6980.9,3.6
STU15719,2023-05-19,2023,May,Nagpur,Tier 2,18+,Female,Class 6 Foundation,School Curriculum,6,Monthly,Online,Active,77.6,856.48,5.0
STU13089,2023-05-20,2023,May,Kolkata,Tier 1,6-10,Female,Python for Beginners,Coding,6-8,Annual,Online,Churned,45.0,8011.21,3.5
STU11202,2023-05-20,2023,May,Lucknow,Tier 2,18+,Male,Class 8 Maths & Science,School Curriculum,8,Annual,Offline,Active,80.7,10454.55,3.9
STU14011,2023-05-20,2023,May,Chennai,Tier 1,18+,Male,Robotics & AI Basics,Coding,6-8,Monthly,Online,Active,68.6,1141.98,4.8
STU13498,2023-05-21,2023,May,Bengaluru,Tier 1,15-17,Male,JEE Main Foundation,Competitive Exam,11-12,Monthly,Online,Trial - Not Converted,24.8,0.0,
STU14001,2023-05-21,2023,May,Ahmedabad,Tier 1,11-14,Female,Class 8 Maths & Science,School Curriculum,8,Monthly,Online,Active,24.7,1007.46,4.9
STU11322,2023-05-21,2023,May,Jaipur,Tier 2,15-17,Female,JEE Main Foundation,Competitive Exam,11-12,Monthly,Offline,Active,58.7,3477.65,3.7
STU12322,2023-05-21,2023,May,Bengaluru,Tier 1,18+,Male,Robotics & AI Basics,Coding,6-8,Quarterly,Online,Trial - Not Converted,0.4,0.0,
STU11892,2023-05-21,2023,May,Jodhpur,Tier 3,11-14,Male,Robotics & AI Basics,Coding,6-8,Quarterly,Online,Active,61.4,3751.52,4.1
STU13819,2023-05-21,2023,May,Kolkata,Tier 1,18+,Female,JEE Main Foundation,Competitive Exam,11-12,Quarterly,Offline,Active,89.7,11375.29,4.7
STU11053,2023-05-21,2023,May,Bengaluru,Tier 1,15-17,Female,Class 6 Foundation,School Curriculum,6,Annual,Online,Active,86.6,7553.73,4.6
STU13687,2023-05-22,2023,May,Surat,Tier 2,15-17,Male,Spoken English Mastery,Skill Development,All,Annual,Online,Active,78.1,5137.92,4.5
STU13466,2023-05-22,2023,May,Hyderabad,Tier 1,18+,Female,Robotics & AI Basics,Coding,6-8,Quarterly,Online,Completed,100.0,3594.1,4.6
STU15951,2023-05-22,2023,May,Ahmedabad,Tier 1,11-14,Female,Coding for Kids - Scratch,Coding,3-5,Annual,Online,Active,92.2,6363.08,4.3
STU15455,2023-05-22,2023,May,Ahmedabad,Tier 1,18+,Male,Class 10 CBSE Complete,School Curriculum,10,Annual,Offline,Trial - Not Converted,0.7,0.0,
STU13877,2023-05-23,2023,May,Bhopal,Tier 2,11-14,Male,NEET Crash Course,Competitive Exam,11-12,Annual,Online,Active,45.6,42840.95,4.2
STU13057,2023-05-23,2023,May,Bengaluru,Tier 1,15-17,Male,Class 10 CBSE Complete,School Curriculum,10,Monthly,Online,Active,68.2,1370.0,4.3
STU11311,2023-05-23,2023,May,Guwahati,Tier 3,6-10,Female,Class 6 Foundation,School Curriculum,6,Quarterly,Online,Completed,100.0,2467.97,4.6
STU15989,2023-05-23,2023,May,Mumbai,Tier 1,18+,Male,UPSC Prelims Foundation,Competitive Exam,Graduate,Annual,Online,Active,51.0,51089.38,4.7
STU13388,2023-05-23,2023,May,Pune,Tier 1,18+,Male,Class 6 Foundation,School Curriculum,6,Annual,Offline,Churned,17.6,7810.84,4.6
STU14363,2023-05-23,2023,May,Jaipur,Tier 2,11-14,Male,Python for Beginners,Coding,6-8,Annual,Online,Trial - Not Converted,7.3,0.0,
STU11451,2023-05-23,2023,May,Raipur,Tier 3,18+,Female,Class 10 CBSE Complete,School Curriculum,10,Quarterly,Online,Active,50.6,4568.19,5.0
STU14620,2023-05-24,2023,May,Lucknow,Tier 2,6-10,Male,NEET Crash Course,Competitive Exam,11-12,Quarterly,Online,Trial - Not Converted,23.3,0.0,
STU15266,2023-05-24,2023,May,Kota,Tier 3,15-17,Male,Robotics & AI Basics,Coding,6-8,Annual,Online,Trial - Not Converted,7.2,0.0,
STU10170,2023-05-24,2023,May,Surat,Tier 2,11-14,Male,Coding for Kids - Scratch,Coding,3-5,Monthly,Online,Active,27.8,684.23,3.5
STU10698,2023-05-24,2023,May,Kanpur,Tier 2,6-10,Male,Class 6 Foundation,School Curriculum,6,Annual,Offline,Active,47.9,7863.67,5.0
STU14263,2023-05-24,2023,May,Guwahati,Tier 3,18+,Male,Coding for Kids - Scratch,Coding,3-5,Annual,Online,Active,65.1,6864.1,3.7
STU10371,2023-05-24,2023,May,Guwahati,Tier 3,15-17,Male,Coding for Kids - Scratch,Coding,3-5,Monthly,Offline,Churned,31.6,640.87,3.2
STU12397,2023-05-25,2023,May,Lucknow,Tier 2,15-17,Female,JEE Main Foundation,Competitive Exam,11-12,Annual,Offline,Completed,100.0,35687.18,4.2
STU11441,2023-05-25,2023,May,Jodhpur,Tier 3,11-14,Male,Robotics & AI Basics,Coding,6-8,Annual,Offline,Active,93.1,12520.06,4.8
STU10900,2023-05-25,2023,May,Ranchi,Tier 3,18+,Female,Python for Beginners,Coding,6-8,Monthly,Online,Active,42.4,722.03,3.5
STU15653,2023-05-25,2023,May,Varanasi,Tier 3,18+,Male,Class 6 Foundation,School Curriculum,6,Annual,Online,Trial - Not Converted,16.8,0.0,
STU14762,2023-05-25,2023,May,Bengaluru,Tier 1,18+,Male,Robotics & AI Basics,Coding,6-8,Quarterly,Online,Active,60.0,3903.0,5.0
STU11621,2023-05-26,2023,May,Mumbai,Tier 1,11-14,Male,Python for Beginners,Coding,6-8,Monthly,Online,Completed,100.0,723.54,5.0
STU12426,2023-05-26,2023,May,Ahmedabad,Tier 1,18+,Male,Coding for Kids - Scratch,Coding,3-5,Annual,Online,Active,45.5,6523.9,3.4
STU15521,2023-05-26,2023,May,Mumbai,Tier 1,11-14,Male,Coding for Kids - Scratch,Coding,3-5,Annual,Online,Active,91.7,6112.1,4.1
STU15229,2023-05-27,2023,May,Jodhpur,Tier 3,15-17,Female,Class 6 Foundation,School Curriculum,6,Quarterly,Offline,Active,36.5,2288.57,3.7
STU11629,2023-05-27,2023,May,Lucknow,Tier 2,18+,Female,Spoken English Mastery,Skill Development,All,Monthly,Online,Completed,100.0,450.11,3.9
STU15517,2023-05-27,2023,May,Ahmedabad,Tier 1,18+,Female,UPSC Prelims Foundation,Competitive Exam,Graduate,Annual,Online,Completed,100.0,49619.78,3.5
STU13916,2023-05-28,2023,May,Chennai,Tier 1,15-17,Female,JEE Main Foundation,Competitive Exam,11-12,Annual,Online,Trial - Not Converted,2.9,0.0,
STU13769,2023-05-28,2023,May,Mumbai,Tier 1,18+,Female,Coding for Kids - Scratch,Coding,3-5,Quarterly,Online,Active,65.6,1853.3,4.1
STU10657,2023-05-28,2023,May,Delhi,Tier 1,18+,Female,JEE Main Foundation,Competitive Exam,11-12,Quarterly,Online,Active,42.6,10146.72,4.5
STU14979,2023-05-28,2023,May,Kolkata,Tier 1,6-10,Male,NEET Crash Course,Competitive Exam,11-12,Monthly,Online,Active,54.0,3995.01,4.9
STU12337,2023-05-28,2023,May,Kolkata,Tier 1,15-17,Male,JEE Main Foundation,Competitive Exam,11-12,Quarterly,Online,Active,48.3,11169.44,4.1
STU10888,2023-05-29,2023,May,Ranchi,Tier 3,11-14,Female,Python for Beginners,Coding,6-8,Quarterly,Offline,Active,28.1,2289.76,4.0
STU13868,2023-05-29,2023,May,Hyderabad,Tier 1,18+,Male,Python for Beginners,Coding,6-8,Monthly,Offline,Trial - Not Converted,13.1,0.0,
STU15126,2023-05-30,2023,May,Jaipur,Tier 2,18+,Female,NEET Crash Course,Competitive Exam,11-12,Annual,Online,Completed,100.0,40629.8,4.0
STU14465,2023-05-30,2023,May,Bengaluru,Tier 1,15-17,Female,UPSC Prelims Foundation,Competitive Exam,Graduate,Annual,Online,Active,60.5,50869.54,4.3
STU12777,2023-05-30,2023,May,Hyderabad,Tier 1,18+,Female,Coding for Kids - Scratch,Coding,3-5,Annual,Offline,Churned,51.7,6662.18,3.8
STU12570,2023-05-30,2023,May,Delhi,Tier 1,15-17,Female,UPSC Prelims Foundation,Competitive Exam,Graduate,Monthly,Offline,Trial - Not Converted,10.8,0.0,
STU12782,2023-05-30,2023,May,Chennai,Tier 1,6-10,Male,Class 6 Foundation,School Curriculum,6,Quarterly,Offline,Active,37.8,2455.75,4.3
STU10723,2023-05-31,2023,May,Jaipur,Tier 2,6-10,Female,NEET Crash Course,Competitive Exam,11-12,Annual,Online,Active,98.0,41965.5,5.0
STU15472,2023-05-31,2023,May,Indore,Tier 2,18+,Female,Class 10 CBSE Complete,School Curriculum,10,Quarterly,Offline,Active,38.7,4713.53,3.3
STU10862,2023-05-31,2023,May,Bhopal,Tier 2,15-17,Female,Class 8 Maths & Science,School Curriculum,8,Annual,Offline,Active,33.9,10418.15,4.9
STU14497,2023-05-31,2023,May,Kanpur,Tier 2,6-10,Male,Spoken English Mastery,Skill Development,All,Annual,Online,Active,52.3,4755.39,4.1
STU15949,2023-05-31,2023,May,Jodhpur,Tier 3,15-17,Female,Spoken English Mastery,Skill Development,All,Quarterly,Online,Active,61.9,1429.3,3.7
STU10725,2023-06-01,2023,Jun,Mumbai,Tier 1,6-10,Male,Python for Beginners,Coding,6-8,Monthly,Online,Churned,40.4,773.53,4.2
STU12411,2023-06-01,2023,Jun,Ahmedabad,Tier 1,15-17,Female,UPSC Prelims Foundation,Competitive Exam,Graduate,Quarterly,Online,Churned,36.8,15357.66,3.2
STU14388,2023-06-01,2023,Jun,Bengaluru,Tier 1,6-10,Female,Spoken English Mastery,Skill Development,All,Annual,Online,Completed,100.0,4934.25,4.0
STU14868,2023-06-01,2023,Jun,Chennai,Tier 1,6-10,Male,Robotics & AI Basics,Coding,6-8,Annual,Online,Active,28.5,11987.65,3.2
STU11809,2023-06-01,2023,Jun,Ahmedabad,Tier 1,6-10,Male,Coding for Kids - Scratch,Coding,3-5,Monthly,Online,Active,88.4,608.26,5.0
STU10700,2023-06-01,2023,Jun,Mumbai,Tier 1,18+,Female,Class 6 Foundation,School Curriculum,6,Annual,Offline,Trial - Not Converted,21.3,0.0,
STU11589,2023-06-02,2023,Jun,Bengaluru,Tier 1,6-10,Male,Coding for Kids - Scratch,Coding,3-5,Annual,Online,Active,57.8,6734.96,4.8
STU14839,2023-06-02,2023,Jun,Guwahati,Tier 3,6-10,Female,Python for Beginners,Coding,6-8,Annual,Online,Churned,24.9,7565.45,3.7
STU13446,2023-06-03,2023,Jun,Chennai,Tier 1,6-10,Male,NEET Crash Course,Competitive Exam,11-12,Quarterly,Online,Trial - Not Converted,9.0,0.0,
STU15919,2023-06-03,2023,Jun,Kota,Tier 3,18+,Male,Class 8 Maths & Science,School Curriculum,8,Annual,Online,Completed,100.0,9903.87,4.7
STU14421,2023-06-03,2023,Jun,Nagpur,Tier 2,6-10,Female,Class 10 CBSE Complete,School Curriculum,10,Quarterly,Online,Active,92.9,4466.24,4.4
STU14653,2023-06-03,2023,Jun,Nagpur,Tier 2,18+,Female,Spoken English Mastery,Skill Development,All,Annual,Online,Active,23.8,4938.01,4.6
STU11185,2023-06-04,2023,Jun,Chennai,Tier 1,11-14,Male,Class 10 CBSE Complete,School Curriculum,10,Quarterly,Offline,Trial - Not Converted,5.0,0.0,
STU15435,2023-06-04,2023,Jun,Jaipur,Tier 2,6-10,Male,NEET Crash Course,Competitive Exam,11-12,Annual,Online,Trial - Not Converted,20.0,0.0,
STU10329,2023-06-04,2023,Jun,Kanpur,Tier 2,11-14,Female,Class 6 Foundation,School Curriculum,6,Annual,Offline,Completed,100.0,8006.68,3.6
STU14146,2023-06-04,2023,Jun,Delhi,Tier 1,11-14,Male,Coding for Kids - Scratch,Coding,3-5,Monthly,Online,Trial - Not Converted,12.9,0.0,
STU13007,2023-06-05,2023,Jun,Mumbai,Tier 1,15-17,Female,NEET Crash Course,Competitive Exam,11-12,Annual,Online,Completed,100.0,40906.3,4.2
STU11519,2023-06-05,2023,Jun,Jaipur,Tier 2,15-17,Male,UPSC Prelims Foundation,Competitive Exam,Graduate,Quarterly,Offline,Trial - Not Converted,16.7,0.0,
STU13062,2023-06-06,2023,Jun,Chennai,Tier 1,18+,Male,Class 10 CBSE Complete,School Curriculum,10,Annual,Online,Active,58.8,13946.94,3.4
STU12633,2023-06-06,2023,Jun,Jaipur,Tier 2,15-17,Male,Robotics & AI Basics,Coding,6-8,Annual,Offline,Active,33.7,12191.34,5.0
STU12670,2023-06-06,2023,Jun,Hyderabad,Tier 1,15-17,Male,Robotics & AI Basics,Coding,6-8,Quarterly,Online,Active,27.6,3527.49,4.0
STU15596,2023-06-06,2023,Jun,Mumbai,Tier 1,15-17,Male,Robotics & AI Basics,Coding,6-8,Monthly,Online,Active,24.5,1226.3,4.5
STU10596,2023-06-06,2023,Jun,Kolkata,Tier 1,15-17,Female,Spoken English Mastery,Skill Development,All,Annual,Online,Active,35.1,5136.71,4.3
STU14323,2023-06-06,2023,Jun,Mumbai,Tier 1,18+,Male,NEET Crash Course,Competitive Exam,11-12,Annual,Offline,Active,98.6,40248.11,5.0
STU11873,2023-06-06,2023,Jun,Chennai,Tier 1,18+,Female,NEET Crash Course,Competitive Exam,11-12,Annual,Offline,Completed,100.0,42272.68,3.7
STU11061,2023-06-06,2023,Jun,Pune,Tier 1,11-14,Male,Robotics & AI Basics,Coding,6-8,Annual,Online,Trial - Not Converted,5.9,0.0,
STU14590,2023-06-07,2023,Jun,Ahmedabad,Tier 1,18+,Female,Class 10 CBSE Complete,School Curriculum,10,Monthly,Offline,Active,73.2,1536.0,3.7
STU11309,2023-06-07,2023,Jun,Jaipur,Tier 2,18+,Female,Coding for Kids - Scratch,Coding,3-5,Annual,Online,Trial - Not Converted,17.9,0.0,
STU12069,2023-06-07,2023,Jun,Nagpur,Tier 2,15-17,Male,UPSC Prelims Foundation,Competitive Exam,Graduate,Annual,Online,Active,80.3,45051.06,3.3
STU13581,2023-06-07,2023,Jun,Chennai,Tier 1,15-17,Female,Robotics & AI Basics,Coding,6-8,Monthly,Online,Churned,17.3,1130.6,4.9
STU15975,2023-06-08,2023,Jun,Lucknow,Tier 2,6-10,Male,Class 6 Foundation,School Curriculum,6,Monthly,Offline,Completed,100.0,847.39,3.6
STU13256,2023-06-08,2023,Jun,Jodhpur,Tier 3,18+,Male,NEET Crash Course,Competitive Exam,11-12,Annual,Offline,Churned,53.1,43636.11,4.4
STU14333,2023-06-08,2023,Jun,Ranchi,Tier 3,15-17,Female,JEE Main Foundation,Competitive Exam,11-12,Monthly,Offline,Active,43.9,3616.09,5.0
STU13899,2023-06-08,2023,Jun,Ranchi,Tier 3,15-17,Female,Class 10 CBSE Complete,School Curriculum,10,Annual,Online,Completed,100.0,15238.56,4.0
STU11308,2023-06-08,2023,Jun,Patna,Tier 2,6-10,Female,NEET Crash Course,Competitive Exam,11-12,Quarterly,Offline,Active,38.5,12737.41,3.6
STU14690,2023-06-08,2023,Jun,Delhi,Tier 1,6-10,Male,Class 8 Maths & Science,School Curriculum,8,Quarterly,Online,Completed,100.0,2732.18,2.6
STU15850,2023-06-09,2023,Jun,Kota,Tier 3,18+,Male,NEET Crash Course,Competitive Exam,11-12,Quarterly,Offline,Churned,23.7,11800.71,4.3
STU10411,2023-06-09,2023,Jun,Bengaluru,Tier 1,6-10,Female,UPSC Prelims Foundation,Competitive Exam,Graduate,Annual,Offline,Active,24.6,48466.14,4.3
STU14132,2023-06-10,2023,Jun,Hyderabad,Tier 1,6-10,Male,Spoken English Mastery,Skill Development,All,Annual,Online,Active,21.4,5101.97,4.4
STU10362,2023-06-10,2023,Jun,Lucknow,Tier 2,11-14,Female,Class 10 CBSE Complete,School Curriculum,10,Quarterly,Online,Active,55.6,4177.49,5.0
STU15681,2023-06-10,2023,Jun,Pune,Tier 1,11-14,Male,Class 6 Foundation,School Curriculum,6,Monthly,Online,Completed,100.0,817.83,4.6
STU14512,2023-06-10,2023,Jun,Hyderabad,Tier 1,18+,Male,Class 8 Maths & Science,School Curriculum,8,Monthly,Online,Active,57.6,929.15,4.0
STU14047,2023-06-11,2023,Jun,Delhi,Tier 1,11-14,Female,NEET Crash Course,Competitive Exam,11-12,Annual,Online,Active,39.4,44902.67,4.5
STU14972,2023-06-11,2023,Jun,Chennai,Tier 1,18+,Female,Class 10 CBSE Complete,School Curriculum,10,Monthly,Offline,Active,22.1,1425.91,3.5
STU10510,2023-06-11,2023,Jun,Ahmedabad,Tier 1,15-17,Male,NEET Crash Course,Competitive Exam,11-12,Annual,Online,Active,71.7,44797.39,4.4
STU14241,2023-06-11,2023,Jun,Kolkata,Tier 1,6-10,Male,Spoken English Mastery,Skill Development,All,Monthly,Online,Churned,22.7,469.44,3.9
STU12341,2023-06-11,2023,Jun,Surat,Tier 2,15-17,Male,NEET Crash Course,Competitive Exam,11-12,Annual,Offline,Active,90.6,45377.42,3.9
STU11608,2023-06-13,2023,Jun,Lucknow,Tier 2,18+,Male,Spoken English Mastery,Skill Development,All,Annual,Online,Trial - Not Converted,13.3,0.0,
STU11261,2023-06-13,2023,Jun,Hyderabad,Tier 1,15-17,Male,UPSC Prelims Foundation,Competitive Exam,Graduate,Quarterly,Online,Trial - Not Converted,15.4,0.0,
STU13345,2023-06-13,2023,Jun,Pune,Tier 1,18+,Female,Spoken English Mastery,Skill Development,All,Annual,Online,Active,56.3,5015.58,4.7
STU15508,2023-06-13,2023,Jun,Bengaluru,Tier 1,6-10,Female,Coding for Kids - Scratch,Coding,3-5,Monthly,Online,Trial - Not Converted,4.2,0.0,
STU11134,2023-06-13,2023,Jun,Mumbai,Tier 1,18+,Female,JEE Main Foundation,Competitive Exam,11-12,Annual,Offline,Completed,100.0,33918.34,4.6
STU10975,2023-06-14,2023,Jun,Ahmedabad,Tier 1,6-10,Male,Robotics & AI Basics,Coding,6-8,Annual,Online,Completed,100.0,11861.4,4.3
STU13564,2023-06-14,2023,Jun,Lucknow,Tier 2,18+,Male,Robotics & AI Basics,Coding,6-8,Monthly,Online,Completed,100.0,1155.92,4.6
STU14234,2023-06-14,2023,Jun,Delhi,Tier 1,11-14,Female,Robotics & AI Basics,Coding,6-8,Annual,Online,Trial - Not Converted,11.8,0.0,
STU14160,2023-06-14,2023,Jun,Bengaluru,Tier 1,15-17,Male,Python for Beginners,Coding,6-8,Annual,Online,Completed,100.0,8118.71,4.1
STU10326,2023-06-14,2023,Jun,Hyderabad,Tier 1,6-10,Male,Class 10 CBSE Complete,School Curriculum,10,Quarterly,Online,Active,85.6,4260.55,3.4
STU15337,2023-06-15,2023,Jun,Meerut,Tier 3,18+,Male,Robotics & AI Basics,Coding,6-8,Annual,Online,Active,35.7,12971.58,3.9
STU13831,2023-06-15,2023,Jun,Kota,Tier 3,6-10,Female,Robotics & AI Basics,Coding,6-8,Monthly,Online,Active,64.6,1150.08,4.8
STU10425,2023-06-16,2023,Jun,Jodhpur,Tier 3,18+,Male,Robotics & AI Basics,Coding,6-8,Quarterly,Online,Completed,100.0,3829.03,3.8
STU12477,2023-06-16,2023,Jun,Pune,Tier 1,11-14,Female,UPSC Prelims Foundation,Competitive Exam,Graduate,Quarterly,Online,Trial - Not Converted,22.2,0.0,
STU10309,2023-06-16,2023,Jun,Bhopal,Tier 2,6-10,Male,UPSC Prelims Foundation,Competitive Exam,Graduate,Annual,Offline,Trial - Not Converted,21.8,0.0,
STU11622,2023-06-16,2023,Jun,Kolkata,Tier 1,18+,Male,Class 6 Foundation,School Curriculum,6,Monthly,Online,Churned,49.0,871.25,4.7
STU14594,2023-06-16,2023,Jun,Mumbai,Tier 1,11-14,Male,Python for Beginners,Coding,6-8,Quarterly,Online,Trial - Not Converted,3.3,0.0,
STU10660,2023-06-16,2023,Jun,Bengaluru,Tier 1,15-17,Male,Spoken English Mastery,Skill Development,All,Quarterly,Offline,Active,63.7,1366.31,4.2
STU13235,2023-06-16,2023,Jun,Bhopal,Tier 2,15-17,Female,Robotics & AI Basics,Coding,6-8,Monthly,Online,Trial - Not Converted,16.6,0.0,
STU15317,2023-06-17,2023,Jun,Jaipur,Tier 2,18+,Female,UPSC Prelims Foundation,Competitive Exam,Graduate,Monthly,Online,Active,39.5,5185.87,3.5
STU13370,2023-06-17,2023,Jun,Mumbai,Tier 1,15-17,Female,NEET Crash Course,Competitive Exam,11-12,Monthly,Offline,Active,97.4,3968.94,4.3
STU15050,2023-06-17,2023,Jun,Lucknow,Tier 2,15-17,Male,Robotics & AI Basics,Coding,6-8,Monthly,Offline,Completed,100.0,1267.09,5.0
STU10517,2023-06-17,2023,Jun,Nagpur,Tier 2,15-17,Male,Coding for Kids - Scratch,Coding,3-5,Quarterly,Online,Trial - Not Converted,15.5,0.0,
STU15424,2023-06-18,2023,Jun,Bhopal,Tier 2,18+,Female,Class 10 CBSE Complete,School Curriculum,10,Quarterly,Offline,Completed,100.0,4309.33,3.1
STU13441,2023-06-18,2023,Jun,Pune,Tier 1,11-14,Male,Class 8 Maths & Science,School Curriculum,8,Quarterly,Offline,Completed,100.0,2989.8,3.1
STU11166,2023-06-18,2023,Jun,Mumbai,Tier 1,11-14,Male,Python for Beginners,Coding,6-8,Annual,Online,Completed,100.0,8283.37,4.5
STU14085,2023-06-18,2023,Jun,Nagpur,Tier 2,11-14,Male,Spoken English Mastery,Skill Development,All,Annual,Online,Active,98.6,4880.28,3.9
STU12133,2023-06-19,2023,Jun,Bengaluru,Tier 1,11-14,Male,JEE Main Foundation,Competitive Exam,11-12,Annual,Online,Active,21.2,36057.58,3.5
STU12318,2023-06-19,2023,Jun,Hyderabad,Tier 1,6-10,Female,Class 6 Foundation,School Curriculum,6,Annual,Offline,Active,52.4,8545.33,4.4
STU13828,2023-06-19,2023,Jun,Patna,Tier 2,11-14,Male,Python for Beginners,Coding,6-8,Annual,Online,Active,32.4,7281.57,5.0
STU12085,2023-06-19,2023,Jun,Kolkata,Tier 1,6-10,Male,Spoken English Mastery,Skill Development,All,Annual,Online,Completed,100.0,4665.98,4.9
STU13841,2023-06-20,2023,Jun,Jaipur,Tier 2,18+,Female,NEET Crash Course,Competitive Exam,11-12,Monthly,Online,Active,28.6,4342.2,4.7
STU10608,2023-06-20,2023,Jun,Pune,Tier 1,6-10,Female,Spoken English Mastery,Skill Development,All,Quarterly,Online,Active,32.6,1522.1,3.8
STU12095,2023-06-20,2023,Jun,Kota,Tier 3,11-14,Female,Spoken English Mastery,Skill Development,All,Monthly,Online,Active,61.9,504.47,4.0
STU11188,2023-06-21,2023,Jun,Raipur,Tier 3,11-14,Female,Python for Beginners,Coding,6-8,Monthly,Offline,Active,68.5,735.58,3.7
STU12686,2023-06-21,2023,Jun,Kolkata,Tier 1,11-14,Male,Class 8 Maths & Science,School Curriculum,8,Annual,Online,Active,56.3,9837.43,5.0
STU12420,2023-06-21,2023,Jun,Varanasi,Tier 3,15-17,Male,Class 8 Maths & Science,School Curriculum,8,Annual,Online,Active,26.2,9961.45,4.9
STU15074,2023-06-21,2023,Jun,Nagpur,Tier 2,6-10,Male,Class 10 CBSE Complete,School Curriculum,10,Monthly,Online,Completed,100.0,1525.31,4.7
STU13255,2023-06-22,2023,Jun,Chennai,Tier 1,11-14,Male,UPSC Prelims Foundation,Competitive Exam,Graduate,Annual,Online,Trial - Not Converted,4.0,0.0,
STU10811,2023-06-22,2023,Jun,Chennai,Tier 1,15-17,Male,Coding for Kids - Scratch,Coding,3-5,Annual,Offline,Active,47.2,6558.08,4.6
STU15217,2023-06-22,2023,Jun,Pune,Tier 1,11-14,Male,Class 6 Foundation,School Curriculum,6,Monthly,Offline,Active,66.2,817.0,4.7
STU13919,2023-06-22,2023,Jun,Jodhpur,Tier 3,18+,Male,Class 8 Maths & Science,School Curriculum,8,Annual,Offline,Trial - Not Converted,7.3,0.0,
STU14976,2023-06-23,2023,Jun,Kanpur,Tier 2,6-10,Male,Coding for Kids - Scratch,Coding,3-5,Monthly,Online,Active,41.6,685.83,3.9
STU11214,2023-06-23,2023,Jun,Surat,Tier 2,6-10,Male,Class 8 Maths & Science,School Curriculum,8,Annual,Online,Active,21.6,10317.78,3.8
STU13737,2023-06-23,2023,Jun,Kolkata,Tier 1,6-10,Female,JEE Main Foundation,Competitive Exam,11-12,Annual,Online,Active,90.6,34902.32,4.2
STU12214,2023-06-24,2023,Jun,Lucknow,Tier 2,11-14,Female,NEET Crash Course,Competitive Exam,11-12,Monthly,Offline,Active,64.9,4159.67,3.5
STU13787,2023-06-24,2023,Jun,Kota,Tier 3,15-17,Female,Class 8 Maths & Science,School Curriculum,8,Annual,Online,Active,74.3,10216.19,4.1
STU15359,2023-06-24,2023,Jun,Delhi,Tier 1,15-17,Male,Class 10 CBSE Complete,School Curriculum,10,Annual,Offline,Churned,10.4,14995.39,4.2
STU10015,2023-06-24,2023,Jun,Hyderabad,Tier 1,15-17,Male,NEET Crash Course,Competitive Exam,11-12,Annual,Online,Active,74.7,42165.06,4.4
STU15836,2023-06-24,2023,Jun,Surat,Tier 2,6-10,Female,NEET Crash Course,Competitive Exam,11-12,Annual,Offline,Trial - Not Converted,8.0,0.0,
STU10502,2023-06-24,2023,Jun,Delhi,Tier 1,11-14,Female,NEET Crash Course,Competitive Exam,11-12,Monthly,Offline,Trial - Not Converted,4.2,0.0,
STU12219,2023-06-25,2023,Jun,Bengaluru,Tier 1,15-17,Male,Python for Beginners,Coding,6-8,Monthly,Online,Active,42.4,802.59,4.8
STU10734,2023-06-26,2023,Jun,Indore,Tier 2,6-10,Male,UPSC Prelims Foundation,Competitive Exam,Graduate,Annual,Online,Active,56.7,49851.11,5.0
STU12544,2023-06-26,2023,Jun,Jaipur,Tier 2,15-17,Male,JEE Main Foundation,Competitive Exam,11-12,Annual,Online,Trial - Not Converted,14.9,0.0,
STU14282,2023-06-26,2023,Jun,Delhi,Tier 1,11-14,Female,Class 6 Foundation,School Curriculum,6,Quarterly,Offline,Trial - Not Converted,22.6,0.0,
STU11307,2023-06-26,2023,Jun,Nagpur,Tier 2,11-14,Female,Class 6 Foundation,School Curriculum,6,Quarterly,Offline,Trial - Not Converted,21.2,0.0,
STU11445,2023-06-26,2023,Jun,Varanasi,Tier 3,6-10,Female,Class 10 CBSE Complete,School Curriculum,10,Quarterly,Online,Active,47.1,4110.78,3.5
STU12302,2023-06-26,2023,Jun,Kolkata,Tier 1,6-10,Male,Coding for Kids - Scratch,Coding,3-5,Annual,Online,Active,63.1,6206.32,4.1
STU13230,2023-06-27,2023,Jun,Meerut,Tier 3,11-14,Female,JEE Main Foundation,Competitive Exam,11-12,Annual,Offline,Trial - Not Converted,16.9,0.0,
STU10787,2023-06-27,2023,Jun,Bhopal,Tier 2,6-10,Female,Class 10 CBSE Complete,School Curriculum,10,Annual,Offline,Trial - Not Converted,16.3,0.0,
STU10703,2023-06-27,2023,Jun,Varanasi,Tier 3,11-14,Female,UPSC Prelims Foundation,Competitive Exam,Graduate,Monthly,Online,Active,50.4,5019.41,4.4
STU13402,2023-06-27,2023,Jun,Bengaluru,Tier 1,11-14,Male,Class 8 Maths & Science,School Curriculum,8,Annual,Offline,Completed,100.0,9417.37,3.7
STU14233,2023-06-28,2023,Jun,Chennai,Tier 1,18+,Male,Class 10 CBSE Complete,School Curriculum,10,Monthly,Offline,Active,80.4,1534.92,4.8
STU15782,2023-06-28,2023,Jun,Hyderabad,Tier 1,11-14,Female,NEET Crash Course,Competitive Exam,11-12,Annual,Offline,Active,39.8,39203.14,4.1
STU12094,2023-06-28,2023,Jun,Kolkata,Tier 1,15-17,Male,NEET Crash Course,Competitive Exam,11-12,Monthly,Offline,Trial - Not Converted,14.5,0.0,
STU13865,2023-06-28,2023,Jun,Bhopal,Tier 2,11-14,Female,Python for Beginners,Coding,6-8,Monthly,Online,Churned,41.8,810.38,4.4
STU10281,2023-06-28,2023,Jun,Hyderabad,Tier 1,6-10,Female,Class 8 Maths & Science,School Curriculum,8,Annual,Offline,Active,47.8,9045.26,4.9
STU14990,2023-06-28,2023,Jun,Bengaluru,Tier 1,6-10,Female,Class 8 Maths & Science,School Curriculum,8,Annual,Online,Trial - Not Converted,6.4,0.0,
STU14475,2023-06-29,2023,Jun,Bengaluru,Tier 1,15-17,Male,Robotics & AI Basics,Coding,6-8,Monthly,Online,Churned,38.5,1277.83,5.0
STU15611,2023-06-29,2023,Jun,Patna,Tier 2,11-14,Male,Spoken English Mastery,Skill Development,All,Annual,Online,Trial - Not Converted,11.2,0.0,
STU10335,2023-06-29,2023,Jun,Jaipur,Tier 2,11-14,Male,JEE Main Foundation,Competitive Exam,11-12,Monthly,Online,Trial - Not Converted,1.1,0.0,
STU14380,2023-06-29,2023,Jun,Nagpur,Tier 2,18+,Female,UPSC Prelims Foundation,Competitive Exam,Graduate,Annual,Offline,Active,88.9,51115.38,5.0
STU12452,2023-06-30,2023,Jun,Nagpur,Tier 2,15-17,Male,Class 6 Foundation,School Curriculum,6,Annual,Online,Active,49.4,8128.75,5.0
STU15553,2023-06-30,2023,Jun,Lucknow,Tier 2,6-10,Male,UPSC Prelims Foundation,Competitive Exam,Graduate,Annual,Offline,Completed,100.0,51910.79,5.0
STU10183,2023-06-30,2023,Jun,Bengaluru,Tier 1,6-10,Male,Spoken English Mastery,Skill Development,All,Annual,Online,Active,31.6,5006.76,4.2
STU13560,2023-06-30,2023,Jun,Delhi,Tier 1,11-14,Male,JEE Main Foundation,Competitive Exam,11-12,Monthly,Online,Active,57.4,3830.73,4.1
STU10155,2023-07-01,2023,Jul,Chennai,Tier 1,11-14,Male,Spoken English Mastery,Skill Development,All,Annual,Online,Churned,58.6,4877.95,4.2
STU11935,2023-07-01,2023,Jul,Hyderabad,Tier 1,15-17,Female,Robotics & AI Basics,Coding,6-8,Quarterly,Online,Completed,100.0,3644.36,3.7
STU14457,2023-07-01,2023,Jul,Jaipur,Tier 2,18+,Male,Python for Beginners,Coding,6-8,Annual,Online,Active,91.6,7917.45,4.0
STU11801,2023-07-01,2023,Jul,Ahmedabad,Tier 1,6-10,Male,Python for Beginners,Coding,6-8,Annual,Online,Completed,100.0,7958.2,3.9
STU11790,2023-07-02,2023,Jul,Nagpur,Tier 2,18+,Female,Class 6 Foundation,School Curriculum,6,Annual,Offline,Completed,100.0,7520.16,4.1
STU11191,2023-07-02,2023,Jul,Jaipur,Tier 2,15-17,Female,Robotics & AI Basics,Coding,6-8,Quarterly,Online,Churned,17.7,3906.51,3.6
STU12747,2023-07-02,2023,Jul,Jaipur,Tier 2,6-10,Male,Class 8 Maths & Science,School Curriculum,8,Annual,Online,Churned,33.2,9863.36,4.8
STU12816,2023-07-02,2023,Jul,Bhopal,Tier 2,18+,Male,Python for Beginners,Coding,6-8,Annual,Online,Active,65.7,7645.8,4.8
STU15213,2023-07-03,2023,Jul,Kolkata,Tier 1,15-17,Male,Class 8 Maths & Science,School Curriculum,8,Quarterly,Online,Completed,100.0,2714.36,3.7
STU11939,2023-07-03,2023,Jul,Mumbai,Tier 1,15-17,Female,Python for Beginners,Coding,6-8,Annual,Online,Active,62.8,8273.98,5.0
STU10813,2023-07-03,2023,Jul,Kolkata,Tier 1,11-14,Male,JEE Main Foundation,Competitive Exam,11-12,Annual,Online,Active,91.2,38865.0,4.3
STU14942,2023-07-04,2023,Jul,Chennai,Tier 1,18+,Female,UPSC Prelims Foundation,Competitive Exam,Graduate,Monthly,Offline,Completed,100.0,4515.42,3.6
STU12515,2023-07-04,2023,Jul,Jaipur,Tier 2,15-17,Female,Spoken English Mastery,Skill Development,All,Monthly,Online,Active,33.5,481.39,4.0
STU10177,2023-07-04,2023,Jul,Delhi,Tier 1,18+,Male,Robotics & AI Basics,Coding,6-8,Annual,Online,Active,68.0,11920.01,4.3
STU15574,2023-07-04,2023,Jul,Mumbai,Tier 1,6-10,Male,Coding for Kids - Scratch,Coding,3-5,Annual,Online,Completed,100.0,6046.27,3.9
STU11597,2023-07-05,2023,Jul,Indore,Tier 2,6-10,Male,Coding for Kids - Scratch,Coding,3-5,Monthly,Online,Active,73.1,692.93,3.4
STU10994,2023-07-06,2023,Jul,Guwahati,Tier 3,18+,Male,Robotics & AI Basics,Coding,6-8,Annual,Online,Active,47.1,12521.1,3.6
STU10865,2023-07-06,2023,Jul,Lucknow,Tier 2,18+,Male,Class 8 Maths & Science,School Curriculum,8,Annual,Online,Active,21.5,9948.85,5.0
STU15948,2023-07-06,2023,Jul,Pune,Tier 1,6-10,Female,JEE Main Foundation,Competitive Exam,11-12,Quarterly,Online,Completed,100.0,10827.74,4.6
STU15006,2023-07-06,2023,Jul,Kota,Tier 3,11-14,Female,Class 8 Maths & Science,School Curriculum,8,Quarterly,Offline,Active,64.9,2759.78,4.7
STU12154,2023-07-06,2023,Jul,Hyderabad,Tier 1,6-10,Male,NEET Crash Course,Competitive Exam,11-12,Monthly,Offline,Active,63.3,3926.63,3.7
STU10307,2023-07-06,2023,Jul,Bengaluru,Tier 1,11-14,Female,Coding for Kids - Scratch,Coding,3-5,Annual,Online,Completed,100.0,6494.4,4.9
STU12694,2023-07-06,2023,Jul,Pune,Tier 1,11-14,Male,Class 8 Maths & Science,School Curriculum,8,Annual,Online,Trial - Not Converted,1.0,0.0,
STU11466,2023-07-07,2023,Jul,Hyderabad,Tier 1,6-10,Male,Spoken English Mastery,Skill Development,All,Monthly,Offline,Active,91.5,472.91,4.3
STU10216,2023-07-07,2023,Jul,Mumbai,Tier 1,18+,Male,UPSC Prelims Foundation,Competitive Exam,Graduate,Annual,Online,Completed,100.0,51246.55,4.5
STU14596,2023-07-07,2023,Jul,Hyderabad,Tier 1,18+,Female,Robotics & AI Basics,Coding,6-8,Monthly,Online,Active,46.6,1249.49,4.5
STU12980,2023-07-07,2023,Jul,Mumbai,Tier 1,6-10,Female,Class 6 Foundation,School Curriculum,6,Annual,Offline,Active,97.6,8390.55,3.6
STU10463,2023-07-07,2023,Jul,Jodhpur,Tier 3,11-14,Male,Robotics & AI Basics,Coding,6-8,Annual,Online,Churned,20.6,13107.45,3.3
STU15902,2023-07-08,2023,Jul,Kolkata,Tier 1,15-17,Male,Class 8 Maths & Science,School Curriculum,8,Annual,Offline,Active,24.3,9577.8,2.9
STU12884,2023-07-08,2023,Jul,Indore,Tier 2,15-17,Female,NEET Crash Course,Competitive Exam,11-12,Annual,Online,Active,95.2,41431.43,4.5
STU14203,2023-07-08,2023,Jul,Jaipur,Tier 2,15-17,Male,Class 10 CBSE Complete,School Curriculum,10,Annual,Online,Churned,53.6,13620.12,3.0
STU12002,2023-07-08,2023,Jul,Jaipur,Tier 2,15-17,Female,UPSC Prelims Foundation,Competitive Exam,Graduate,Annual,Offline,Active,82.6,47715.29,3.6
STU14526,2023-07-08,2023,Jul,Kanpur,Tier 2,18+,Female,Class 6 Foundation,School Curriculum,6,Quarterly,Online,Churned,17.5,2372.08,5.0
STU11285,2023-07-08,2023,Jul,Pune,Tier 1,18+,Female,Spoken English Mastery,Skill Development,All,Annual,Online,Active,64.9,5015.88,3.8
STU12605,2023-07-08,2023,Jul,Varanasi,Tier 3,6-10,Female,UPSC Prelims Foundation,Competitive Exam,Graduate,Monthly,Online,Completed,100.0,5054.09,5.0
STU15601,2023-07-08,2023,Jul,Varanasi,Tier 3,11-14,Male,JEE Main Foundation,Competitive Exam,11-12,Quarterly,Online,Completed,100.0,11727.31,4.9
STU11884,2023-07-09,2023,Jul,Ahmedabad,Tier 1,15-17,Female,Spoken English Mastery,Skill Development,All,Annual,Online,Trial - Not Converted,11.5,0.0,
STU10006,2023-07-09,2023,Jul,Ahmedabad,Tier 1,6-10,Female,Coding for Kids - Scratch,Coding,3-5,Annual,Online,Active,52.9,6717.44,5.0
STU12637,2023-07-09,2023,Jul,Delhi,Tier 1,11-14,Male,NEET Crash Course,Competitive Exam,11-12,Annual,Offline,Trial - Not Converted,21.5,0.0,
STU12197,2023-07-09,2023,Jul,Ranchi,Tier 3,15-17,Male,Spoken English Mastery,Skill Development,All,Annual,Offline,Active,38.4,5146.06,3.5
STU15723,2023-07-10,2023,Jul,Kolkata,Tier 1,11-14,Female,UPSC Prelims Foundation,Competitive Exam,Graduate,Monthly,Online,Active,96.5,4632.36,4.1
STU13506,2023-07-10,2023,Jul,Indore,Tier 2,18+,Male,Python for Beginners,Coding,6-8,Annual,Online,Completed,100.0,7610.0,4.3
STU12913,2023-07-10,2023,Jul,Bengaluru,Tier 1,11-14,Male,Class 6 Foundation,School Curriculum,6,Quarterly,Offline,Trial - Not Converted,20.4,0.0,
STU14328,2023-07-10,2023,Jul,Hyderabad,Tier 1,18+,Male,Class 8 Maths & Science,School Curriculum,8,Annual,Offline,Active,89.7,10365.1,3.8
STU15374,2023-07-12,2023,Jul,Patna,Tier 2,11-14,Female,NEET Crash Course,Competitive Exam,11-12,Annual,Offline,Active,35.0,43125.78,5.0
STU11216,2023-07-12,2023,Jul,Chennai,Tier 1,18+,Male,Python for Beginners,Coding,6-8,Annual,Online,Active,43.5,7524.92,4.3
STU10791,2023-07-12,2023,Jul,Kolkata,Tier 1,11-14,Male,Python for Beginners,Coding,6-8,Monthly,Online,Churned,59.9,756.38,3.9
STU11444,2023-07-13,2023,Jul,Chennai,Tier 1,18+,Male,Class 10 CBSE Complete,School Curriculum,10,Annual,Online,Active,55.3,14132.48,4.8
STU10066,2023-07-13,2023,Jul,Kanpur,Tier 2,6-10,Female,Python for Beginners,Coding,6-8,Annual,Offline,Trial - Not Converted,24.5,0.0,
STU10440,2023-07-14,2023,Jul,Delhi,Tier 1,18+,Male,Spoken English Mastery,Skill Development,All,Annual,Online,Active,98.2,5016.22,5.0
STU13924,2023-07-14,2023,Jul,Surat,Tier 2,6-10,Female,UPSC Prelims Foundation,Competitive Exam,Graduate,Annual,Offline,Completed,100.0,49621.17,5.0
STU15727,2023-07-14,2023,Jul,Chennai,Tier 1,6-10,Female,Class 8 Maths & Science,School Curriculum,8,Annual,Offline,Active,95.8,9174.73,4.3
STU15497,2023-07-15,2023,Jul,Chennai,Tier 1,11-14,Male,Spoken English Mastery,Skill Development,All,Quarterly,Online,Completed,100.0,1411.61,5.0
STU15789,2023-07-15,2023,Jul,Indore,Tier 2,11-14,Male,Spoken English Mastery,Skill Development,All,Annual,Online,Trial - Not Converted,15.7,0.0,
STU13213,2023-07-15,2023,Jul,Ahmedabad,Tier 1,6-10,Male,UPSC Prelims Foundation,Competitive Exam,Graduate,Quarterly,Offline,Churned,57.5,15623.74,3.8
STU15734,2023-07-15,2023,Jul,Raipur,Tier 3,11-14,Male,Python for Beginners,Coding,6-8,Quarterly,Online,Completed,100.0,2407.22,4.4
STU15663,2023-07-15,2023,Jul,Kota,Tier 3,18+,Male,JEE Main Foundation,Competitive Exam,11-12,Annual,Offline,Active,36.4,38132.45,3.9
STU13955,2023-07-15,2023,Jul,Chennai,Tier 1,18+,Female,Robotics & AI Basics,Coding,6-8,Annual,Offline,Trial - Not Converted,19.2,0.0,
STU11267,2023-07-15,2023,Jul,Delhi,Tier 1,11-14,Female,Class 6 Foundation,School Curriculum,6,Annual,Online,Active,50.2,8148.13,5.0
STU15084,2023-07-15,2023,Jul,Ahmedabad,Tier 1,6-10,Male,Coding for Kids - Scratch,Coding,3-5,Annual,Online,Churned,34.6,6291.31,4.2
STU11464,2023-07-15,2023,Jul,Jodhpur,Tier 3,18+,Male,Class 8 Maths & Science,School Curriculum,8,Annual,Online,Churned,14.9,9870.09,4.0
STU11351,2023-07-15,2023,Jul,Lucknow,Tier 2,6-10,Female,NEET Crash Course,Competitive Exam,11-12,Quarterly,Offline,Active,75.6,11727.29,3.5
STU15700,2023-07-15,2023,Jul,Indore,Tier 2,15-17,Female,JEE Main Foundation,Competitive Exam,11-12,Monthly,Offline,Active,60.8,3557.28,4.6
STU11271,2023-07-16,2023,Jul,Nagpur,Tier 2,15-17,Male,UPSC Prelims Foundation,Competitive Exam,Graduate,Annual,Offline,Active,45.0,52320.81,4.2
STU13789,2023-07-16,2023,Jul,Mumbai,Tier 1,11-14,Female,Class 8 Maths & Science,School Curriculum,8,Annual,Online,Active,56.1,10455.87,5.0
STU10550,2023-07-16,2023,Jul,Pune,Tier 1,18+,Female,Coding for Kids - Scratch,Coding,3-5,Monthly,Online,Completed,100.0,601.82,4.1
STU12076,2023-07-16,2023,Jul,Kanpur,Tier 2,18+,Male,NEET Crash Course,Competitive Exam,11-12,Quarterly,Offline,Churned,56.7,12404.61,4.1
STU15777,2023-07-16,2023,Jul,Delhi,Tier 1,15-17,Male,Class 6 Foundation,School Curriculum,6,Monthly,Online,Completed,100.0,754.44,5.0
STU13433,2023-07-16,2023,Jul,Lucknow,Tier 2,6-10,Male,JEE Main Foundation,Competitive Exam,11-12,Monthly,Offline,Trial - Not Converted,6.2,0.0,
STU10892,2023-07-16,2023,Jul,Jodhpur,Tier 3,11-14,Female,UPSC Prelims Foundation,Competitive Exam,Graduate,Annual,Online,Completed,100.0,48914.69,3.7
STU13657,2023-07-16,2023,Jul,Raipur,Tier 3,15-17,Male,Spoken English Mastery,Skill Development,All,Quarterly,Online,Trial - Not Converted,19.4,0.0,
STU12465,2023-07-16,2023,Jul,Ranchi,Tier 3,6-10,Male,Python for Beginners,Coding,6-8,Monthly,Online,Active,84.4,732.56,3.7
STU11757,2023-07-17,2023,Jul,Chennai,Tier 1,11-14,Female,Python for Beginners,Coding,6-8,Annual,Offline,Trial - Not Converted,5.2,0.0,
STU15432,2023-07-17,2023,Jul,Bengaluru,Tier 1,11-14,Male,JEE Main Foundation,Competitive Exam,11-12,Annual,Online,Trial - Not Converted,4.6,0.0,
STU13648,2023-07-17,2023,Jul,Lucknow,Tier 2,6-10,Male,Class 10 CBSE Complete,School Curriculum,10,Annual,Offline,Active,39.5,14807.0,4.7
STU13801,2023-07-17,2023,Jul,Patna,Tier 2,11-14,Male,Spoken English Mastery,Skill Development,All,Monthly,Online,Active,63.3,485.03,4.5
STU13379,2023-07-18,2023,Jul,Pune,Tier 1,18+,Female,Class 6 Foundation,School Curriculum,6,Monthly,Offline,Active,34.2,792.77,3.7
STU14278,2023-07-18,2023,Jul,Bhopal,Tier 2,15-17,Male,Class 8 Maths & Science,School Curriculum,8,Annual,Online,Trial - Not Converted,11.1,0.0,
STU10493,2023-07-19,2023,Jul,Jaipur,Tier 2,15-17,Female,Python for Beginners,Coding,6-8,Annual,Online,Active,80.6,7452.61,5.0
STU12846,2023-07-19,2023,Jul,Hyderabad,Tier 1,18+,Male,JEE Main Foundation,Competitive Exam,11-12,Monthly,Online,Active,37.6,3754.73,3.7
STU15504,2023-07-19,2023,Jul,Mumbai,Tier 1,15-17,Male,Robotics & AI Basics,Coding,6-8,Annual,Online,Trial - Not Converted,24.4,0.0,
STU14807,2023-07-19,2023,Jul,Ranchi,Tier 3,18+,Female,NEET Crash Course,Competitive Exam,11-12,Annual,Offline,Active,46.8,40230.96,4.3
STU11759,2023-07-20,2023,Jul,Pune,Tier 1,18+,Male,Class 10 CBSE Complete,School Curriculum,10,Quarterly,Online,Trial - Not Converted,5.5,0.0,
STU15438,2023-07-20,2023,Jul,Delhi,Tier 1,15-17,Male,Robotics & AI Basics,Coding,6-8,Monthly,Online,Trial - Not Converted,3.2,0.0,
STU14191,2023-07-20,2023,Jul,Jaipur,Tier 2,11-14,Male,Coding for Kids - Scratch,Coding,3-5,Monthly,Offline,Active,34.8,631.77,3.0
STU13664,2023-07-20,2023,Jul,Patna,Tier 2,11-14,Female,JEE Main Foundation,Competitive Exam,11-12,Annual,Offline,Active,74.7,34220.44,4.1
STU14931,2023-07-21,2023,Jul,Kanpur,Tier 2,11-14,Female,NEET Crash Course,Competitive Exam,11-12,Annual,Online,Completed,100.0,42333.57,4.5
STU14136,2023-07-21,2023,Jul,Kolkata,Tier 1,15-17,Female,Coding for Kids - Scratch,Coding,3-5,Annual,Online,Active,74.4,6516.28,4.0
STU14441,2023-07-21,2023,Jul,Meerut,Tier 3,11-14,Male,Spoken English Mastery,Skill Development,All,Annual,Online,Active,24.9,4914.17,4.1
STU10060,2023-07-21,2023,Jul,Jaipur,Tier 2,18+,Male,Robotics & AI Basics,Coding,6-8,Annual,Online,Trial - Not Converted,20.4,0.0,
STU15828,2023-07-21,2023,Jul,Jaipur,Tier 2,11-14,Male,Class 10 CBSE Complete,School Curriculum,10,Annual,Online,Active,64.0,14227.95,5.0
STU14712,2023-07-21,2023,Jul,Raipur,Tier 3,15-17,Female,NEET Crash Course,Competitive Exam,11-12,Quarterly,Online,Active,52.6,13591.49,4.8
STU15120,2023-07-22,2023,Jul,Surat,Tier 2,15-17,Female,Class 6 Foundation,School Curriculum,6,Monthly,Online,Active,76.6,833.48,3.6
STU11072,2023-07-22,2023,Jul,Kolkata,Tier 1,15-17,Female,Class 10 CBSE Complete,School Curriculum,10,Annual,Offline,Completed,100.0,15251.45,3.6
STU15607,2023-07-22,2023,Jul,Pune,Tier 1,15-17,Male,Python for Beginners,Coding,6-8,Quarterly,Online,Active,50.7,2161.6,3.7
STU10152,2023-07-22,2023,Jul,Hyderabad,Tier 1,6-10,Female,JEE Main Foundation,Competitive Exam,11-12,Annual,Offline,Active,68.1,36995.24,3.7
STU15582,2023-07-22,2023,Jul,Patna,Tier 2,6-10,Male,JEE Main Foundation,Competitive Exam,11-12,Monthly,Online,Completed,100.0,3602.56,4.6
STU13555,2023-07-23,2023,Jul,Ahmedabad,Tier 1,11-14,Male,Class 10 CBSE Complete,School Curriculum,10,Annual,Online,Active,85.5,14468.27,3.1
STU10571,2023-07-24,2023,Jul,Pune,Tier 1,15-17,Male,Coding for Kids - Scratch,Coding,3-5,Annual,Online,Trial - Not Converted,19.2,0.0,
STU11248,2023-07-24,2023,Jul,Bhopal,Tier 2,18+,Male,Class 10 CBSE Complete,School Curriculum,10,Annual,Offline,Active,57.0,15363.58,4.4
STU15525,2023-07-24,2023,Jul,Kota,Tier 3,11-14,Male,Class 6 Foundation,School Curriculum,6,Annual,Offline,Active,62.4,8317.48,3.9
STU12070,2023-07-24,2023,Jul,Varanasi,Tier 3,18+,Female,Class 10 CBSE Complete,School Curriculum,10,Annual,Offline,Active,67.4,15601.35,3.7
STU13387,2023-07-25,2023,Jul,Guwahati,Tier 3,15-17,Male,Class 6 Foundation,School Curriculum,6,Monthly,Offline,Active,53.2,775.27,5.0
STU13236,2023-07-25,2023,Jul,Pune,Tier 1,11-14,Female,NEET Crash Course,Competitive Exam,11-12,Monthly,Online,Active,72.8,4521.24,4.6
STU11948,2023-07-26,2023,Jul,Raipur,Tier 3,11-14,Male,Class 10 CBSE Complete,School Curriculum,10,Annual,Offline,Trial - Not Converted,7.3,0.0,
STU14374,2023-07-26,2023,Jul,Jodhpur,Tier 3,15-17,Female,NEET Crash Course,Competitive Exam,11-12,Annual,Online,Churned,39.3,44719.1,4.4
STU12983,2023-07-26,2023,Jul,Pune,Tier 1,15-17,Female,Python for Beginners,Coding,6-8,Annual,Online,Churned,17.6,7154.5,3.6
STU10365,2023-07-27,2023,Jul,Bengaluru,Tier 1,18+,Female,Class 6 Foundation,School Curriculum,6,Annual,Online,Active,35.0,8360.32,4.5
STU12138,2023-07-27,2023,Jul,Nagpur,Tier 2,18+,Male,Class 6 Foundation,School Curriculum,6,Quarterly,Online,Active,42.9,2279.82,4.0
STU15783,2023-07-27,2023,Jul,Mumbai,Tier 1,6-10,Female,Spoken English Mastery,Skill Development,All,Quarterly,Online,Trial - Not Converted,21.7,0.0,
STU15660,2023-07-27,2023,Jul,Raipur,Tier 3,11-14,Male,Class 10 CBSE Complete,School Curriculum,10,Annual,Offline,Completed,100.0,15098.8,3.3
STU11393,2023-07-27,2023,Jul,Lucknow,Tier 2,6-10,Female,Python for Beginners,Coding,6-8,Annual,Online,Active,85.6,7920.92,4.5
STU13809,2023-07-28,2023,Jul,Bhopal,Tier 2,11-14,Female,NEET Crash Course,Competitive Exam,11-12,Monthly,Online,Churned,50.5,4448.01,4.5
STU15406,2023-07-28,2023,Jul,Mumbai,Tier 1,6-10,Male,Class 8 Maths & Science,School Curriculum,8,Quarterly,Online,Active,23.7,2722.31,3.9
STU10275,2023-07-28,2023,Jul,Patna,Tier 2,11-14,Male,Python for Beginners,Coding,6-8,Annual,Online,Active,30.2,8298.78,4.8
STU15003,2023-07-29,2023,Jul,Jodhpur,Tier 3,15-17,Female,Class 8 Maths & Science,School Curriculum,8,Annual,Offline,Trial - Not Converted,17.2,0.0,
STU14172,2023-07-29,2023,Jul,Nagpur,Tier 2,15-17,Male,Robotics & AI Basics,Coding,6-8,Annual,Online,Churned,57.7,11622.05,4.7
STU10620,2023-07-29,2023,Jul,Varanasi,Tier 3,6-10,Male,Class 8 Maths & Science,School Curriculum,8,Monthly,Online,Active,49.9,1003.29,5.0
STU13354,2023-07-29,2023,Jul,Lucknow,Tier 2,15-17,Male,Class 6 Foundation,School Curriculum,6,Annual,Offline,Active,90.9,7688.66,4.6
STU10047,2023-07-30,2023,Jul,Ahmedabad,Tier 1,11-14,Male,Class 6 Foundation,School Curriculum,6,Quarterly,Online,Active,33.0,2574.04,5.0
STU14817,2023-07-30,2023,Jul,Ahmedabad,Tier 1,11-14,Male,Python for Beginners,Coding,6-8,Quarterly,Online,Completed,100.0,2491.6,4.0
STU14636,2023-07-30,2023,Jul,Chennai,Tier 1,15-17,Male,Python for Beginners,Coding,6-8,Annual,Online,Active,69.1,8010.89,4.0
STU15178,2023-07-30,2023,Jul,Patna,Tier 2,6-10,Male,Coding for Kids - Scratch,Coding,3-5,Annual,Online,Completed,100.0,6857.38,4.2
STU14422,2023-07-30,2023,Jul,Lucknow,Tier 2,6-10,Male,Spoken English Mastery,Skill Development,All,Annual,Offline,Churned,30.5,4686.93,3.3
STU10743,2023-07-30,2023,Jul,Hyderabad,Tier 1,11-14,Male,Python for Beginners,Coding,6-8,Quarterly,Online,Active,44.9,2449.39,3.9
STU10020,2023-07-30,2023,Jul,Hyderabad,Tier 1,6-10,Female,Class 6 Foundation,School Curriculum,6,Monthly,Online,Completed,100.0,778.93,4.9
STU12315,2023-07-31,2023,Jul,Varanasi,Tier 3,6-10,Male,NEET Crash Course,Competitive Exam,11-12,Annual,Offline,Active,65.3,41296.99,4.0
STU10603,2023-07-31,2023,Jul,Kolkata,Tier 1,15-17,Male,Spoken English Mastery,Skill Development,All,Monthly,Online,Churned,57.0,510.03,4.0
STU15678,2023-08-01,2023,Aug,Delhi,Tier 1,18+,Male,Robotics & AI Basics,Coding,6-8,Monthly,Offline,Churned,22.9,1218.69,4.6
STU13190,2023-08-01,2023,Aug,Kolkata,Tier 1,11-14,Male,NEET Crash Course,Competitive Exam,11-12,Annual,Offline,Active,90.6,41178.44,4.2
STU10456,2023-08-01,2023,Aug,Ranchi,Tier 3,11-14,Male,Class 10 CBSE Complete,School Curriculum,10,Annual,Online,Active,84.3,13613.42,3.7
STU10277,2023-08-01,2023,Aug,Patna,Tier 2,11-14,Female,UPSC Prelims Foundation,Competitive Exam,Graduate,Annual,Online,Active,36.7,45759.35,3.8
STU12757,2023-08-02,2023,Aug,Jaipur,Tier 2,15-17,Male,NEET Crash Course,Competitive Exam,11-12,Monthly,Offline,Active,69.7,3989.27,3.8
STU14702,2023-08-02,2023,Aug,Bengaluru,Tier 1,11-14,Female,NEET Crash Course,Competitive Exam,11-12,Monthly,Online,Active,53.5,4240.09,3.8
STU10042,2023-08-03,2023,Aug,Ranchi,Tier 3,11-14,Female,Robotics & AI Basics,Coding,6-8,Annual,Online,Completed,100.0,11514.34,4.2
STU10359,2023-08-03,2023,Aug,Bengaluru,Tier 1,6-10,Male,Spoken English Mastery,Skill Development,All,Monthly,Online,Completed,100.0,470.8,4.6
STU10831,2023-08-03,2023,Aug,Nagpur,Tier 2,6-10,Male,UPSC Prelims Foundation,Competitive Exam,Graduate,Annual,Offline,Active,63.5,47315.01,3.5
STU12595,2023-08-03,2023,Aug,Indore,Tier 2,6-10,Male,JEE Main Foundation,Competitive Exam,11-12,Quarterly,Offline,Trial - Not Converted,21.2,0.0,
STU14442,2023-08-03,2023,Aug,Nagpur,Tier 2,15-17,Female,Robotics & AI Basics,Coding,6-8,Quarterly,Online,Churned,44.5,3409.71,3.8
STU14365,2023-08-03,2023,Aug,Guwahati,Tier 3,11-14,Male,Robotics & AI Basics,Coding,6-8,Annual,Online,Active,74.4,11489.03,5.0
STU15150,2023-08-03,2023,Aug,Kota,Tier 3,11-14,Male,Class 10 CBSE Complete,School Curriculum,10,Monthly,Online,Churned,58.8,1462.21,3.5
STU12976,2023-08-03,2023,Aug,Kota,Tier 3,18+,Male,NEET Crash Course,Competitive Exam,11-12,Annual,Offline,Completed,100.0,41540.57,4.3
STU12468,2023-08-04,2023,Aug,Varanasi,Tier 3,18+,Female,NEET Crash Course,Competitive Exam,11-12,Annual,Online,Trial - Not Converted,24.8,0.0,
STU12716,2023-08-04,2023,Aug,Ahmedabad,Tier 1,6-10,Female,UPSC Prelims Foundation,Competitive Exam,Graduate,Annual,Offline,Active,84.3,51130.66,3.6
STU15493,2023-08-04,2023,Aug,Raipur,Tier 3,11-14,Female,Class 6 Foundation,School Curriculum,6,Monthly,Offline,Trial - Not Converted,20.6,0.0,
STU14756,2023-08-05,2023,Aug,Surat,Tier 2,11-14,Female,Python for Beginners,Coding,6-8,Quarterly,Offline,Active,87.7,2170.31,3.6
STU11904,2023-08-05,2023,Aug,Kanpur,Tier 2,11-14,Female,Class 6 Foundation,School Curriculum,6,Annual,Online,Active,61.7,8388.58,2.7
STU13225,2023-08-05,2023,Aug,Chennai,Tier 1,6-10,Male,Spoken English Mastery,Skill Development,All,Quarterly,Online,Churned,46.1,1434.85,5.0
STU12377,2023-08-05,2023,Aug,Surat,Tier 2,18+,Male,Python for Beginners,Coding,6-8,Annual,Online,Active,56.2,7824.03,3.5
STU12726,2023-08-05,2023,Aug,Kolkata,Tier 1,18+,Female,Spoken English Mastery,Skill Development,All,Annual,Online,Active,32.4,4809.63,4.6
STU12509,2023-08-06,2023,Aug,Ahmedabad,Tier 1,18+,Female,JEE Main Foundation,Competitive Exam,11-12,Annual,Online,Active,53.3,34522.52,4.8
STU12398,2023-08-06,2023,Aug,Delhi,Tier 1,6-10,Female,Class 6 Foundation,School Curriculum,6,Quarterly,Offline,Trial - Not Converted,4.9,0.0,
STU11358,2023-08-07,2023,Aug,Indore,Tier 2,15-17,Male,JEE Main Foundation,Competitive Exam,11-12,Annual,Online,Active,49.4,36862.95,5.0
STU13497,2023-08-07,2023,Aug,Ahmedabad,Tier 1,6-10,Female,Python for Beginners,Coding,6-8,Annual,Online,Active,76.2,7717.74,3.8
STU10029,2023-08-08,2023,Aug,Kanpur,Tier 2,6-10,Male,Robotics & AI Basics,Coding,6-8,Quarterly,Online,Trial - Not Converted,24.7,0.0,
STU15834,2023-08-08,2023,Aug,Bengaluru,Tier 1,11-14,Male,Python for Beginners,Coding,6-8,Quarterly,Online,Completed,100.0,2484.16,3.1
STU10604,2023-08-08,2023,Aug,Bengaluru,Tier 1,11-14,Female,Class 8 Maths & Science,School Curriculum,8,Annual,Offline,Churned,35.0,10043.21,3.9
STU11226,2023-08-08,2023,Aug,Jaipur,Tier 2,6-10,Female,NEET Crash Course,Competitive Exam,11-12,Annual,Online,Completed,100.0,42420.98,4.2
STU13662,2023-08-08,2023,Aug,Nagpur,Tier 2,11-14,Male,Class 8 Maths & Science,School Curriculum,8,Monthly,Online,Trial - Not Converted,16.7,0.0,
STU14878,2023-08-09,2023,Aug,Bhopal,Tier 2,18+,Female,Class 10 CBSE Complete,School Curriculum,10,Monthly,Online,Churned,59.9,1564.37,3.3
STU15534,2023-08-09,2023,Aug,Delhi,Tier 1,11-14,Male,JEE Main Foundation,Competitive Exam,11-12,Quarterly,Online,Active,64.1,11098.47,4.3
STU10346,2023-08-09,2023,Aug,Chennai,Tier 1,15-17,Male,Class 10 CBSE Complete,School Curriculum,10,Monthly,Online,Active,60.4,1390.24,3.8
STU14488,2023-08-10,2023,Aug,Jodhpur,Tier 3,11-14,Male,Class 8 Maths & Science,School Curriculum,8,Annual,Online,Trial - Not Converted,11.3,0.0,
STU12561,2023-08-10,2023,Aug,Raipur,Tier 3,11-14,Female,UPSC Prelims Foundation,Competitive Exam,Graduate,Annual,Online,Completed,100.0,48187.18,4.3
STU11564,2023-08-10,2023,Aug,Pune,Tier 1,15-17,Male,Robotics & AI Basics,Coding,6-8,Monthly,Online,Active,97.8,1261.75,3.2
STU13739,2023-08-11,2023,Aug,Pune,Tier 1,11-14,Female,UPSC Prelims Foundation,Competitive Exam,Graduate,Quarterly,Offline,Active,34.5,14671.6,4.6
STU12237,2023-08-11,2023,Aug,Kota,Tier 3,18+,Female,Robotics & AI Basics,Coding,6-8,Monthly,Online,Active,37.1,1139.5,3.3
STU10897,2023-08-11,2023,Aug,Hyderabad,Tier 1,18+,Male,Class 10 CBSE Complete,School Curriculum,10,Annual,Online,Trial - Not Converted,14.3,0.0,
STU11447,2023-08-11,2023,Aug,Ahmedabad,Tier 1,6-10,Male,Class 8 Maths & Science,School Curriculum,8,Quarterly,Online,Active,44.4,3042.81,3.6
STU11894,2023-08-11,2023,Aug,Delhi,Tier 1,18+,Male,Spoken English Mastery,Skill Development,All,Annual,Online,Active,48.5,4778.24,4.8
STU10408,2023-08-11,2023,Aug,Jaipur,Tier 2,11-14,Male,JEE Main Foundation,Competitive Exam,11-12,Annual,Online,Active,51.4,35574.34,4.2
STU12414,2023-08-11,2023,Aug,Hyderabad,Tier 1,11-14,Male,Class 6 Foundation,School Curriculum,6,Quarterly,Offline,Trial - Not Converted,5.8,0.0,
STU11382,2023-08-12,2023,Aug,Surat,Tier 2,18+,Female,Class 10 CBSE Complete,School Curriculum,10,Annual,Offline,Completed,100.0,13852.28,3.5
STU13376,2023-08-12,2023,Aug,Lucknow,Tier 2,18+,Male,Robotics & AI Basics,Coding,6-8,Annual,Online,Active,99.6,11445.52,2.8
STU15666,2023-08-12,2023,Aug,Hyderabad,Tier 1,15-17,Male,Robotics & AI Basics,Coding,6-8,Annual,Offline,Active,37.2,12049.87,3.3
STU12265,2023-08-13,2023,Aug,Delhi,Tier 1,18+,Female,Class 8 Maths & Science,School Curriculum,8,Quarterly,Online,Completed,100.0,2792.98,5.0
STU13277,2023-08-13,2023,Aug,Pune,Tier 1,18+,Female,UPSC Prelims Foundation,Competitive Exam,Graduate,Annual,Online,Active,46.4,49163.49,4.5
STU11666,2023-08-13,2023,Aug,Ranchi,Tier 3,11-14,Female,NEET Crash Course,Competitive Exam,11-12,Quarterly,Offline,Active,60.5,12547.18,3.7
STU14692,2023-08-13,2023,Aug,Ahmedabad,Tier 1,11-14,Female,Class 10 CBSE Complete,School Curriculum,10,Quarterly,Online,Completed,100.0,4550.54,4.9
STU15688,2023-08-13,2023,Aug,Mumbai,Tier 1,6-10,Female,Class 10 CBSE Complete,School Curriculum,10,Monthly,Online,Active,63.0,1520.87,3.5
STU11046,2023-08-13,2023,Aug,Patna,Tier 2,15-17,Female,Class 8 Maths & Science,School Curriculum,8,Monthly,Online,Active,45.3,902.23,2.2
STU14122,2023-08-14,2023,Aug,Chennai,Tier 1,11-14,Male,Class 6 Foundation,School Curriculum,6,Annual,Offline,Active,60.9,7841.72,4.4
STU14290,2023-08-14,2023,Aug,Kanpur,Tier 2,6-10,Female,JEE Main Foundation,Competitive Exam,11-12,Annual,Online,Churned,59.7,33752.25,3.6
STU11940,2023-08-14,2023,Aug,Pune,Tier 1,18+,Female,Spoken English Mastery,Skill Development,All,Quarterly,Online,Completed,100.0,1508.84,4.1
STU12628,2023-08-15,2023,Aug,Kanpur,Tier 2,15-17,Female,Robotics & AI Basics,Coding,6-8,Quarterly,Offline,Active,50.0,3618.56,3.9
STU11038,2023-08-15,2023,Aug,Jodhpur,Tier 3,11-14,Male,Spoken English Mastery,Skill Development,All,Quarterly,Online,Trial - Not Converted,9.5,0.0,
STU11460,2023-08-16,2023,Aug,Jaipur,Tier 2,15-17,Male,NEET Crash Course,Competitive Exam,11-12,Annual,Offline,Completed,100.0,41868.06,4.1
STU11882,2023-08-16,2023,Aug,Ranchi,Tier 3,6-10,Female,Python for Beginners,Coding,6-8,Quarterly,Online,Active,47.2,2189.45,3.7
STU12886,2023-08-16,2023,Aug,Jodhpur,Tier 3,11-14,Female,Robotics & AI Basics,Coding,6-8,Annual,Online,Churned,31.4,11801.15,3.4
STU12654,2023-08-16,2023,Aug,Mumbai,Tier 1,6-10,Male,Class 8 Maths & Science,School Curriculum,8,Monthly,Offline,Active,99.3,1004.42,4.0
STU10232,2023-08-17,2023,Aug,Jaipur,Tier 2,18+,Female,Python for Beginners,Coding,6-8,Monthly,Online,Trial - Not Converted,23.6,0.0,
STU14474,2023-08-17,2023,Aug,Meerut,Tier 3,15-17,Female,Class 6 Foundation,School Curriculum,6,Quarterly,Online,Trial - Not Converted,4.0,0.0,
STU13997,2023-08-18,2023,Aug,Kota,Tier 3,18+,Female,UPSC Prelims Foundation,Competitive Exam,Graduate,Annual,Online,Active,35.2,46069.17,3.6
STU10397,2023-08-18,2023,Aug,Mumbai,Tier 1,6-10,Female,Class 8 Maths & Science,School Curriculum,8,Monthly,Online,Churned,43.5,943.06,3.4
STU14844,2023-08-18,2023,Aug,Bhopal,Tier 2,11-14,Male,Robotics & AI Basics,Coding,6-8,Annual,Online,Completed,100.0,11280.79,4.1
STU12792,2023-08-18,2023,Aug,Mumbai,Tier 1,11-14,Male,Class 8 Maths & Science,School Curriculum,8,Annual,Offline,Active,21.5,9788.33,4.2
STU15986,2023-08-19,2023,Aug,Jodhpur,Tier 3,18+,Male,JEE Main Foundation,Competitive Exam,11-12,Monthly,Online,Active,55.8,3810.18,4.3
STU10877,2023-08-19,2023,Aug,Bhopal,Tier 2,18+,Male,Class 10 CBSE Complete,School Curriculum,10,Annual,Online,Trial - Not Converted,3.1,0.0,
STU15537,2023-08-19,2023,Aug,Ahmedabad,Tier 1,6-10,Male,Python for Beginners,Coding,6-8,Monthly,Online,Active,20.5,731.33,5.0
STU10872,2023-08-21,2023,Aug,Bhopal,Tier 2,15-17,Male,Robotics & AI Basics,Coding,6-8,Annual,Online,Active,57.7,12019.98,5.0
STU10637,2023-08-21,2023,Aug,Chennai,Tier 1,18+,Male,NEET Crash Course,Competitive Exam,11-12,Annual,Online,Active,50.7,44777.15,4.0
STU13525,2023-08-21,2023,Aug,Kolkata,Tier 1,15-17,Male,Class 6 Foundation,School Curriculum,6,Quarterly,Offline,Active,55.0,2363.29,4.5
STU13307,2023-08-22,2023,Aug,Kanpur,Tier 2,6-10,Male,JEE Main Foundation,Competitive Exam,11-12,Quarterly,Online,Completed,100.0,10586.75,5.0
STU10921,2023-08-22,2023,Aug,Pune,Tier 1,6-10,Male,Class 8 Maths & Science,School Curriculum,8,Quarterly,Online,Active,21.2,2821.6,3.1
STU12498,2023-08-22,2023,Aug,Jaipur,Tier 2,15-17,Female,UPSC Prelims Foundation,Competitive Exam,Graduate,Annual,Offline,Trial - Not Converted,15.5,0.0,
STU10658,2023-08-22,2023,Aug,Meerut,Tier 3,15-17,Female,Spoken English Mastery,Skill Development,All,Annual,Online,Trial - Not Converted,13.1,0.0,
STU11404,2023-08-22,2023,Aug,Lucknow,Tier 2,15-17,Female,Class 8 Maths & Science,School Curriculum,8,Quarterly,Offline,Active,75.9,2798.71,4.3
STU14354,2023-08-23,2023,Aug,Ahmedabad,Tier 1,11-14,Female,Coding for Kids - Scratch,Coding,3-5,Quarterly,Offline,Completed,100.0,1894.73,4.9
STU14335,2023-08-23,2023,Aug,Kanpur,Tier 2,6-10,Female,JEE Main Foundation,Competitive Exam,11-12,Annual,Offline,Trial - Not Converted,24.2,0.0,
STU14367,2023-08-23,2023,Aug,Nagpur,Tier 2,18+,Female,Class 6 Foundation,School Curriculum,6,Annual,Offline,Trial - Not Converted,15.7,0.0,
STU10979,2023-08-23,2023,Aug,Pune,Tier 1,18+,Female,Robotics & AI Basics,Coding,6-8,Quarterly,Online,Active,92.1,3653.88,3.5
STU11495,2023-08-24,2023,Aug,Ranchi,Tier 3,11-14,Female,NEET Crash Course,Competitive Exam,11-12,Annual,Online,Completed,100.0,44144.35,4.5
STU11533,2023-08-24,2023,Aug,Mumbai,Tier 1,18+,Male,UPSC Prelims Foundation,Competitive Exam,Graduate,Annual,Online,Completed,100.0,50259.66,4.2
STU11240,2023-08-24,2023,Aug,Bengaluru,Tier 1,18+,Male,Python for Beginners,Coding,6-8,Quarterly,Offline,Active,32.9,2400.37,4.5
STU12956,2023-08-24,2023,Aug,Bhopal,Tier 2,6-10,Female,UPSC Prelims Foundation,Competitive Exam,Graduate,Monthly,Online,Active,28.9,4578.79,4.4
STU10270,2023-08-24,2023,Aug,Guwahati,Tier 3,6-10,Male,UPSC Prelims Foundation,Competitive Exam,Graduate,Annual,Offline,Churned,31.6,49392.4,3.3
STU12577,2023-08-25,2023,Aug,Nagpur,Tier 2,11-14,Male,UPSC Prelims Foundation,Competitive Exam,Graduate,Quarterly,Offline,Trial - Not Converted,23.4,0.0,
STU10298,2023-08-25,2023,Aug,Jaipur,Tier 2,18+,Male,Class 6 Foundation,School Curriculum,6,Monthly,Online,Trial - Not Converted,14.9,0.0,
STU15070,2023-08-25,2023,Aug,Kota,Tier 3,11-14,Female,Class 8 Maths & Science,School Curriculum,8,Quarterly,Offline,Active,70.0,2932.98,3.8
STU14165,2023-08-25,2023,Aug,Pune,Tier 1,11-14,Female,NEET Crash Course,Competitive Exam,11-12,Annual,Online,Trial - Not Converted,23.6,0.0,
STU14803,2023-08-25,2023,Aug,Meerut,Tier 3,18+,Female,UPSC Prelims Foundation,Competitive Exam,Graduate,Quarterly,Online,Active,49.2,13955.44,4.7
STU11227,2023-08-26,2023,Aug,Nagpur,Tier 2,18+,Female,JEE Main Foundation,Competitive Exam,11-12,Annual,Online,Active,88.6,35347.5,4.5
STU11720,2023-08-26,2023,Aug,Pune,Tier 1,6-10,Female,UPSC Prelims Foundation,Competitive Exam,Graduate,Annual,Offline,Active,85.1,49705.03,4.5
STU15751,2023-08-27,2023,Aug,Bengaluru,Tier 1,18+,Male,Spoken English Mastery,Skill Development,All,Annual,Offline,Active,75.2,4519.5,3.2
STU10595,2023-08-27,2023,Aug,Mumbai,Tier 1,18+,Male,UPSC Prelims Foundation,Competitive Exam,Graduate,Monthly,Offline,Churned,14.2,5197.6,4.9
STU12917,2023-08-27,2023,Aug,Ahmedabad,Tier 1,6-10,Female,Class 10 CBSE Complete,School Curriculum,10,Annual,Online,Churned,57.0,14385.58,4.0
STU13000,2023-08-28,2023,Aug,Bhopal,Tier 2,11-14,Male,Class 10 CBSE Complete,School Curriculum,10,Annual,Online,Active,61.9,14597.57,3.9
STU12862,2023-08-28,2023,Aug,Chennai,Tier 1,18+,Female,Coding for Kids - Scratch,Coding,3-5,Annual,Online,Completed,100.0,6940.87,3.6
STU10348,2023-08-28,2023,Aug,Mumbai,Tier 1,15-17,Male,Robotics & AI Basics,Coding,6-8,Annual,Online,Trial - Not Converted,2.8,0.0,
STU13499,2023-08-28,2023,Aug,Bhopal,Tier 2,18+,Male,JEE Main Foundation,Competitive Exam,11-12,Quarterly,Offline,Active,88.0,10699.02,5.0
STU14969,2023-08-29,2023,Aug,Jaipur,Tier 2,11-14,Female,Robotics & AI Basics,Coding,6-8,Monthly,Online,Trial - Not Converted,4.5,0.0,
STU11658,2023-08-29,2023,Aug,Bhopal,Tier 2,11-14,Female,Class 8 Maths & Science,School Curriculum,8,Annual,Online,Active,94.4,9650.35,4.7
STU13365,2023-08-29,2023,Aug,Surat,Tier 2,11-14,Male,Robotics & AI Basics,Coding,6-8,Quarterly,Online,Active,87.6,3555.09,4.2
STU13490,2023-08-29,2023,Aug,Mumbai,Tier 1,15-17,Female,Python for Beginners,Coding,6-8,Annual,Online,Active,33.5,7389.47,3.9
STU13296,2023-08-30,2023,Aug,Varanasi,Tier 3,18+,Male,JEE Main Foundation,Competitive Exam,11-12,Quarterly,Online,Completed,100.0,10620.4,4.7
STU11224,2023-08-31,2023,Aug,Kolkata,Tier 1,6-10,Male,Python for Beginners,Coding,6-8,Monthly,Online,Active,45.6,722.63,4.4
STU13077,2023-08-31,2023,Aug,Delhi,Tier 1,11-14,Female,Python for Beginners,Coding,6-8,Quarterly,Online,Trial - Not Converted,10.3,0.0,
STU12823,2023-08-31,2023,Aug,Patna,Tier 2,15-17,Male,Python for Beginners,Coding,6-8,Annual,Online,Active,84.0,8032.31,4.3
STU13331,2023-08-31,2023,Aug,Hyderabad,Tier 1,6-10,Male,Spoken English Mastery,Skill Development,All,Monthly,Online,Completed,100.0,450.84,3.9
STU15042,2023-08-31,2023,Aug,Lucknow,Tier 2,18+,Female,Class 10 CBSE Complete,School Curriculum,10,Quarterly,Offline,Active,75.3,4220.07,4.0
STU14911,2023-08-31,2023,Aug,Mumbai,Tier 1,6-10,Male,Python for Beginners,Coding,6-8,Annual,Online,Active,70.7,8087.62,4.3
STU14267,2023-09-01,2023,Sep,Chennai,Tier 1,18+,Female,UPSC Prelims Foundation,Competitive Exam,Graduate,Annual,Offline,Trial - Not Converted,4.5,0.0,
STU11518,2023-09-01,2023,Sep,Hyderabad,Tier 1,18+,Female,Spoken English Mastery,Skill Development,All,Annual,Online,Active,83.0,5065.01,4.7
STU10097,2023-09-01,2023,Sep,Kolkata,Tier 1,6-10,Male,Python for Beginners,Coding,6-8,Quarterly,Online,Completed,100.0,2253.69,4.2
STU10761,2023-09-02,2023,Sep,Indore,Tier 2,18+,Male,UPSC Prelims Foundation,Competitive Exam,Graduate,Annual,Online,Trial - Not Converted,16.9,0.0,
STU12497,2023-09-02,2023,Sep,Kolkata,Tier 1,15-17,Female,Spoken English Mastery,Skill Development,All,Annual,Online,Churned,38.8,4650.32,3.9
STU11394,2023-09-03,2023,Sep,Surat,Tier 2,15-17,Male,Class 6 Foundation,School Curriculum,6,Monthly,Offline,Active,59.2,811.18,3.8
STU11210,2023-09-03,2023,Sep,Pune,Tier 1,11-14,Male,Coding for Kids - Scratch,Coding,3-5,Annual,Online,Active,48.1,6633.23,4.8
STU15111,2023-09-04,2023,Sep,Guwahati,Tier 3,11-14,Female,Python for Beginners,Coding,6-8,Quarterly,Online,Active,70.2,2371.03,4.8
STU13863,2023-09-04,2023,Sep,Bengaluru,Tier 1,18+,Female,Python for Beginners,Coding,6-8,Monthly,Online,Active,23.6,746.85,4.1
STU11584,2023-09-04,2023,Sep,Jaipur,Tier 2,11-14,Female,Python for Beginners,Coding,6-8,Annual,Online,Active,45.1,7406.82,2.8
STU11885,2023-09-04,2023,Sep,Pune,Tier 1,6-10,Male,NEET Crash Course,Competitive Exam,11-12,Monthly,Online,Active,99.4,4181.38,4.6
STU15893,2023-09-04,2023,Sep,Lucknow,Tier 2,18+,Female,JEE Main Foundation,Competitive Exam,11-12,Annual,Offline,Active,65.5,37954.9,4.2
STU13312,2023-09-05,2023,Sep,Varanasi,Tier 3,11-14,Female,Coding for Kids - Scratch,Coding,3-5,Annual,Online,Trial - Not Converted,4.8,0.0,
STU14635,2023-09-05,2023,Sep,Chennai,Tier 1,6-10,Male,Spoken English Mastery,Skill Development,All,Annual,Online,Trial - Not Converted,3.2,0.0,
STU15964,2023-09-05,2023,Sep,Pune,Tier 1,11-14,Male,Robotics & AI Basics,Coding,6-8,Annual,Online,Trial - Not Converted,5.6,0.0,
STU11931,2023-09-06,2023,Sep,Nagpur,Tier 2,15-17,Male,Python for Beginners,Coding,6-8,Annual,Online,Active,99.5,8183.84,3.7
STU15470,2023-09-06,2023,Sep,Lucknow,Tier 2,15-17,Male,JEE Main Foundation,Competitive Exam,11-12,Annual,Offline,Completed,100.0,37248.15,4.5
STU13580,2023-09-06,2023,Sep,Nagpur,Tier 2,18+,Male,Robotics & AI Basics,Coding,6-8,Annual,Online,Active,38.1,11634.87,4.9
STU15770,2023-09-06,2023,Sep,Jaipur,Tier 2,11-14,Female,Spoken English Mastery,Skill Development,All,Quarterly,Offline,Churned,54.6,1412.86,4.5
STU12989,2023-09-06,2023,Sep,Jaipur,Tier 2,11-14,Male,Class 6 Foundation,School Curriculum,6,Annual,Online,Active,83.0,8597.48,4.5
STU10664,2023-09-07,2023,Sep,Mumbai,Tier 1,6-10,Female,Python for Beginners,Coding,6-8,Quarterly,Online,Completed,100.0,2238.63,4.5
STU10188,2023-09-07,2023,Sep,Mumbai,Tier 1,6-10,Male,Coding for Kids - Scratch,Coding,3-5,Quarterly,Online,Active,52.1,1902.98,4.8
STU11288,2023-09-08,2023,Sep,Chennai,Tier 1,6-10,Female,Coding for Kids - Scratch,Coding,3-5,Quarterly,Offline,Active,78.6,1838.74,5.0
STU10792,2023-09-08,2023,Sep,Kanpur,Tier 2,6-10,Female,Class 10 CBSE Complete,School Curriculum,10,Quarterly,Offline,Active,58.2,4629.0,4.5
STU12737,2023-09-09,2023,Sep,Meerut,Tier 3,18+,Male,Coding for Kids - Scratch,Coding,3-5,Annual,Online,Trial - Not Converted,15.9,0.0,
STU15125,2023-09-09,2023,Sep,Ahmedabad,Tier 1,6-10,Female,Python for Beginners,Coding,6-8,Annual,Online,Trial - Not Converted,15.1,0.0,
STU11175,2023-09-09,2023,Sep,Lucknow,Tier 2,11-14,Male,Python for Beginners,Coding,6-8,Annual,Online,Active,96.3,7878.64,4.6
STU15411,2023-09-09,2023,Sep,Pune,Tier 1,11-14,Male,Spoken English Mastery,Skill Development,All,Quarterly,Offline,Active,32.8,1363.24,4.9
STU15735,2023-09-10,2023,Sep,Delhi,Tier 1,18+,Male,Robotics & AI Basics,Coding,6-8,Monthly,Online,Active,80.2,1252.01,3.8
STU11656,2023-09-10,2023,Sep,Patna,Tier 2,11-14,Female,Spoken English Mastery,Skill Development,All,Annual,Online,Churned,15.5,4965.53,5.0
STU10846,2023-09-10,2023,Sep,Bhopal,Tier 2,18+,Male,Coding for Kids - Scratch,Coding,3-5,Annual,Offline,Completed,100.0,6667.79,3.7
STU11194,2023-09-10,2023,Sep,Indore,Tier 2,18+,Male,UPSC Prelims Foundation,Competitive Exam,Graduate,Monthly,Online,Churned,49.3,4661.96,3.5
STU12336,2023-09-10,2023,Sep,Meerut,Tier 3,6-10,Male,Class 10 CBSE Complete,School Curriculum,10,Monthly,Offline,Active,45.3,1455.12,4.1
STU10665,2023-09-10,2023,Sep,Lucknow,Tier 2,6-10,Male,Class 10 CBSE Complete,School Curriculum,10,Monthly,Offline,Active,34.6,1470.99,3.8
STU13129,2023-09-11,2023,Sep,Ahmedabad,Tier 1,15-17,Male,Class 6 Foundation,School Curriculum,6,Quarterly,Online,Completed,100.0,2553.51,4.0
STU14226,2023-09-11,2023,Sep,Chennai,Tier 1,18+,Female,Class 10 CBSE Complete,School Curriculum,10,Monthly,Online,Completed,100.0,1442.97,3.9
STU15943,2023-09-12,2023,Sep,Patna,Tier 2,11-14,Male,Class 8 Maths & Science,School Curriculum,8,Annual,Offline,Active,50.0,9452.08,3.8
STU13494,2023-09-12,2023,Sep,Raipur,Tier 3,6-10,Female,JEE Main Foundation,Competitive Exam,11-12,Quarterly,Online,Churned,15.1,10163.24,3.9
STU13817,2023-09-14,2023,Sep,Ahmedabad,Tier 1,15-17,Female,Class 10 CBSE Complete,School Curriculum,10,Quarterly,Online,Active,41.6,4053.2,4.4
STU12936,2023-09-14,2023,Sep,Nagpur,Tier 2,6-10,Female,Class 8 Maths & Science,School Curriculum,8,Quarterly,Online,Churned,58.0,2998.57,4.3
STU15235,2023-09-14,2023,Sep,Surat,Tier 2,18+,Male,Coding for Kids - Scratch,Coding,3-5,Annual,Online,Active,33.3,6287.27,4.6
STU11742,2023-09-14,2023,Sep,Chennai,Tier 1,18+,Male,Class 8 Maths & Science,School Curriculum,8,Quarterly,Online,Active,23.1,2980.16,3.9
STU12056,2023-09-14,2023,Sep,Chennai,Tier 1,6-10,Male,UPSC Prelims Foundation,Competitive Exam,Graduate,Quarterly,Offline,Active,69.5,14211.98,4.4
STU13595,2023-09-15,2023,Sep,Bengaluru,Tier 1,18+,Male,Class 8 Maths & Science,School Curriculum,8,Annual,Online,Active,23.2,9870.72,3.5
STU10331,2023-09-15,2023,Sep,Delhi,Tier 1,6-10,Male,Class 6 Foundation,School Curriculum,6,Annual,Online,Active,31.2,8370.93,4.1
STU10109,2023-09-15,2023,Sep,Patna,Tier 2,6-10,Female,JEE Main Foundation,Competitive Exam,11-12,Annual,Offline,Completed,100.0,34349.72,3.4
STU12049,2023-09-15,2023,Sep,Delhi,Tier 1,18+,Female,Class 8 Maths & Science,School Curriculum,8,Quarterly,Offline,Active,48.3,2702.06,3.5
STU15937,2023-09-16,2023,Sep,Kota,Tier 3,11-14,Male,Spoken English Mastery,Skill Development,All,Monthly,Online,Active,91.2,479.61,3.8
STU14004,2023-09-16,2023,Sep,Meerut,Tier 3,18+,Male,Robotics & AI Basics,Coding,6-8,Annual,Online,Churned,35.1,13061.99,4.8
STU15228,2023-09-16,2023,Sep,Guwahati,Tier 3,15-17,Female,Robotics & AI Basics,Coding,6-8,Annual,Online,Active,69.6,12759.15,3.3
STU11613,2023-09-16,2023,Sep,Surat,Tier 2,15-17,Female,Class 10 CBSE Complete,School Curriculum,10,Quarterly,Online,Active,87.5,4123.48,4.4
STU10135,2023-09-16,2023,Sep,Kolkata,Tier 1,15-17,Female,Python for Beginners,Coding,6-8,Annual,Online,Churned,16.9,7208.09,4.6
STU14148,2023-09-16,2023,Sep,Kanpur,Tier 2,6-10,Male,Class 10 CBSE Complete,School Curriculum,10,Annual,Online,Churned,15.1,15238.77,3.5
STU15679,2023-09-16,2023,Sep,Chennai,Tier 1,15-17,Male,JEE Main Foundation,Competitive Exam,11-12,Monthly,Offline,Completed,100.0,3573.45,4.2
STU10072,2023-09-17,2023,Sep,Mumbai,Tier 1,11-14,Female,Class 6 Foundation,School Curriculum,6,Quarterly,Online,Active,48.4,2296.06,4.3
STU12297,2023-09-17,2023,Sep,Ranchi,Tier 3,18+,Female,Coding for Kids - Scratch,Coding,3-5,Quarterly,Online,Completed,100.0,2022.9,3.7
STU12830,2023-09-17,2023,Sep,Kolkata,Tier 1,15-17,Male,UPSC Prelims Foundation,Competitive Exam,Graduate,Annual,Offline,Active,33.2,51865.44,5.0
STU10573,2023-09-18,2023,Sep,Surat,Tier 2,15-17,Male,UPSC Prelims Foundation,Competitive Exam,Graduate,Annual,Online,Churned,12.5,46896.58,3.8
STU10617,2023-09-18,2023,Sep,Lucknow,Tier 2,6-10,Female,JEE Main Foundation,Competitive Exam,11-12,Annual,Online,Trial - Not Converted,10.3,0.0,
STU14513,2023-09-18,2023,Sep,Kolkata,Tier 1,15-17,Female,Class 10 CBSE Complete,School Curriculum,10,Annual,Online,Churned,55.1,15227.11,5.0
STU13756,2023-09-19,2023,Sep,Kanpur,Tier 2,18+,Female,Class 6 Foundation,School Curriculum,6,Annual,Online,Active,35.5,8462.19,3.4
STU11276,2023-09-19,2023,Sep,Mumbai,Tier 1,11-14,Male,Class 10 CBSE Complete,School Curriculum,10,Annual,Online,Completed,100.0,13833.21,4.7
STU10164,2023-09-19,2023,Sep,Mumbai,Tier 1,15-17,Male,Spoken English Mastery,Skill Development,All,Monthly,Offline,Trial - Not Converted,3.1,0.0,
STU13023,2023-09-20,2023,Sep,Nagpur,Tier 2,18+,Male,NEET Crash Course,Competitive Exam,11-12,Annual,Online,Trial - Not Converted,18.1,0.0,
STU13350,2023-09-20,2023,Sep,Indore,Tier 2,15-17,Female,UPSC Prelims Foundation,Competitive Exam,Graduate,Annual,Offline,Active,48.2,45734.52,3.3
STU12906,2023-09-20,2023,Sep,Ahmedabad,Tier 1,11-14,Male,JEE Main Foundation,Competitive Exam,11-12,Monthly,Offline,Completed,100.0,3765.59,3.1
STU14304,2023-09-21,2023,Sep,Kolkata,Tier 1,11-14,Male,Spoken English Mastery,Skill Development,All,Annual,Online,Trial - Not Converted,8.6,0.0,
STU15194,2023-09-21,2023,Sep,Hyderabad,Tier 1,6-10,Female,UPSC Prelims Foundation,Competitive Exam,Graduate,Quarterly,Online,Completed,100.0,14456.93,3.4
STU12768,2023-09-21,2023,Sep,Pune,Tier 1,15-17,Female,Spoken English Mastery,Skill Development,All,Quarterly,Online,Active,96.7,1417.66,4.7
STU14055,2023-09-21,2023,Sep,Mumbai,Tier 1,11-14,Female,Spoken English Mastery,Skill Development,All,Monthly,Online,Active,60.2,479.38,4.1
STU15944,2023-09-22,2023,Sep,Bengaluru,Tier 1,6-10,Male,Robotics & AI Basics,Coding,6-8,Quarterly,Online,Completed,100.0,3709.24,4.1
STU10212,2023-09-22,2023,Sep,Kolkata,Tier 1,6-10,Female,UPSC Prelims Foundation,Competitive Exam,Graduate,Annual,Online,Active,65.8,48244.25,4.3
STU13666,2023-09-22,2023,Sep,Chennai,Tier 1,18+,Female,Class 10 CBSE Complete,School Curriculum,10,Annual,Online,Active,35.5,15002.07,3.7
STU11150,2023-09-22,2023,Sep,Patna,Tier 2,15-17,Male,Class 10 CBSE Complete,School Curriculum,10,Quarterly,Offline,Trial - Not Converted,16.2,0.0,
STU11553,2023-09-22,2023,Sep,Nagpur,Tier 2,6-10,Female,Class 10 CBSE Complete,School Curriculum,10,Annual,Offline,Active,36.4,15242.02,4.5
STU12462,2023-09-22,2023,Sep,Ranchi,Tier 3,6-10,Male,Coding for Kids - Scratch,Coding,3-5,Annual,Online,Trial - Not Converted,8.5,0.0,
STU10903,2023-09-23,2023,Sep,Surat,Tier 2,18+,Female,UPSC Prelims Foundation,Competitive Exam,Graduate,Annual,Offline,Active,52.1,49875.47,3.5
STU12196,2023-09-23,2023,Sep,Ranchi,Tier 3,15-17,Male,Coding for Kids - Scratch,Coding,3-5,Monthly,Online,Active,65.0,653.61,4.2
STU12274,2023-09-23,2023,Sep,Surat,Tier 2,18+,Female,Class 6 Foundation,School Curriculum,6,Annual,Offline,Churned,33.3,8232.37,4.1
STU11925,2023-09-23,2023,Sep,Pune,Tier 1,15-17,Female,Spoken English Mastery,Skill Development,All,Annual,Online,Completed,100.0,4748.2,4.7
STU13931,2023-09-23,2023,Sep,Ahmedabad,Tier 1,6-10,Female,UPSC Prelims Foundation,Competitive Exam,Graduate,Monthly,Offline,Active,32.0,5139.04,3.7
STU10386,2023-09-24,2023,Sep,Raipur,Tier 3,18+,Male,Python for Beginners,Coding,6-8,Annual,Online,Active,23.1,7420.52,4.4
STU11571,2023-09-24,2023,Sep,Bengaluru,Tier 1,6-10,Female,Python for Beginners,Coding,6-8,Quarterly,Online,Completed,100.0,2238.79,3.4
STU11660,2023-09-24,2023,Sep,Surat,Tier 2,11-14,Female,NEET Crash Course,Competitive Exam,11-12,Monthly,Offline,Active,72.5,4374.59,4.5
STU10705,2023-09-24,2023,Sep,Pune,Tier 1,6-10,Male,Spoken English Mastery,Skill Development,All,Monthly,Online,Completed,100.0,454.88,4.4
STU12243,2023-09-25,2023,Sep,Delhi,Tier 1,15-17,Female,Class 8 Maths & Science,School Curriculum,8,Monthly,Offline,Active,90.1,1033.88,3.6
STU13711,2023-09-25,2023,Sep,Bhopal,Tier 2,6-10,Female,UPSC Prelims Foundation,Competitive Exam,Graduate,Quarterly,Offline,Active,99.2,13650.52,4.5
STU13016,2023-09-25,2023,Sep,Varanasi,Tier 3,15-17,Female,NEET Crash Course,Competitive Exam,11-12,Monthly,Offline,Active,54.6,3959.69,4.3
STU14742,2023-09-25,2023,Sep,Chennai,Tier 1,6-10,Male,Class 6 Foundation,School Curriculum,6,Annual,Offline,Active,25.3,8663.16,3.8
STU15692,2023-09-26,2023,Sep,Raipur,Tier 3,6-10,Female,Class 8 Maths & Science,School Curriculum,8,Annual,Online,Trial - Not Converted,0.9,0.0,
STU13592,2023-09-26,2023,Sep,Jodhpur,Tier 3,15-17,Female,Spoken English Mastery,Skill Development,All,Monthly,Online,Trial - Not Converted,16.1,0.0,
STU10432,2023-09-26,2023,Sep,Nagpur,Tier 2,11-14,Male,Python for Beginners,Coding,6-8,Annual,Online,Completed,100.0,8119.64,3.8
STU13084,2023-09-26,2023,Sep,Delhi,Tier 1,15-17,Female,NEET Crash Course,Competitive Exam,11-12,Quarterly,Offline,Active,85.3,13527.32,3.2
STU12293,2023-09-26,2023,Sep,Mumbai,Tier 1,6-10,Male,Spoken English Mastery,Skill Development,All,Annual,Online,Trial - Not Converted,19.5,0.0,
STU13114,2023-09-26,2023,Sep,Indore,Tier 2,6-10,Male,NEET Crash Course,Competitive Exam,11-12,Monthly,Online,Active,60.8,4208.9,4.0
STU12170,2023-09-26,2023,Sep,Ahmedabad,Tier 1,18+,Male,Python for Beginners,Coding,6-8,Quarterly,Online,Churned,27.1,2302.89,4.7
STU12968,2023-09-27,2023,Sep,Bengaluru,Tier 1,18+,Female,NEET Crash Course,Competitive Exam,11-12,Quarterly,Offline,Trial - Not Converted,0.7,0.0,
STU10806,2023-09-27,2023,Sep,Patna,Tier 2,18+,Female,Robotics & AI Basics,Coding,6-8,Annual,Online,Completed,100.0,12686.42,4.2
STU12283,2023-09-27,2023,Sep,Bengaluru,Tier 1,15-17,Female,JEE Main Foundation,Competitive Exam,11-12,Monthly,Offline,Active,57.2,3509.36,4.2
STU13914,2023-09-27,2023,Sep,Hyderabad,Tier 1,11-14,Male,Coding for Kids - Scratch,Coding,3-5,Monthly,Online,Completed,100.0,633.71,4.2
STU11909,2023-09-27,2023,Sep,Guwahati,Tier 3,18+,Female,Class 8 Maths & Science,School Curriculum,8,Monthly,Online,Trial - Not Converted,3.4,0.0,
STU14408,2023-09-27,2023,Sep,Jaipur,Tier 2,11-14,Male,Robotics & AI Basics,Coding,6-8,Annual,Online,Active,81.7,11483.05,3.7
STU10134,2023-09-28,2023,Sep,Kolkata,Tier 1,11-14,Female,Robotics & AI Basics,Coding,6-8,Annual,Online,Active,84.4,11887.76,3.7
STU14222,2023-09-28,2023,Sep,Mumbai,Tier 1,11-14,Male,Coding for Kids - Scratch,Coding,3-5,Monthly,Offline,Trial - Not Converted,7.9,0.0,
STU13333,2023-09-28,2023,Sep,Surat,Tier 2,6-10,Male,JEE Main Foundation,Competitive Exam,11-12,Quarterly,Online,Active,57.2,10879.38,5.0
STU14682,2023-09-28,2023,Sep,Jodhpur,Tier 3,18+,Male,NEET Crash Course,Competitive Exam,11-12,Annual,Online,Trial - Not Converted,6.5,0.0,
STU15299,2023-09-28,2023,Sep,Pune,Tier 1,15-17,Male,Python for Beginners,Coding,6-8,Quarterly,Online,Churned,32.5,2411.52,5.0
STU11665,2023-09-28,2023,Sep,Patna,Tier 2,11-14,Female,Class 8 Maths & Science,School Curriculum,8,Quarterly,Online,Completed,100.0,3021.25,4.2
STU14318,2023-09-28,2023,Sep,Kolkata,Tier 1,6-10,Male,Spoken English Mastery,Skill Development,All,Annual,Offline,Trial - Not Converted,10.3,0.0,
STU11891,2023-09-29,2023,Sep,Guwahati,Tier 3,6-10,Male,Robotics & AI Basics,Coding,6-8,Annual,Online,Active,70.3,11669.36,5.0
STU15068,2023-09-29,2023,Sep,Delhi,Tier 1,11-14,Female,Class 6 Foundation,School Curriculum,6,Quarterly,Offline,Completed,100.0,2358.88,4.8
STU14647,2023-09-29,2023,Sep,Kolkata,Tier 1,11-14,Female,Python for Beginners,Coding,6-8,Annual,Offline,Completed,100.0,8288.85,3.8
STU11992,2023-09-29,2023,Sep,Raipur,Tier 3,15-17,Female,Spoken English Mastery,Skill Development,All,Annual,Online,Active,88.8,4918.07,4.5
STU10115,2023-09-29,2023,Sep,Kanpur,Tier 2,15-17,Female,Coding for Kids - Scratch,Coding,3-5,Quarterly,Online,Active,73.7,1805.36,4.0
STU13177,2023-09-30,2023,Sep,Nagpur,Tier 2,6-10,Male,Python for Beginners,Coding,6-8,Annual,Online,Active,96.8,7270.61,4.3
STU15646,2023-09-30,2023,Sep,Indore,Tier 2,15-17,Female,Robotics & AI Basics,Coding,6-8,Monthly,Online,Active,47.4,1254.77,4.5
STU11719,2023-10-01,2023,Oct,Kolkata,Tier 1,6-10,Female,Python for Beginners,Coding,6-8,Annual,Online,Active,49.1,8107.55,3.6
STU15057,2023-10-01,2023,Oct,Patna,Tier 2,15-17,Male,Class 10 CBSE Complete,School Curriculum,10,Monthly,Offline,Completed,100.0,1468.05,3.1
STU10914,2023-10-01,2023,Oct,Kanpur,Tier 2,18+,Male,JEE Main Foundation,Competitive Exam,11-12,Annual,Offline,Trial - Not Converted,2.7,0.0,
STU10252,2023-10-01,2023,Oct,Kolkata,Tier 1,11-14,Male,Coding for Kids - Scratch,Coding,3-5,Monthly,Online,Trial - Not Converted,9.0,0.0,
STU15941,2023-10-01,2023,Oct,Kolkata,Tier 1,15-17,Male,NEET Crash Course,Competitive Exam,11-12,Monthly,Online,Active,65.9,4442.97,5.0
STU14893,2023-10-01,2023,Oct,Bengaluru,Tier 1,15-17,Male,UPSC Prelims Foundation,Competitive Exam,Graduate,Quarterly,Offline,Trial - Not Converted,22.4,0.0,
STU15185,2023-10-02,2023,Oct,Bengaluru,Tier 1,11-14,Male,Class 6 Foundation,School Curriculum,6,Annual,Online,Active,44.1,8615.19,4.3
STU10919,2023-10-02,2023,Oct,Kanpur,Tier 2,11-14,Male,Class 8 Maths & Science,School Curriculum,8,Monthly,Offline,Trial - Not Converted,1.3,0.0,
STU10208,2023-10-02,2023,Oct,Jaipur,Tier 2,15-17,Male,UPSC Prelims Foundation,Competitive Exam,Graduate,Annual,Offline,Completed,100.0,47903.76,4.2
STU12848,2023-10-03,2023,Oct,Jodhpur,Tier 3,11-14,Female,Robotics & AI Basics,Coding,6-8,Annual,Offline,Active,40.5,12660.89,4.9
STU15249,2023-10-03,2023,Oct,Kanpur,Tier 2,11-14,Female,NEET Crash Course,Competitive Exam,11-12,Monthly,Online,Active,98.7,4484.99,4.1
STU13644,2023-10-03,2023,Oct,Chennai,Tier 1,15-17,Female,Coding for Kids - Scratch,Coding,3-5,Quarterly,Online,Active,69.8,1804.88,4.4
STU13223,2023-10-03,2023,Oct,Patna,Tier 2,6-10,Male,Coding for Kids - Scratch,Coding,3-5,Quarterly,Online,Trial - Not Converted,8.4,0.0,
STU15350,2023-10-04,2023,Oct,Lucknow,Tier 2,6-10,Male,Python for Beginners,Coding,6-8,Quarterly,Online,Trial - Not Converted,7.1,0.0,
STU14400,2023-10-04,2023,Oct,Lucknow,Tier 2,11-14,Female,Class 10 CBSE Complete,School Curriculum,10,Annual,Offline,Completed,100.0,14453.98,4.2
STU14204,2023-10-04,2023,Oct,Nagpur,Tier 2,18+,Male,NEET Crash Course,Competitive Exam,11-12,Annual,Offline,Active,49.0,41647.29,4.4
STU14276,2023-10-04,2023,Oct,Chennai,Tier 1,11-14,Male,JEE Main Foundation,Competitive Exam,11-12,Monthly,Online,Trial - Not Converted,5.7,0.0,
STU15253,2023-10-04,2023,Oct,Delhi,Tier 1,15-17,Female,Python for Beginners,Coding,6-8,Monthly,Online,Active,70.1,754.18,4.7
STU15182,2023-10-04,2023,Oct,Raipur,Tier 3,18+,Female,Class 10 CBSE Complete,School Curriculum,10,Annual,Online,Trial - Not Converted,20.7,0.0,
STU10186,2023-10-04,2023,Oct,Hyderabad,Tier 1,18+,Male,Robotics & AI Basics,Coding,6-8,Monthly,Online,Completed,100.0,1268.93,4.9
STU15110,2023-10-05,2023,Oct,Kolkata,Tier 1,6-10,Female,JEE Main Foundation,Competitive Exam,11-12,Annual,Online,Active,36.2,36433.3,4.2
STU10756,2023-10-05,2023,Oct,Guwahati,Tier 3,6-10,Male,Class 6 Foundation,School Curriculum,6,Annual,Online,Active,71.0,8523.88,4.3
STU13716,2023-10-05,2023,Oct,Delhi,Tier 1,18+,Male,Class 10 CBSE Complete,School Curriculum,10,Annual,Online,Trial - Not Converted,14.3,0.0,
STU10095,2023-10-05,2023,Oct,Patna,Tier 2,15-17,Male,UPSC Prelims Foundation,Competitive Exam,Graduate,Annual,Offline,Active,23.9,45312.76,3.7
STU11848,2023-10-05,2023,Oct,Delhi,Tier 1,11-14,Female,Class 10 CBSE Complete,School Curriculum,10,Annual,Offline,Trial - Not Converted,2.9,0.0,
STU13153,2023-10-05,2023,Oct,Mumbai,Tier 1,11-14,Female,Class 8 Maths & Science,School Curriculum,8,Quarterly,Offline,Active,66.3,2909.76,5.0
STU15059,2023-10-06,2023,Oct,Mumbai,Tier 1,18+,Male,Spoken English Mastery,Skill Development,All,Annual,Online,Active,70.5,5103.04,4.0
STU13176,2023-10-06,2023,Oct,Lucknow,Tier 2,15-17,Male,JEE Main Foundation,Competitive Exam,11-12,Annual,Offline,Churned,57.0,36305.52,4.4
STU11847,2023-10-06,2023,Oct,Pune,Tier 1,18+,Male,Class 8 Maths & Science,School Curriculum,8,Monthly,Online,Active,64.0,949.43,3.7
STU13198,2023-10-06,2023,Oct,Delhi,Tier 1,11-14,Male,Class 6 Foundation,School Curriculum,6,Annual,Offline,Active,51.6,8045.88,4.2
STU14593,2023-10-06,2023,Oct,Kolkata,Tier 1,18+,Male,Class 6 Foundation,School Curriculum,6,Annual,Online,Completed,100.0,8659.76,4.5
STU11229,2023-10-06,2023,Oct,Meerut,Tier 3,11-14,Male,Coding for Kids - Scratch,Coding,3-5,Monthly,Online,Completed,100.0,643.45,4.6
STU10245,2023-10-07,2023,Oct,Meerut,Tier 3,15-17,Male,Class 8 Maths & Science,School Curriculum,8,Annual,Online,Active,83.6,9643.71,3.4
STU11676,2023-10-07,2023,Oct,Varanasi,Tier 3,15-17,Male,Class 10 CBSE Complete,School Curriculum,10,Annual,Online,Active,61.1,15044.08,4.2
STU11408,2023-10-07,2023,Oct,Bengaluru,Tier 1,11-14,Female,UPSC Prelims Foundation,Competitive Exam,Graduate,Monthly,Offline,Active,75.4,4660.6,3.8
STU10475,2023-10-07,2023,Oct,Lucknow,Tier 2,11-14,Female,JEE Main Foundation,Competitive Exam,11-12,Monthly,Offline,Active,29.1,3689.96,4.9
STU15649,2023-10-08,2023,Oct,Jaipur,Tier 2,6-10,Male,NEET Crash Course,Competitive Exam,11-12,Annual,Offline,Active,33.2,40138.75,3.9
STU13261,2023-10-08,2023,Oct,Jodhpur,Tier 3,15-17,Male,NEET Crash Course,Competitive Exam,11-12,Quarterly,Online,Active,42.0,12943.39,4.4
STU15284,2023-10-09,2023,Oct,Ahmedabad,Tier 1,6-10,Male,JEE Main Foundation,Competitive Exam,11-12,Annual,Online,Trial - Not Converted,5.5,0.0,
STU14094,2023-10-09,2023,Oct,Chennai,Tier 1,6-10,Female,UPSC Prelims Foundation,Competitive Exam,Graduate,Monthly,Offline,Active,66.8,5126.65,4.8
STU13915,2023-10-09,2023,Oct,Varanasi,Tier 3,11-14,Female,JEE Main Foundation,Competitive Exam,11-12,Quarterly,Online,Active,27.4,11660.89,4.6
STU11906,2023-10-09,2023,Oct,Patna,Tier 2,18+,Male,Coding for Kids - Scratch,Coding,3-5,Annual,Online,Active,71.6,6539.63,3.5
STU13399,2023-10-09,2023,Oct,Bengaluru,Tier 1,6-10,Male,Coding for Kids - Scratch,Coding,3-5,Annual,Online,Trial - Not Converted,4.2,0.0,
STU14485,2023-10-10,2023,Oct,Chennai,Tier 1,11-14,Female,Spoken English Mastery,Skill Development,All,Annual,Offline,Trial - Not Converted,6.5,0.0,
STU10368,2023-10-10,2023,Oct,Hyderabad,Tier 1,6-10,Male,Class 10 CBSE Complete,School Curriculum,10,Quarterly,Offline,Active,29.8,4290.6,4.6
STU10757,2023-10-11,2023,Oct,Kolkata,Tier 1,6-10,Male,NEET Crash Course,Competitive Exam,11-12,Annual,Offline,Active,73.3,45094.83,4.2
STU10477,2023-10-12,2023,Oct,Patna,Tier 2,11-14,Male,Python for Beginners,Coding,6-8,Annual,Online,Active,26.1,7176.56,3.8
STU15857,2023-10-12,2023,Oct,Ranchi,Tier 3,11-14,Female,Coding for Kids - Scratch,Coding,3-5,Quarterly,Online,Trial - Not Converted,17.2,0.0,
STU14713,2023-10-12,2023,Oct,Kota,Tier 3,6-10,Female,Coding for Kids - Scratch,Coding,3-5,Quarterly,Online,Active,93.6,1860.9,3.4
STU11435,2023-10-13,2023,Oct,Patna,Tier 2,6-10,Male,UPSC Prelims Foundation,Competitive Exam,Graduate,Quarterly,Offline,Active,32.8,14914.4,4.3
STU11112,2023-10-14,2023,Oct,Bhopal,Tier 2,11-14,Male,Spoken English Mastery,Skill Development,All,Quarterly,Online,Churned,35.8,1565.12,3.3
STU14071,2023-10-14,2023,Oct,Hyderabad,Tier 1,15-17,Male,JEE Main Foundation,Competitive Exam,11-12,Annual,Online,Active,60.2,33985.3,3.6
STU12713,2023-10-14,2023,Oct,Jaipur,Tier 2,18+,Female,Class 10 CBSE Complete,School Curriculum,10,Annual,Online,Trial - Not Converted,3.8,0.0,
STU12634,2023-10-14,2023,Oct,Bhopal,Tier 2,11-14,Male,NEET Crash Course,Competitive Exam,11-12,Annual,Online,Completed,100.0,43777.17,4.3
STU14306,2023-10-14,2023,Oct,Indore,Tier 2,11-14,Female,JEE Main Foundation,Competitive Exam,11-12,Annual,Offline,Active,60.7,38007.01,4.2
STU14720,2023-10-14,2023,Oct,Jaipur,Tier 2,15-17,Male,Class 6 Foundation,School Curriculum,6,Quarterly,Online,Active,67.3,2497.8,4.2
STU13004,2023-10-14,2023,Oct,Bhopal,Tier 2,6-10,Male,JEE Main Foundation,Competitive Exam,11-12,Quarterly,Online,Active,47.9,10612.68,4.6
STU15051,2023-10-15,2023,Oct,Ahmedabad,Tier 1,15-17,Female,Class 6 Foundation,School Curriculum,6,Quarterly,Offline,Active,99.9,2534.91,3.5
STU14262,2023-10-15,2023,Oct,Delhi,Tier 1,11-14,Male,Robotics & AI Basics,Coding,6-8,Monthly,Online,Active,54.9,1211.04,4.1
STU15482,2023-10-15,2023,Oct,Jaipur,Tier 2,6-10,Female,Robotics & AI Basics,Coding,6-8,Annual,Online,Trial - Not Converted,21.4,0.0,
STU10746,2023-10-15,2023,Oct,Ahmedabad,Tier 1,18+,Male,Class 10 CBSE Complete,School Curriculum,10,Quarterly,Offline,Completed,100.0,4237.46,4.3
STU10841,2023-10-15,2023,Oct,Jodhpur,Tier 3,15-17,Female,NEET Crash Course,Competitive Exam,11-12,Quarterly,Online,Active,46.0,12226.64,4.4
STU12119,2023-10-15,2023,Oct,Meerut,Tier 3,18+,Female,Class 6 Foundation,School Curriculum,6,Monthly,Online,Churned,25.8,857.97,3.7
STU14809,2023-10-15,2023,Oct,Hyderabad,Tier 1,11-14,Male,Spoken English Mastery,Skill Development,All,Annual,Online,Active,56.8,4592.56,5.0
STU15833,2023-10-16,2023,Oct,Delhi,Tier 1,6-10,Female,JEE Main Foundation,Competitive Exam,11-12,Annual,Offline,Active,75.0,34587.77,3.4
STU15991,2023-10-16,2023,Oct,Patna,Tier 2,6-10,Male,UPSC Prelims Foundation,Competitive Exam,Graduate,Annual,Online,Churned,53.5,50529.08,4.1
STU11600,2023-10-16,2023,Oct,Lucknow,Tier 2,6-10,Female,Python for Beginners,Coding,6-8,Annual,Online,Churned,49.6,7857.92,4.6
STU14489,2023-10-17,2023,Oct,Mumbai,Tier 1,18+,Male,Spoken English Mastery,Skill Development,All,Monthly,Online,Active,89.3,502.39,4.6
STU13921,2023-10-17,2023,Oct,Jodhpur,Tier 3,11-14,Female,Robotics & AI Basics,Coding,6-8,Monthly,Online,Churned,44.2,1153.6,3.8
STU12340,2023-10-17,2023,Oct,Chennai,Tier 1,15-17,Female,UPSC Prelims Foundation,Competitive Exam,Graduate,Monthly,Online,Active,75.9,4675.32,3.6
STU10285,2023-10-17,2023,Oct,Pune,Tier 1,18+,Female,Class 8 Maths & Science,School Curriculum,8,Monthly,Online,Completed,100.0,989.57,3.6
STU15383,2023-10-17,2023,Oct,Lucknow,Tier 2,11-14,Male,Spoken English Mastery,Skill Development,All,Monthly,Online,Active,36.6,506.8,4.7
STU12531,2023-10-18,2023,Oct,Ahmedabad,Tier 1,11-14,Female,Spoken English Mastery,Skill Development,All,Annual,Online,Active,76.2,5028.05,3.6
STU12554,2023-10-18,2023,Oct,Pune,Tier 1,6-10,Male,UPSC Prelims Foundation,Competitive Exam,Graduate,Annual,Offline,Trial - Not Converted,17.6,0.0,
STU11142,2023-10-18,2023,Oct,Delhi,Tier 1,18+,Female,UPSC Prelims Foundation,Competitive Exam,Graduate,Quarterly,Offline,Trial - Not Converted,2.0,0.0,
STU13298,2023-10-19,2023,Oct,Nagpur,Tier 2,18+,Male,Coding for Kids - Scratch,Coding,3-5,Annual,Online,Active,94.1,6960.6,4.6
STU14386,2023-10-19,2023,Oct,Indore,Tier 2,6-10,Female,Spoken English Mastery,Skill Development,All,Monthly,Online,Churned,24.4,495.9,4.2
STU12826,2023-10-19,2023,Oct,Patna,Tier 2,18+,Male,Python for Beginners,Coding,6-8,Annual,Offline,Trial - Not Converted,9.4,0.0,
STU13532,2023-10-19,2023,Oct,Bengaluru,Tier 1,18+,Female,Robotics & AI Basics,Coding,6-8,Monthly,Online,Active,34.2,1198.38,4.2
STU10817,2023-10-19,2023,Oct,Lucknow,Tier 2,18+,Male,Robotics & AI Basics,Coding,6-8,Quarterly,Online,Trial - Not Converted,16.2,0.0,
STU11552,2023-10-19,2023,Oct,Kolkata,Tier 1,15-17,Male,JEE Main Foundation,Competitive Exam,11-12,Quarterly,Online,Active,32.9,11726.78,4.5
STU14430,2023-10-20,2023,Oct,Hyderabad,Tier 1,6-10,Female,Class 8 Maths & Science,School Curriculum,8,Annual,Online,Active,43.6,9191.83,3.2
STU13599,2023-10-20,2023,Oct,Pune,Tier 1,6-10,Female,Class 8 Maths & Science,School Curriculum,8,Quarterly,Offline,Active,61.1,2837.22,4.5
STU15298,2023-10-20,2023,Oct,Mumbai,Tier 1,11-14,Male,Class 6 Foundation,School Curriculum,6,Quarterly,Offline,Active,35.1,2450.35,4.9
STU13311,2023-10-20,2023,Oct,Patna,Tier 2,18+,Male,Class 8 Maths & Science,School Curriculum,8,Quarterly,Offline,Active,67.4,2993.21,4.2
STU12317,2023-10-20,2023,Oct,Surat,Tier 2,11-14,Female,Class 6 Foundation,School Curriculum,6,Annual,Offline,Trial - Not Converted,8.6,0.0,
STU15378,2023-10-20,2023,Oct,Indore,Tier 2,11-14,Male,UPSC Prelims Foundation,Competitive Exam,Graduate,Annual,Offline,Active,90.8,50847.47,3.7
STU13961,2023-10-20,2023,Oct,Ahmedabad,Tier 1,11-14,Female,Class 10 CBSE Complete,School Curriculum,10,Annual,Offline,Completed,100.0,15435.09,4.8
STU13199,2023-10-21,2023,Oct,Kanpur,Tier 2,15-17,Male,Python for Beginners,Coding,6-8,Annual,Online,Trial - Not Converted,15.4,0.0,
STU10801,2023-10-21,2023,Oct,Guwahati,Tier 3,6-10,Female,JEE Main Foundation,Competitive Exam,11-12,Annual,Offline,Trial - Not Converted,1.6,0.0,
STU12102,2023-10-21,2023,Oct,Raipur,Tier 3,11-14,Male,Spoken English Mastery,Skill Development,All,Quarterly,Online,Active,91.9,1394.59,3.8
STU14446,2023-10-22,2023,Oct,Mumbai,Tier 1,15-17,Male,Class 10 CBSE Complete,School Curriculum,10,Monthly,Online,Trial - Not Converted,22.5,0.0,
STU10745,2023-10-22,2023,Oct,Lucknow,Tier 2,6-10,Female,Spoken English Mastery,Skill Development,All,Annual,Offline,Churned,38.4,4778.4,4.0
STU10612,2023-10-22,2023,Oct,Chennai,Tier 1,18+,Male,JEE Main Foundation,Competitive Exam,11-12,Annual,Online,Active,98.9,35895.97,4.4
STU10553,2023-10-22,2023,Oct,Ahmedabad,Tier 1,18+,Male,Coding for Kids - Scratch,Coding,3-5,Annual,Offline,Churned,13.3,6024.29,3.9
STU13715,2023-10-23,2023,Oct,Jaipur,Tier 2,11-14,Male,NEET Crash Course,Competitive Exam,11-12,Quarterly,Online,Active,72.6,12076.0,3.3
STU11712,2023-10-23,2023,Oct,Surat,Tier 2,15-17,Male,Python for Beginners,Coding,6-8,Annual,Online,Active,30.1,7228.84,4.3
STU10805,2023-10-24,2023,Oct,Bhopal,Tier 2,15-17,Female,Coding for Kids - Scratch,Coding,3-5,Monthly,Offline,Active,99.4,689.16,5.0
STU10614,2023-10-24,2023,Oct,Kota,Tier 3,18+,Female,NEET Crash Course,Competitive Exam,11-12,Annual,Offline,Active,58.2,39627.38,3.5
STU12901,2023-10-24,2023,Oct,Mumbai,Tier 1,11-14,Male,Class 8 Maths & Science,School Curriculum,8,Annual,Online,Active,99.7,9993.99,4.5
STU15016,2023-10-24,2023,Oct,Patna,Tier 2,15-17,Female,Class 8 Maths & Science,School Curriculum,8,Monthly,Online,Active,82.6,984.05,4.0
STU15959,2023-10-24,2023,Oct,Lucknow,Tier 2,6-10,Male,NEET Crash Course,Competitive Exam,11-12,Annual,Online,Churned,47.6,42417.64,4.6
STU14884,2023-10-24,2023,Oct,Kanpur,Tier 2,15-17,Female,JEE Main Foundation,Competitive Exam,11-12,Annual,Offline,Active,46.9,36318.5,4.3
STU10635,2023-10-24,2023,Oct,Chennai,Tier 1,6-10,Female,JEE Main Foundation,Competitive Exam,11-12,Monthly,Offline,Active,55.6,3377.86,4.9
STU15143,2023-10-25,2023,Oct,Surat,Tier 2,11-14,Female,JEE Main Foundation,Competitive Exam,11-12,Monthly,Online,Active,51.3,3698.97,2.9
STU12063,2023-10-25,2023,Oct,Patna,Tier 2,18+,Male,Coding for Kids - Scratch,Coding,3-5,Annual,Online,Trial - Not Converted,21.2,0.0,
STU12055,2023-10-25,2023,Oct,Bengaluru,Tier 1,18+,Male,Python for Beginners,Coding,6-8,Quarterly,Online,Completed,100.0,2139.58,3.7
STU11096,2023-10-25,2023,Oct,Kanpur,Tier 2,15-17,Male,Spoken English Mastery,Skill Development,All,Annual,Online,Trial - Not Converted,21.1,0.0,
STU13149,2023-10-25,2023,Oct,Nagpur,Tier 2,18+,Female,Class 10 CBSE Complete,School Curriculum,10,Annual,Offline,Active,75.4,13594.57,4.1
STU13201,2023-10-25,2023,Oct,Raipur,Tier 3,15-17,Female,Python for Beginners,Coding,6-8,Annual,Online,Trial - Not Converted,23.4,0.0,
STU15526,2023-10-26,2023,Oct,Jodhpur,Tier 3,11-14,Female,Class 10 CBSE Complete,School Curriculum,10,Quarterly,Online,Churned,40.7,4580.57,4.5
STU15071,2023-10-26,2023,Oct,Kota,Tier 3,18+,Male,Python for Beginners,Coding,6-8,Quarterly,Online,Trial - Not Converted,9.4,0.0,
STU11722,2023-10-26,2023,Oct,Pune,Tier 1,15-17,Female,NEET Crash Course,Competitive Exam,11-12,Annual,Online,Completed,100.0,41922.71,4.4
STU13067,2023-10-26,2023,Oct,Patna,Tier 2,6-10,Male,Python for Beginners,Coding,6-8,Quarterly,Online,Active,21.3,2264.11,3.2
STU15174,2023-10-27,2023,Oct,Bhopal,Tier 2,11-14,Female,Spoken English Mastery,Skill Development,All,Annual,Online,Active,49.1,5071.35,4.8
STU12753,2023-10-27,2023,Oct,Jodhpur,Tier 3,6-10,Female,Class 6 Foundation,School Curriculum,6,Monthly,Offline,Active,53.1,798.93,4.1
STU12435,2023-10-27,2023,Oct,Jodhpur,Tier 3,6-10,Female,Robotics & AI Basics,Coding,6-8,Quarterly,Offline,Active,24.3,3478.83,4.1
STU10130,2023-10-27,2023,Oct,Nagpur,Tier 2,6-10,Male,Python for Beginners,Coding,6-8,Annual,Online,Trial - Not Converted,19.9,0.0,
STU12495,2023-10-28,2023,Oct,Lucknow,Tier 2,6-10,Female,Python for Beginners,Coding,6-8,Quarterly,Online,Completed,100.0,2291.17,4.5
STU11201,2023-10-28,2023,Oct,Meerut,Tier 3,6-10,Male,Spoken English Mastery,Skill Development,All,Monthly,Online,Active,80.7,479.24,4.0
STU10024,2023-10-28,2023,Oct,Indore,Tier 2,18+,Male,Robotics & AI Basics,Coding,6-8,Quarterly,Online,Completed,100.0,3925.13,4.9
STU15592,2023-10-28,2023,Oct,Bhopal,Tier 2,11-14,Female,Class 8 Maths & Science,School Curriculum,8,Annual,Offline,Active,97.4,9062.37,4.8
STU10883,2023-10-28,2023,Oct,Kota,Tier 3,18+,Female,Class 8 Maths & Science,School Curriculum,8,Quarterly,Online,Active,20.5,3052.55,4.6
STU12984,2023-10-29,2023,Oct,Jaipur,Tier 2,6-10,Female,UPSC Prelims Foundation,Competitive Exam,Graduate,Quarterly,Offline,Trial - Not Converted,18.8,0.0,
STU13713,2023-10-29,2023,Oct,Delhi,Tier 1,15-17,Male,Class 10 CBSE Complete,School Curriculum,10,Annual,Online,Active,87.2,14029.65,3.6
STU10468,2023-10-29,2023,Oct,Kanpur,Tier 2,6-10,Male,Class 6 Foundation,School Curriculum,6,Annual,Offline,Trial - Not Converted,8.0,0.0,
STU10825,2023-10-29,2023,Oct,Indore,Tier 2,15-17,Female,Coding for Kids - Scratch,Coding,3-5,Annual,Online,Trial - Not Converted,12.3,0.0,
STU10912,2023-10-30,2023,Oct,Kota,Tier 3,6-10,Male,NEET Crash Course,Competitive Exam,11-12,Annual,Online,Completed,100.0,45482.76,5.0
STU10197,2023-10-30,2023,Oct,Delhi,Tier 1,11-14,Female,Spoken English Mastery,Skill Development,All,Monthly,Online,Active,29.6,484.96,4.8
STU14309,2023-10-30,2023,Oct,Mumbai,Tier 1,6-10,Male,UPSC Prelims Foundation,Competitive Exam,Graduate,Annual,Offline,Active,99.9,47736.3,5.0
STU15094,2023-10-31,2023,Oct,Patna,Tier 2,6-10,Female,JEE Main Foundation,Competitive Exam,11-12,Monthly,Online,Trial - Not Converted,10.9,0.0,
STU13378,2023-10-31,2023,Oct,Patna,Tier 2,11-14,Female,Python for Beginners,Coding,6-8,Quarterly,Online,Completed,100.0,2405.09,3.5
STU12066,2023-10-31,2023,Oct,Chennai,Tier 1,6-10,Male,Python for Beginners,Coding,6-8,Monthly,Online,Active,76.9,726.26,4.3
STU12417,2023-10-31,2023,Oct,Kolkata,Tier 1,18+,Female,NEET Crash Course,Competitive Exam,11-12,Monthly,Offline,Trial - Not Converted,23.8,0.0,
STU12112,2023-10-31,2023,Oct,Chennai,Tier 1,6-10,Male,JEE Main Foundation,Competitive Exam,11-12,Quarterly,Online,Completed,100.0,11017.76,4.8
STU12212,2023-10-31,2023,Oct,Kolkata,Tier 1,15-17,Male,Class 10 CBSE Complete,School Curriculum,10,Monthly,Online,Active,23.4,1471.59,4.3
STU12678,2023-10-31,2023,Oct,Kanpur,Tier 2,15-17,Female,Class 10 CBSE Complete,School Curriculum,10,Annual,Offline,Churned,55.5,13947.04,5.0
STU12806,2023-11-01,2023,Nov,Indore,Tier 2,18+,Female,Class 6 Foundation,School Curriculum,6,Quarterly,Online,Active,37.8,2275.6,4.6
STU11903,2023-11-01,2023,Nov,Chennai,Tier 1,15-17,Male,JEE Main Foundation,Competitive Exam,11-12,Annual,Online,Active,24.5,35083.32,4.9
STU11874,2023-11-01,2023,Nov,Bengaluru,Tier 1,15-17,Male,Robotics & AI Basics,Coding,6-8,Quarterly,Online,Trial - Not Converted,3.3,0.0,
STU13818,2023-11-01,2023,Nov,Guwahati,Tier 3,11-14,Female,Spoken English Mastery,Skill Development,All,Annual,Online,Active,96.6,4978.09,4.7
STU11902,2023-11-01,2023,Nov,Surat,Tier 2,11-14,Female,Spoken English Mastery,Skill Development,All,Annual,Online,Trial - Not Converted,4.5,0.0,
STU10438,2023-11-02,2023,Nov,Surat,Tier 2,18+,Male,UPSC Prelims Foundation,Competitive Exam,Graduate,Annual,Online,Trial - Not Converted,23.0,0.0,
STU14042,2023-11-02,2023,Nov,Kanpur,Tier 2,6-10,Male,JEE Main Foundation,Competitive Exam,11-12,Quarterly,Online,Trial - Not Converted,4.4,0.0,
STU15026,2023-11-02,2023,Nov,Hyderabad,Tier 1,11-14,Male,Coding for Kids - Scratch,Coding,3-5,Annual,Online,Active,71.7,6861.41,2.9
STU10121,2023-11-03,2023,Nov,Pune,Tier 1,11-14,Female,Robotics & AI Basics,Coding,6-8,Annual,Online,Active,53.9,11330.58,3.6
STU14366,2023-11-03,2023,Nov,Chennai,Tier 1,6-10,Male,Robotics & AI Basics,Coding,6-8,Annual,Online,Churned,23.4,11796.46,5.0
STU12281,2023-11-03,2023,Nov,Kanpur,Tier 2,6-10,Male,NEET Crash Course,Competitive Exam,11-12,Annual,Online,Active,22.2,40028.6,4.4
STU15031,2023-11-03,2023,Nov,Guwahati,Tier 3,15-17,Female,UPSC Prelims Foundation,Competitive Exam,Graduate,Annual,Offline,Completed,100.0,50304.47,4.5
STU15221,2023-11-04,2023,Nov,Kota,Tier 3,18+,Female,Robotics & AI Basics,Coding,6-8,Annual,Online,Active,98.7,11251.8,4.9
STU11566,2023-11-04,2023,Nov,Kolkata,Tier 1,15-17,Male,Python for Beginners,Coding,6-8,Quarterly,Offline,Active,89.4,2283.56,4.0
STU14311,2023-11-04,2023,Nov,Ranchi,Tier 3,15-17,Male,Class 10 CBSE Complete,School Curriculum,10,Annual,Online,Completed,100.0,14017.49,4.5
STU13367,2023-11-04,2023,Nov,Lucknow,Tier 2,6-10,Male,NEET Crash Course,Competitive Exam,11-12,Monthly,Online,Churned,40.5,4375.77,5.0
STU12511,2023-11-05,2023,Nov,Lucknow,Tier 2,18+,Female,Class 8 Maths & Science,School Curriculum,8,Annual,Offline,Active,61.9,9144.42,3.9
STU14854,2023-11-05,2023,Nov,Indore,Tier 2,11-14,Female,Spoken English Mastery,Skill Development,All,Quarterly,Online,Completed,100.0,1465.03,3.8
STU13188,2023-11-05,2023,Nov,Bhopal,Tier 2,11-14,Male,Spoken English Mastery,Skill Development,All,Annual,Online,Churned,36.9,4837.4,3.7
STU15659,2023-11-05,2023,Nov,Jaipur,Tier 2,15-17,Female,NEET Crash Course,Competitive Exam,11-12,Monthly,Online,Active,95.7,4293.59,3.6
STU15856,2023-11-05,2023,Nov,Mumbai,Tier 1,15-17,Male,Class 10 CBSE Complete,School Curriculum,10,Annual,Offline,Active,47.7,14219.23,4.7
STU12958,2023-11-06,2023,Nov,Bengaluru,Tier 1,11-14,Male,UPSC Prelims Foundation,Competitive Exam,Graduate,Annual,Offline,Trial - Not Converted,16.8,0.0,
STU14127,2023-11-06,2023,Nov,Kolkata,Tier 1,18+,Female,NEET Crash Course,Competitive Exam,11-12,Annual,Online,Active,36.0,43444.66,4.1
STU10633,2023-11-07,2023,Nov,Hyderabad,Tier 1,6-10,Female,JEE Main Foundation,Competitive Exam,11-12,Annual,Online,Active,71.4,37722.32,3.9
STU10735,2023-11-07,2023,Nov,Jaipur,Tier 2,6-10,Male,Robotics & AI Basics,Coding,6-8,Annual,Online,Active,39.2,12787.31,4.3
STU13474,2023-11-07,2023,Nov,Patna,Tier 2,15-17,Female,Python for Beginners,Coding,6-8,Annual,Online,Active,72.7,8162.48,3.3
STU10287,2023-11-07,2023,Nov,Delhi,Tier 1,11-14,Female,Python for Beginners,Coding,6-8,Annual,Online,Completed,100.0,7154.2,4.1
STU13544,2023-11-07,2023,Nov,Hyderabad,Tier 1,6-10,Female,Spoken English Mastery,Skill Development,All,Annual,Online,Active,59.1,5165.79,3.6
STU13602,2023-11-08,2023,Nov,Patna,Tier 2,6-10,Female,Robotics & AI Basics,Coding,6-8,Quarterly,Online,Trial - Not Converted,1.4,0.0,
STU12597,2023-11-08,2023,Nov,Patna,Tier 2,11-14,Male,UPSC Prelims Foundation,Competitive Exam,Graduate,Annual,Offline,Completed,100.0,47394.16,4.6
STU11646,2023-11-08,2023,Nov,Kota,Tier 3,18+,Male,Robotics & AI Basics,Coding,6-8,Annual,Online,Trial - Not Converted,15.4,0.0,
STU15911,2023-11-09,2023,Nov,Bhopal,Tier 2,18+,Female,Class 8 Maths & Science,School Curriculum,8,Annual,Offline,Active,75.5,9757.98,4.8
STU12037,2023-11-09,2023,Nov,Surat,Tier 2,11-14,Male,Class 10 CBSE Complete,School Curriculum,10,Quarterly,Online,Churned,53.5,4693.39,3.4
STU14846,2023-11-10,2023,Nov,Hyderabad,Tier 1,6-10,Male,Class 6 Foundation,School Curriculum,6,Quarterly,Online,Trial - Not Converted,11.9,0.0,
STU15330,2023-11-10,2023,Nov,Ranchi,Tier 3,18+,Female,UPSC Prelims Foundation,Competitive Exam,Graduate,Monthly,Offline,Trial - Not Converted,19.2,0.0,
STU10065,2023-11-10,2023,Nov,Lucknow,Tier 2,11-14,Male,Class 6 Foundation,School Curriculum,6,Annual,Offline,Active,88.9,8742.67,4.9
STU15289,2023-11-10,2023,Nov,Bengaluru,Tier 1,6-10,Female,Python for Beginners,Coding,6-8,Annual,Online,Active,77.8,8050.06,4.4
STU10873,2023-11-10,2023,Nov,Bengaluru,Tier 1,11-14,Female,Coding for Kids - Scratch,Coding,3-5,Quarterly,Online,Active,56.9,2005.48,4.3
STU13335,2023-11-11,2023,Nov,Kanpur,Tier 2,15-17,Female,NEET Crash Course,Competitive Exam,11-12,Annual,Offline,Trial - Not Converted,2.9,0.0,
STU12044,2023-11-11,2023,Nov,Bengaluru,Tier 1,15-17,Female,UPSC Prelims Foundation,Competitive Exam,Graduate,Annual,Offline,Churned,16.9,46459.25,5.0
STU12270,2023-11-11,2023,Nov,Nagpur,Tier 2,15-17,Male,Robotics & AI Basics,Coding,6-8,Annual,Online,Active,68.2,12661.9,4.6
STU14059,2023-11-11,2023,Nov,Meerut,Tier 3,15-17,Female,NEET Crash Course,Competitive Exam,11-12,Annual,Online,Active,51.9,41973.57,4.6
STU13251,2023-11-11,2023,Nov,Indore,Tier 2,11-14,Male,Coding for Kids - Scratch,Coding,3-5,Monthly,Online,Churned,58.8,682.94,3.9
STU15099,2023-11-12,2023,Nov,Chennai,Tier 1,18+,Male,Class 6 Foundation,School Curriculum,6,Annual,Offline,Active,88.5,8619.43,4.2
STU11512,2023-11-12,2023,Nov,Chennai,Tier 1,6-10,Female,UPSC Prelims Foundation,Competitive Exam,Graduate,Annual,Online,Churned,56.2,49745.88,4.5
STU12137,2023-11-12,2023,Nov,Kolkata,Tier 1,6-10,Male,Class 6 Foundation,School Curriculum,6,Quarterly,Offline,Active,87.8,2469.91,3.6
STU10479,2023-11-12,2023,Nov,Chennai,Tier 1,18+,Male,Robotics & AI Basics,Coding,6-8,Annual,Online,Active,56.3,11509.81,4.0
STU13214,2023-11-12,2023,Nov,Mumbai,Tier 1,6-10,Male,Class 8 Maths & Science,School Curriculum,8,Quarterly,Offline,Completed,100.0,2850.95,3.9
STU12889,2023-11-12,2023,Nov,Bengaluru,Tier 1,15-17,Male,Class 6 Foundation,School Curriculum,6,Quarterly,Offline,Trial - Not Converted,17.7,0.0,
STU12631,2023-11-12,2023,Nov,Varanasi,Tier 3,6-10,Female,Class 10 CBSE Complete,School Curriculum,10,Quarterly,Online,Active,78.9,4685.3,4.9
STU12661,2023-11-12,2023,Nov,Kanpur,Tier 2,15-17,Female,Robotics & AI Basics,Coding,6-8,Annual,Online,Active,48.3,11445.89,5.0
STU10878,2023-11-12,2023,Nov,Jaipur,Tier 2,11-14,Female,Robotics & AI Basics,Coding,6-8,Annual,Offline,Active,98.2,11896.93,4.1
STU14515,2023-11-13,2023,Nov,Hyderabad,Tier 1,15-17,Male,JEE Main Foundation,Competitive Exam,11-12,Monthly,Offline,Completed,100.0,3424.74,4.2
STU11092,2023-11-13,2023,Nov,Varanasi,Tier 3,15-17,Male,Class 10 CBSE Complete,School Curriculum,10,Annual,Offline,Active,28.1,14531.24,4.9
STU14634,2023-11-13,2023,Nov,Mumbai,Tier 1,6-10,Female,Python for Beginners,Coding,6-8,Quarterly,Online,Active,93.4,2177.09,3.7
STU12825,2023-11-13,2023,Nov,Bengaluru,Tier 1,15-17,Male,Class 10 CBSE Complete,School Curriculum,10,Annual,Offline,Active,33.5,14019.97,4.1
STU11761,2023-11-14,2023,Nov,Bengaluru,Tier 1,11-14,Male,Class 8 Maths & Science,School Curriculum,8,Quarterly,Offline,Churned,21.6,3139.84,4.0
STU13297,2023-11-14,2023,Nov,Pune,Tier 1,18+,Female,NEET Crash Course,Competitive Exam,11-12,Monthly,Offline,Active,84.9,4201.44,4.8
STU12008,2023-11-14,2023,Nov,Mumbai,Tier 1,15-17,Female,Class 10 CBSE Complete,School Curriculum,10,Annual,Online,Trial - Not Converted,9.8,0.0,
STU12659,2023-11-14,2023,Nov,Delhi,Tier 1,6-10,Male,UPSC Prelims Foundation,Competitive Exam,Graduate,Monthly,Offline,Completed,100.0,5027.85,5.0
STU13748,2023-11-14,2023,Nov,Bengaluru,Tier 1,18+,Male,Robotics & AI Basics,Coding,6-8,Monthly,Offline,Completed,100.0,1204.42,4.2
STU11964,2023-11-14,2023,Nov,Delhi,Tier 1,6-10,Female,NEET Crash Course,Competitive Exam,11-12,Annual,Online,Active,25.9,41615.78,4.5
STU12915,2023-11-15,2023,Nov,Bhopal,Tier 2,6-10,Female,NEET Crash Course,Competitive Exam,11-12,Annual,Offline,Trial - Not Converted,17.4,0.0,
STU12062,2023-11-15,2023,Nov,Guwahati,Tier 3,18+,Female,Class 6 Foundation,School Curriculum,6,Annual,Online,Churned,27.3,8287.19,5.0
STU13266,2023-11-15,2023,Nov,Ranchi,Tier 3,15-17,Male,NEET Crash Course,Competitive Exam,11-12,Quarterly,Offline,Churned,57.1,13084.57,3.1
STU14999,2023-11-15,2023,Nov,Hyderabad,Tier 1,11-14,Male,Coding for Kids - Scratch,Coding,3-5,Annual,Online,Completed,100.0,6391.71,4.9
STU14293,2023-11-15,2023,Nov,Chennai,Tier 1,18+,Male,Class 8 Maths & Science,School Curriculum,8,Quarterly,Offline,Completed,100.0,2866.91,4.2
STU10966,2023-11-16,2023,Nov,Pune,Tier 1,6-10,Female,JEE Main Foundation,Competitive Exam,11-12,Quarterly,Offline,Completed,100.0,10420.77,4.1
STU15545,2023-11-16,2023,Nov,Chennai,Tier 1,18+,Female,Robotics & AI Basics,Coding,6-8,Monthly,Online,Trial - Not Converted,1.6,0.0,
STU14774,2023-11-16,2023,Nov,Chennai,Tier 1,6-10,Male,Python for Beginners,Coding,6-8,Quarterly,Online,Active,57.3,2490.38,4.4
STU14744,2023-11-16,2023,Nov,Bengaluru,Tier 1,18+,Female,Python for Beginners,Coding,6-8,Monthly,Online,Active,85.6,819.51,4.4
STU11648,2023-11-16,2023,Nov,Pune,Tier 1,15-17,Female,Coding for Kids - Scratch,Coding,3-5,Quarterly,Online,Active,35.9,1922.39,4.0
STU14245,2023-11-16,2023,Nov,Patna,Tier 2,18+,Male,Class 6 Foundation,School Curriculum,6,Annual,Online,Active,34.0,7933.29,4.8
STU12683,2023-11-16,2023,Nov,Mumbai,Tier 1,18+,Male,Robotics & AI Basics,Coding,6-8,Quarterly,Online,Trial - Not Converted,5.2,0.0,
STU11386,2023-11-17,2023,Nov,Patna,Tier 2,15-17,Female,Class 8 Maths & Science,School Curriculum,8,Annual,Offline,Active,95.8,9484.88,3.9
STU13679,2023-11-17,2023,Nov,Patna,Tier 2,11-14,Female,Python for Beginners,Coding,6-8,Annual,Online,Active,84.7,8240.43,3.3
STU14659,2023-11-17,2023,Nov,Ahmedabad,Tier 1,11-14,Male,Class 8 Maths & Science,School Curriculum,8,Annual,Online,Active,89.7,9640.97,3.2
STU13485,2023-11-17,2023,Nov,Kolkata,Tier 1,6-10,Male,Spoken English Mastery,Skill Development,All,Annual,Online,Trial - Not Converted,11.4,0.0,
STU13358,2023-11-18,2023,Nov,Kota,Tier 3,15-17,Female,Class 8 Maths & Science,School Curriculum,8,Monthly,Offline,Trial - Not Converted,12.9,0.0,
STU14216,2023-11-19,2023,Nov,Varanasi,Tier 3,6-10,Female,Spoken English Mastery,Skill Development,All,Monthly,Online,Active,92.6,464.4,5.0
STU13780,2023-11-19,2023,Nov,Surat,Tier 2,15-17,Female,Spoken English Mastery,Skill Development,All,Monthly,Online,Active,39.5,489.46,5.0
STU10840,2023-11-19,2023,Nov,Lucknow,Tier 2,6-10,Male,Class 8 Maths & Science,School Curriculum,8,Annual,Online,Active,61.3,9487.14,4.4
STU10366,2023-11-19,2023,Nov,Mumbai,Tier 1,11-14,Female,Python for Beginners,Coding,6-8,Quarterly,Offline,Trial - Not Converted,5.4,0.0,
STU10467,2023-11-19,2023,Nov,Kolkata,Tier 1,18+,Male,Coding for Kids - Scratch,Coding,3-5,Monthly,Online,Completed,100.0,677.56,5.0
STU15076,2023-11-19,2023,Nov,Kanpur,Tier 2,15-17,Male,Coding for Kids - Scratch,Coding,3-5,Monthly,Online,Completed,100.0,636.05,3.3
STU14279,2023-11-19,2023,Nov,Bengaluru,Tier 1,15-17,Female,NEET Crash Course,Competitive Exam,11-12,Monthly,Online,Active,80.1,4523.8,2.9
STU10609,2023-11-20,2023,Nov,Surat,Tier 2,15-17,Female,UPSC Prelims Foundation,Competitive Exam,Graduate,Monthly,Offline,Completed,100.0,4603.96,3.8
STU10911,2023-11-20,2023,Nov,Jaipur,Tier 2,15-17,Male,Robotics & AI Basics,Coding,6-8,Annual,Offline,Active,30.0,11491.39,4.0
STU10638,2023-11-20,2023,Nov,Guwahati,Tier 3,15-17,Male,Robotics & AI Basics,Coding,6-8,Annual,Online,Active,82.4,11846.36,5.0
STU14812,2023-11-20,2023,Nov,Mumbai,Tier 1,6-10,Female,Spoken English Mastery,Skill Development,All,Monthly,Online,Completed,100.0,493.53,3.9
STU10986,2023-11-20,2023,Nov,Surat,Tier 2,15-17,Female,UPSC Prelims Foundation,Competitive Exam,Graduate,Annual,Online,Active,36.2,52425.92,4.1
STU15442,2023-11-20,2023,Nov,Delhi,Tier 1,18+,Male,Spoken English Mastery,Skill Development,All,Monthly,Online,Trial - Not Converted,14.9,0.0,
STU12878,2023-11-20,2023,Nov,Ahmedabad,Tier 1,18+,Female,Class 10 CBSE Complete,School Curriculum,10,Annual,Online,Trial - Not Converted,13.3,0.0,
STU14538,2023-11-20,2023,Nov,Mumbai,Tier 1,6-10,Female,UPSC Prelims Foundation,Competitive Exam,Graduate,Quarterly,Offline,Active,35.3,14623.92,4.8
STU12230,2023-11-20,2023,Nov,Nagpur,Tier 2,11-14,Male,Spoken English Mastery,Skill Development,All,Quarterly,Online,Active,43.2,1566.51,4.6
STU15879,2023-11-20,2023,Nov,Bengaluru,Tier 1,11-14,Female,Class 6 Foundation,School Curriculum,6,Annual,Online,Active,77.9,7708.93,4.8
STU13859,2023-11-21,2023,Nov,Ahmedabad,Tier 1,18+,Male,Class 8 Maths & Science,School Curriculum,8,Monthly,Offline,Completed,100.0,1049.3,4.5
STU14468,2023-11-21,2023,Nov,Delhi,Tier 1,15-17,Female,JEE Main Foundation,Competitive Exam,11-12,Annual,Online,Active,40.0,36459.31,4.8
STU10773,2023-11-21,2023,Nov,Delhi,Tier 1,18+,Female,JEE Main Foundation,Competitive Exam,11-12,Quarterly,Offline,Trial - Not Converted,22.5,0.0,
STU14067,2023-11-21,2023,Nov,Hyderabad,Tier 1,11-14,Female,Robotics & AI Basics,Coding,6-8,Quarterly,Online,Completed,100.0,3905.28,5.0
STU10875,2023-11-22,2023,Nov,Indore,Tier 2,15-17,Male,Class 10 CBSE Complete,School Curriculum,10,Monthly,Offline,Trial - Not Converted,23.7,0.0,
STU10704,2023-11-22,2023,Nov,Ranchi,Tier 3,6-10,Male,Class 10 CBSE Complete,School Curriculum,10,Annual,Offline,Completed,100.0,15050.14,4.6
STU11919,2023-11-22,2023,Nov,Meerut,Tier 3,18+,Male,Python for Beginners,Coding,6-8,Annual,Online,Active,76.6,8283.75,3.6
STU10459,2023-11-22,2023,Nov,Jaipur,Tier 2,18+,Female,Class 10 CBSE Complete,School Curriculum,10,Annual,Online,Completed,100.0,15618.24,4.5
STU12092,2023-11-22,2023,Nov,Mumbai,Tier 1,11-14,Female,Coding for Kids - Scratch,Coding,3-5,Annual,Online,Active,51.2,6876.56,4.6
STU15153,2023-11-23,2023,Nov,Pune,Tier 1,6-10,Male,Python for Beginners,Coding,6-8,Annual,Online,Trial - Not Converted,19.3,0.0,
STU15444,2023-11-23,2023,Nov,Jodhpur,Tier 3,11-14,Male,NEET Crash Course,Competitive Exam,11-12,Annual,Offline,Completed,100.0,40489.65,3.9
STU12271,2023-11-23,2023,Nov,Delhi,Tier 1,15-17,Male,Coding for Kids - Scratch,Coding,3-5,Annual,Online,Churned,56.2,6492.07,3.5
STU15326,2023-11-23,2023,Nov,Indore,Tier 2,11-14,Female,Class 6 Foundation,School Curriculum,6,Quarterly,Offline,Trial - Not Converted,24.8,0.0,
STU12508,2023-11-23,2023,Nov,Kanpur,Tier 2,11-14,Male,Spoken English Mastery,Skill Development,All,Monthly,Online,Active,93.1,454.96,2.8
STU11303,2023-11-23,2023,Nov,Bengaluru,Tier 1,6-10,Female,NEET Crash Course,Competitive Exam,11-12,Monthly,Offline,Active,38.6,4501.35,4.9
STU12226,2023-11-23,2023,Nov,Ahmedabad,Tier 1,6-10,Female,Coding for Kids - Scratch,Coding,3-5,Monthly,Online,Trial - Not Converted,18.0,0.0,
STU15355,2023-11-23,2023,Nov,Jaipur,Tier 2,15-17,Male,Python for Beginners,Coding,6-8,Monthly,Online,Trial - Not Converted,13.9,0.0,
STU12246,2023-11-23,2023,Nov,Kolkata,Tier 1,15-17,Female,Coding for Kids - Scratch,Coding,3-5,Monthly,Online,Churned,57.9,653.7,4.2
STU14798,2023-11-24,2023,Nov,Pune,Tier 1,18+,Female,UPSC Prelims Foundation,Competitive Exam,Graduate,Monthly,Online,Trial - Not Converted,7.8,0.0,
STU13060,2023-11-24,2023,Nov,Nagpur,Tier 2,11-14,Male,UPSC Prelims Foundation,Competitive Exam,Graduate,Monthly,Offline,Trial - Not Converted,21.6,0.0,
STU12447,2023-11-24,2023,Nov,Ahmedabad,Tier 1,11-14,Female,JEE Main Foundation,Competitive Exam,11-12,Annual,Offline,Trial - Not Converted,23.4,0.0,
STU15255,2023-11-24,2023,Nov,Bengaluru,Tier 1,6-10,Female,Coding for Kids - Scratch,Coding,3-5,Monthly,Online,Active,69.6,631.62,4.3
STU10239,2023-11-24,2023,Nov,Lucknow,Tier 2,6-10,Male,JEE Main Foundation,Competitive Exam,11-12,Quarterly,Online,Active,55.8,10336.59,5.0
STU15147,2023-11-25,2023,Nov,Kolkata,Tier 1,18+,Female,Python for Beginners,Coding,6-8,Annual,Online,Active,39.3,8307.85,4.2
STU15718,2023-11-25,2023,Nov,Kota,Tier 3,15-17,Female,Class 8 Maths & Science,School Curriculum,8,Annual,Online,Active,93.7,9268.19,4.0
STU10871,2023-11-26,2023,Nov,Bhopal,Tier 2,6-10,Female,Class 6 Foundation,School Curriculum,6,Quarterly,Offline,Active,70.9,2568.37,4.4
STU10160,2023-11-26,2023,Nov,Lucknow,Tier 2,18+,Female,NEET Crash Course,Competitive Exam,11-12,Annual,Online,Churned,58.9,42440.5,4.1
STU10950,2023-11-27,2023,Nov,Kanpur,Tier 2,18+,Female,NEET Crash Course,Competitive Exam,11-12,Monthly,Online,Churned,55.4,3976.06,4.2
STU15877,2023-11-27,2023,Nov,Surat,Tier 2,18+,Female,Spoken English Mastery,Skill Development,All,Quarterly,Online,Churned,56.4,1416.19,4.5
STU12087,2023-11-27,2023,Nov,Jaipur,Tier 2,6-10,Male,UPSC Prelims Foundation,Competitive Exam,Graduate,Annual,Online,Active,76.8,47931.85,4.6
STU14528,2023-11-27,2023,Nov,Surat,Tier 2,6-10,Female,Coding for Kids - Scratch,Coding,3-5,Annual,Online,Active,78.6,6153.94,5.0
STU12811,2023-11-27,2023,Nov,Delhi,Tier 1,15-17,Male,Class 6 Foundation,School Curriculum,6,Annual,Online,Active,64.0,8139.25,4.1
STU10315,2023-11-27,2023,Nov,Bhopal,Tier 2,6-10,Female,JEE Main Foundation,Competitive Exam,11-12,Monthly,Online,Completed,100.0,3655.05,4.7
STU10586,2023-11-28,2023,Nov,Surat,Tier 2,6-10,Female,Python for Beginners,Coding,6-8,Monthly,Online,Active,37.2,730.35,3.7
STU14476,2023-11-28,2023,Nov,Kolkata,Tier 1,11-14,Male,Class 8 Maths & Science,School Curriculum,8,Annual,Offline,Active,59.7,9008.18,4.1
STU15839,2023-11-28,2023,Nov,Mumbai,Tier 1,15-17,Male,Class 6 Foundation,School Curriculum,6,Monthly,Offline,Trial - Not Converted,15.2,0.0,
STU12436,2023-11-28,2023,Nov,Ahmedabad,Tier 1,11-14,Female,Python for Beginners,Coding,6-8,Annual,Online,Trial - Not Converted,11.3,0.0,
STU15524,2023-11-29,2023,Nov,Delhi,Tier 1,6-10,Female,Coding for Kids - Scratch,Coding,3-5,Annual,Online,Completed,100.0,6013.81,4.6
STU15086,2023-11-29,2023,Nov,Kanpur,Tier 2,18+,Male,Robotics & AI Basics,Coding,6-8,Annual,Online,Active,50.6,13019.72,4.0
STU14121,2023-11-29,2023,Nov,Jaipur,Tier 2,6-10,Male,Class 6 Foundation,School Curriculum,6,Annual,Offline,Active,82.8,7562.13,4.1
STU14660,2023-11-29,2023,Nov,Kota,Tier 3,18+,Male,Coding for Kids - Scratch,Coding,3-5,Annual,Online,Completed,100.0,6482.78,4.4
STU15507,2023-11-29,2023,Nov,Bhopal,Tier 2,6-10,Male,Spoken English Mastery,Skill Development,All,Monthly,Online,Completed,100.0,480.06,4.5
STU10763,2023-11-30,2023,Nov,Surat,Tier 2,11-14,Male,Spoken English Mastery,Skill Development,All,Annual,Online,Trial - Not Converted,5.3,0.0,
STU11452,2023-11-30,2023,Nov,Kolkata,Tier 1,11-14,Female,Robotics & AI Basics,Coding,6-8,Annual,Online,Completed,100.0,12982.45,4.9
STU15196,2023-11-30,2023,Nov,Chennai,Tier 1,15-17,Female,Class 10 CBSE Complete,School Curriculum,10,Annual,Online,Active,98.4,13882.35,5.0
STU12000,2023-12-01,2023,Dec,Bhopal,Tier 2,18+,Male,Class 6 Foundation,School Curriculum,6,Monthly,Offline,Active,83.3,843.33,4.5
STU14797,2023-12-01,2023,Dec,Nagpur,Tier 2,6-10,Female,Class 8 Maths & Science,School Curriculum,8,Quarterly,Online,Active,43.5,3016.94,3.8
STU10372,2023-12-02,2023,Dec,Ranchi,Tier 3,15-17,Female,Python for Beginners,Coding,6-8,Annual,Online,Active,56.5,7907.92,4.4
STU15166,2023-12-02,2023,Dec,Bengaluru,Tier 1,18+,Female,JEE Main Foundation,Competitive Exam,11-12,Annual,Online,Trial - Not Converted,13.0,0.0,
STU13530,2023-12-03,2023,Dec,Jodhpur,Tier 3,6-10,Female,Robotics & AI Basics,Coding,6-8,Monthly,Online,Active,92.5,1282.02,3.8
STU10171,2023-12-03,2023,Dec,Kolkata,Tier 1,15-17,Female,Class 6 Foundation,School Curriculum,6,Annual,Online,Active,37.4,8715.1,4.6
STU15512,2023-12-03,2023,Dec,Meerut,Tier 3,18+,Female,Class 10 CBSE Complete,School Curriculum,10,Monthly,Offline,Active,92.9,1401.16,3.7
STU12431,2023-12-03,2023,Dec,Ranchi,Tier 3,18+,Female,UPSC Prelims Foundation,Competitive Exam,Graduate,Quarterly,Online,Active,21.8,15518.09,4.6
STU11016,2023-12-03,2023,Dec,Mumbai,Tier 1,18+,Male,Class 10 CBSE Complete,School Curriculum,10,Annual,Online,Active,49.4,14319.17,4.1
STU13364,2023-12-04,2023,Dec,Kolkata,Tier 1,15-17,Female,UPSC Prelims Foundation,Competitive Exam,Graduate,Annual,Online,Active,86.3,50735.19,4.5
STU12600,2023-12-04,2023,Dec,Kanpur,Tier 2,18+,Male,UPSC Prelims Foundation,Competitive Exam,Graduate,Quarterly,Online,Trial - Not Converted,10.6,0.0,
STU12529,2023-12-05,2023,Dec,Hyderabad,Tier 1,18+,Female,Spoken English Mastery,Skill Development,All,Annual,Online,Active,62.6,4820.45,3.0
STU12537,2023-12-05,2023,Dec,Mumbai,Tier 1,11-14,Female,Coding for Kids - Scratch,Coding,3-5,Quarterly,Online,Trial - Not Converted,15.6,0.0,
STU15285,2023-12-05,2023,Dec,Meerut,Tier 3,11-14,Male,Python for Beginners,Coding,6-8,Annual,Offline,Active,84.4,7602.38,4.2
STU10895,2023-12-05,2023,Dec,Jodhpur,Tier 3,11-14,Male,Class 8 Maths & Science,School Curriculum,8,Quarterly,Offline,Active,68.7,3007.07,4.4
STU10209,2023-12-05,2023,Dec,Hyderabad,Tier 1,11-14,Male,Python for Beginners,Coding,6-8,Monthly,Offline,Active,55.1,764.57,4.5
STU14539,2023-12-05,2023,Dec,Pune,Tier 1,6-10,Male,Coding for Kids - Scratch,Coding,3-5,Annual,Online,Active,68.4,6175.26,4.0
STU15921,2023-12-05,2023,Dec,Mumbai,Tier 1,15-17,Female,UPSC Prelims Foundation,Competitive Exam,Graduate,Quarterly,Online,Completed,100.0,14858.38,4.2
STU10025,2023-12-05,2023,Dec,Delhi,Tier 1,11-14,Male,Class 6 Foundation,School Curriculum,6,Monthly,Online,Churned,27.8,851.64,4.6
STU12036,2023-12-06,2023,Dec,Patna,Tier 2,15-17,Male,Class 8 Maths & Science,School Curriculum,8,Annual,Offline,Trial - Not Converted,5.7,0.0,
STU10747,2023-12-06,2023,Dec,Chennai,Tier 1,15-17,Male,Class 6 Foundation,School Curriculum,6,Quarterly,Online,Active,57.0,2558.97,2.9
STU14644,2023-12-06,2023,Dec,Hyderabad,Tier 1,15-17,Male,Robotics & AI Basics,Coding,6-8,Quarterly,Online,Completed,100.0,3753.44,3.9
STU14031,2023-12-06,2023,Dec,Hyderabad,Tier 1,18+,Male,Spoken English Mastery,Skill Development,All,Annual,Online,Active,62.6,5124.26,4.5
STU12673,2023-12-07,2023,Dec,Jaipur,Tier 2,15-17,Male,Spoken English Mastery,Skill Development,All,Quarterly,Online,Completed,100.0,1544.69,3.3
STU12688,2023-12-07,2023,Dec,Kolkata,Tier 1,18+,Female,Robotics & AI Basics,Coding,6-8,Annual,Offline,Trial - Not Converted,20.4,0.0,
STU12260,2023-12-07,2023,Dec,Kolkata,Tier 1,18+,Female,UPSC Prelims Foundation,Competitive Exam,Graduate,Annual,Online,Active,85.6,50123.37,5.0
STU14559,2023-12-07,2023,Dec,Guwahati,Tier 3,15-17,Male,Class 10 CBSE Complete,School Curriculum,10,Annual,Offline,Active,24.6,14164.15,5.0
STU10514,2023-12-08,2023,Dec,Kota,Tier 3,15-17,Male,JEE Main Foundation,Competitive Exam,11-12,Quarterly,Online,Churned,35.0,10415.68,4.4
STU11344,2023-12-08,2023,Dec,Delhi,Tier 1,15-17,Female,Class 8 Maths & Science,School Curriculum,8,Quarterly,Offline,Active,64.1,3102.08,5.0
STU12476,2023-12-08,2023,Dec,Delhi,Tier 1,11-14,Male,Spoken English Mastery,Skill Development,All,Quarterly,Offline,Active,63.5,1567.07,4.7
STU11332,2023-12-08,2023,Dec,Hyderabad,Tier 1,11-14,Female,NEET Crash Course,Competitive Exam,11-12,Annual,Online,Active,88.6,40477.49,4.7
STU15591,2023-12-08,2023,Dec,Indore,Tier 2,18+,Female,Class 6 Foundation,School Curriculum,6,Annual,Offline,Active,60.0,8283.36,4.6
STU13815,2023-12-08,2023,Dec,Chennai,Tier 1,18+,Male,Class 10 CBSE Complete,School Curriculum,10,Annual,Offline,Trial - Not Converted,1.1,0.0,
STU15439,2023-12-08,2023,Dec,Guwahati,Tier 3,18+,Female,Class 6 Foundation,School Curriculum,6,Quarterly,Offline,Completed,100.0,2565.4,4.5
STU11483,2023-12-09,2023,Dec,Hyderabad,Tier 1,6-10,Male,Class 10 CBSE Complete,School Curriculum,10,Annual,Offline,Active,53.5,15419.4,4.8
STU11206,2023-12-09,2023,Dec,Chennai,Tier 1,11-14,Female,JEE Main Foundation,Competitive Exam,11-12,Monthly,Offline,Completed,100.0,3750.29,3.4
STU14464,2023-12-09,2023,Dec,Lucknow,Tier 2,6-10,Female,Coding for Kids - Scratch,Coding,3-5,Monthly,Online,Active,50.4,625.19,3.1
STU12575,2023-12-09,2023,Dec,Guwahati,Tier 3,6-10,Female,Class 10 CBSE Complete,School Curriculum,10,Monthly,Offline,Completed,100.0,1426.13,3.3
STU11633,2023-12-09,2023,Dec,Lucknow,Tier 2,11-14,Female,Class 6 Foundation,School Curriculum,6,Monthly,Offline,Active,78.8,842.54,4.3
STU14820,2023-12-09,2023,Dec,Delhi,Tier 1,6-10,Female,Spoken English Mastery,Skill Development,All,Quarterly,Online,Active,95.7,1530.69,5.0
STU15418,2023-12-09,2023,Dec,Hyderabad,Tier 1,15-17,Male,Class 10 CBSE Complete,School Curriculum,10,Quarterly,Online,Trial - Not Converted,12.8,0.0,
STU14440,2023-12-09,2023,Dec,Mumbai,Tier 1,15-17,Female,UPSC Prelims Foundation,Competitive Exam,Graduate,Annual,Offline,Churned,54.6,49229.35,5.0
STU12697,2023-12-10,2023,Dec,Kota,Tier 3,6-10,Female,Spoken English Mastery,Skill Development,All,Monthly,Online,Churned,44.3,494.07,3.9
STU12564,2023-12-10,2023,Dec,Guwahati,Tier 3,11-14,Female,JEE Main Foundation,Competitive Exam,11-12,Annual,Offline,Active,21.2,36377.91,3.8
STU12553,2023-12-10,2023,Dec,Indore,Tier 2,6-10,Male,Python for Beginners,Coding,6-8,Quarterly,Online,Trial - Not Converted,8.8,0.0,
STU14907,2023-12-10,2023,Dec,Bengaluru,Tier 1,11-14,Female,UPSC Prelims Foundation,Competitive Exam,Graduate,Annual,Offline,Churned,39.9,48781.52,5.0
STU10924,2023-12-10,2023,Dec,Bengaluru,Tier 1,18+,Male,Python for Beginners,Coding,6-8,Annual,Online,Active,95.6,7135.96,5.0
STU14818,2023-12-11,2023,Dec,Chennai,Tier 1,11-14,Male,Spoken English Mastery,Skill Development,All,Monthly,Offline,Churned,55.4,464.85,4.4
STU11482,2023-12-11,2023,Dec,Mumbai,Tier 1,11-14,Male,Class 6 Foundation,School Curriculum,6,Monthly,Offline,Completed,100.0,754.79,4.2
STU14445,2023-12-11,2023,Dec,Jaipur,Tier 2,11-14,Male,Class 10 CBSE Complete,School Curriculum,10,Quarterly,Offline,Trial - Not Converted,14.9,0.0,
STU15384,2023-12-11,2023,Dec,Jodhpur,Tier 3,11-14,Male,UPSC Prelims Foundation,Competitive Exam,Graduate,Monthly,Offline,Churned,41.1,5007.19,4.1
STU13972,2023-12-11,2023,Dec,Jaipur,Tier 2,11-14,Female,JEE Main Foundation,Competitive Exam,11-12,Annual,Offline,Trial - Not Converted,3.7,0.0,
STU12617,2023-12-12,2023,Dec,Chennai,Tier 1,6-10,Female,NEET Crash Course,Competitive Exam,11-12,Annual,Online,Completed,100.0,40542.07,4.1
STU13733,2023-12-13,2023,Dec,Indore,Tier 2,11-14,Female,Python for Beginners,Coding,6-8,Annual,Online,Active,35.3,8018.95,4.7
STU15767,2023-12-13,2023,Dec,Lucknow,Tier 2,18+,Male,UPSC Prelims Foundation,Competitive Exam,Graduate,Quarterly,Online,Active,74.1,14339.45,4.1
STU10621,2023-12-13,2023,Dec,Delhi,Tier 1,11-14,Female,Class 8 Maths & Science,School Curriculum,8,Quarterly,Online,Trial - Not Converted,12.4,0.0,
STU10667,2023-12-13,2023,Dec,Kanpur,Tier 2,18+,Female,Class 10 CBSE Complete,School Curriculum,10,Monthly,Offline,Active,72.0,1432.86,5.0
STU15490,2023-12-14,2023,Dec,Raipur,Tier 3,6-10,Male,UPSC Prelims Foundation,Competitive Exam,Graduate,Quarterly,Offline,Completed,100.0,13926.78,4.4
STU11975,2023-12-16,2023,Dec,Delhi,Tier 1,15-17,Male,Class 6 Foundation,School Curriculum,6,Annual,Offline,Trial - Not Converted,10.6,0.0,
STU14985,2023-12-16,2023,Dec,Kolkata,Tier 1,6-10,Male,UPSC Prelims Foundation,Competitive Exam,Graduate,Annual,Offline,Active,70.1,47521.55,5.0
STU11284,2023-12-16,2023,Dec,Pune,Tier 1,6-10,Male,JEE Main Foundation,Competitive Exam,11-12,Quarterly,Offline,Churned,17.0,10976.75,4.5
STU13929,2023-12-16,2023,Dec,Hyderabad,Tier 1,6-10,Male,UPSC Prelims Foundation,Competitive Exam,Graduate,Monthly,Offline,Active,41.5,5026.75,4.0
STU13247,2023-12-16,2023,Dec,Kolkata,Tier 1,15-17,Female,JEE Main Foundation,Competitive Exam,11-12,Quarterly,Offline,Active,98.2,11303.2,3.4
STU10579,2023-12-16,2023,Dec,Bhopal,Tier 2,11-14,Female,Class 6 Foundation,School Curriculum,6,Monthly,Online,Churned,16.9,822.45,4.0
STU13183,2023-12-17,2023,Dec,Chennai,Tier 1,15-17,Male,NEET Crash Course,Competitive Exam,11-12,Annual,Offline,Active,23.7,45430.99,4.8
STU10450,2023-12-17,2023,Dec,Ahmedabad,Tier 1,11-14,Female,JEE Main Foundation,Competitive Exam,11-12,Monthly,Online,Active,38.2,3391.1,4.9
STU13113,2023-12-17,2023,Dec,Mumbai,Tier 1,18+,Female,JEE Main Foundation,Competitive Exam,11-12,Annual,Online,Active,71.3,35380.31,5.0
STU11981,2023-12-17,2023,Dec,Surat,Tier 2,15-17,Female,NEET Crash Course,Competitive Exam,11-12,Annual,Online,Active,74.7,42405.75,3.1
STU14251,2023-12-18,2023,Dec,Mumbai,Tier 1,6-10,Female,UPSC Prelims Foundation,Competitive Exam,Graduate,Monthly,Online,Trial - Not Converted,1.5,0.0,
STU12914,2023-12-18,2023,Dec,Mumbai,Tier 1,6-10,Female,Spoken English Mastery,Skill Development,All,Annual,Offline,Active,62.4,4558.88,4.9
STU12324,2023-12-18,2023,Dec,Bengaluru,Tier 1,11-14,Male,Robotics & AI Basics,Coding,6-8,Quarterly,Online,Active,70.2,3709.64,2.8
STU15224,2023-12-18,2023,Dec,Chennai,Tier 1,11-14,Male,Class 8 Maths & Science,School Curriculum,8,Monthly,Online,Churned,17.2,1031.45,5.0
STU14090,2023-12-19,2023,Dec,Jodhpur,Tier 3,6-10,Female,Python for Beginners,Coding,6-8,Annual,Online,Churned,51.7,7849.35,5.0
STU15962,2023-12-19,2023,Dec,Ahmedabad,Tier 1,15-17,Female,Spoken English Mastery,Skill Development,All,Monthly,Online,Active,89.5,453.24,4.3
STU15491,2023-12-19,2023,Dec,Kolkata,Tier 1,11-14,Male,JEE Main Foundation,Competitive Exam,11-12,Annual,Online,Trial - Not Converted,23.2,0.0,
STU13980,2023-12-19,2023,Dec,Surat,Tier 2,18+,Male,Spoken English Mastery,Skill Development,All,Monthly,Online,Active,83.9,453.48,4.5
STU12927,2023-12-20,2023,Dec,Pune,Tier 1,11-14,Male,Class 6 Foundation,School Curriculum,6,Annual,Online,Churned,37.5,8293.52,3.8
STU11151,2023-12-20,2023,Dec,Lucknow,Tier 2,11-14,Female,Class 10 CBSE Complete,School Curriculum,10,Monthly,Online,Active,80.4,1472.61,4.2
STU12723,2023-12-21,2023,Dec,Ahmedabad,Tier 1,6-10,Female,UPSC Prelims Foundation,Competitive Exam,Graduate,Monthly,Offline,Trial - Not Converted,16.4,0.0,
STU13586,2023-12-21,2023,Dec,Indore,Tier 2,18+,Female,Class 8 Maths & Science,School Curriculum,8,Annual,Offline,Active,45.3,10242.23,3.8
STU14298,2023-12-21,2023,Dec,Pune,Tier 1,11-14,Male,Class 6 Foundation,School Curriculum,6,Quarterly,Online,Active,94.4,2535.95,4.1
STU15018,2023-12-22,2023,Dec,Meerut,Tier 3,15-17,Female,Class 6 Foundation,School Curriculum,6,Annual,Online,Trial - Not Converted,15.1,0.0,
STU12143,2023-12-22,2023,Dec,Bhopal,Tier 2,6-10,Female,JEE Main Foundation,Competitive Exam,11-12,Annual,Online,Completed,100.0,35628.54,3.6
STU13907,2023-12-22,2023,Dec,Varanasi,Tier 3,18+,Female,Class 6 Foundation,School Curriculum,6,Monthly,Online,Active,45.8,762.96,4.5
STU12538,2023-12-22,2023,Dec,Bengaluru,Tier 1,11-14,Male,JEE Main Foundation,Competitive Exam,11-12,Annual,Online,Active,22.0,35492.38,3.6
STU15064,2023-12-22,2023,Dec,Bengaluru,Tier 1,11-14,Male,Class 8 Maths & Science,School Curriculum,8,Monthly,Offline,Active,33.0,1010.37,3.9
STU10597,2023-12-23,2023,Dec,Meerut,Tier 3,11-14,Female,Class 8 Maths & Science,School Curriculum,8,Annual,Offline,Active,88.3,9544.32,4.9
STU10552,2023-12-23,2023,Dec,Kota,Tier 3,11-14,Male,UPSC Prelims Foundation,Competitive Exam,Graduate,Annual,Online,Active,63.9,49532.16,4.3
STU15192,2023-12-23,2023,Dec,Ranchi,Tier 3,11-14,Male,Robotics & AI Basics,Coding,6-8,Annual,Online,Active,61.4,12050.28,3.3
STU11500,2023-12-24,2023,Dec,Guwahati,Tier 3,15-17,Male,Spoken English Mastery,Skill Development,All,Monthly,Online,Active,49.6,458.22,5.0
STU15967,2023-12-24,2023,Dec,Kota,Tier 3,6-10,Male,Robotics & AI Basics,Coding,6-8,Quarterly,Online,Active,93.2,3898.14,3.8
STU14664,2023-12-24,2023,Dec,Raipur,Tier 3,11-14,Female,Class 8 Maths & Science,School Curriculum,8,Annual,Online,Active,80.0,9872.66,4.6
STU13887,2023-12-24,2023,Dec,Mumbai,Tier 1,6-10,Female,Class 6 Foundation,School Curriculum,6,Monthly,Online,Active,59.9,834.27,5.0
STU12277,2023-12-25,2023,Dec,Kolkata,Tier 1,11-14,Female,Spoken English Mastery,Skill Development,All,Annual,Online,Churned,11.8,4794.17,3.8
STU12295,2023-12-25,2023,Dec,Ahmedabad,Tier 1,15-17,Male,UPSC Prelims Foundation,Competitive Exam,Graduate,Monthly,Online,Completed,100.0,4952.79,5.0
STU13584,2023-12-25,2023,Dec,Jaipur,Tier 2,11-14,Male,NEET Crash Course,Competitive Exam,11-12,Quarterly,Offline,Active,66.4,12945.41,4.2
STU11688,2023-12-25,2023,Dec,Hyderabad,Tier 1,18+,Female,Class 10 CBSE Complete,School Curriculum,10,Annual,Online,Active,79.1,15724.38,4.3
STU12024,2023-12-25,2023,Dec,Bengaluru,Tier 1,18+,Female,Class 6 Foundation,School Curriculum,6,Annual,Online,Trial - Not Converted,21.6,0.0,
STU11122,2023-12-26,2023,Dec,Mumbai,Tier 1,18+,Male,Coding for Kids - Scratch,Coding,3-5,Quarterly,Online,Active,49.3,1901.93,3.4
STU12338,2023-12-26,2023,Dec,Delhi,Tier 1,18+,Male,Python for Beginners,Coding,6-8,Quarterly,Online,Active,36.0,2351.16,3.7
STU11717,2023-12-26,2023,Dec,Delhi,Tier 1,6-10,Female,Class 6 Foundation,School Curriculum,6,Quarterly,Offline,Churned,24.4,2471.03,3.5
STU11901,2023-12-26,2023,Dec,Delhi,Tier 1,6-10,Female,JEE Main Foundation,Competitive Exam,11-12,Quarterly,Offline,Completed,100.0,10650.98,4.5
STU13087,2023-12-26,2023,Dec,Hyderabad,Tier 1,11-14,Female,Coding for Kids - Scratch,Coding,3-5,Quarterly,Online,Active,43.1,2093.62,3.9
STU12973,2023-12-26,2023,Dec,Pune,Tier 1,15-17,Male,Robotics & AI Basics,Coding,6-8,Monthly,Online,Active,81.6,1286.36,3.3
STU12191,2023-12-26,2023,Dec,Pune,Tier 1,15-17,Female,Spoken English Mastery,Skill Development,All,Quarterly,Online,Active,90.2,1529.03,3.6
STU15772,2023-12-26,2023,Dec,Pune,Tier 1,15-17,Female,Spoken English Mastery,Skill Development,All,Quarterly,Online,Active,55.4,1469.42,4.2
STU11524,2023-12-26,2023,Dec,Pune,Tier 1,18+,Female,NEET Crash Course,Competitive Exam,11-12,Annual,Online,Trial - Not Converted,9.8,0.0,
STU15313,2023-12-27,2023,Dec,Guwahati,Tier 3,18+,Male,UPSC Prelims Foundation,Competitive Exam,Graduate,Annual,Online,Active,46.3,50096.43,4.3
STU15365,2023-12-27,2023,Dec,Lucknow,Tier 2,11-14,Female,Class 10 CBSE Complete,School Curriculum,10,Quarterly,Offline,Completed,100.0,4595.39,4.5
STU14589,2023-12-28,2023,Dec,Kota,Tier 3,15-17,Female,Spoken English Mastery,Skill Development,All,Annual,Online,Trial - Not Converted,6.4,0.0,
STU10454,2023-12-28,2023,Dec,Kolkata,Tier 1,6-10,Female,NEET Crash Course,Competitive Exam,11-12,Quarterly,Online,Active,79.6,12870.76,4.1
STU15458,2023-12-28,2023,Dec,Ahmedabad,Tier 1,6-10,Female,Class 10 CBSE Complete,School Curriculum,10,Annual,Online,Churned,37.6,15406.04,4.3
STU11498,2023-12-28,2023,Dec,Patna,Tier 2,18+,Female,Class 6 Foundation,School Curriculum,6,Annual,Offline,Completed,100.0,7742.66,5.0
STU10237,2023-12-28,2023,Dec,Delhi,Tier 1,15-17,Female,Robotics & AI Basics,Coding,6-8,Quarterly,Online,Active,57.3,3385.84,4.9
STU13041,2023-12-29,2023,Dec,Pune,Tier 1,6-10,Male,JEE Main Foundation,Competitive Exam,11-12,Annual,Offline,Active,77.7,38101.84,4.5
STU14259,2023-12-29,2023,Dec,Varanasi,Tier 3,11-14,Male,UPSC Prelims Foundation,Competitive Exam,Graduate,Annual,Online,Churned,19.3,51478.01,3.3
STU14479,2023-12-29,2023,Dec,Mumbai,Tier 1,18+,Female,Spoken English Mastery,Skill Development,All,Monthly,Online,Churned,39.6,503.08,4.6
STU12073,2023-12-29,2023,Dec,Bhopal,Tier 2,18+,Male,Class 6 Foundation,School Curriculum,6,Monthly,Offline,Completed,100.0,751.38,4.1
STU15091,2023-12-29,2023,Dec,Kanpur,Tier 2,6-10,Female,Spoken English Mastery,Skill Development,All,Monthly,Online,Active,99.6,465.02,3.8
STU11297,2023-12-29,2023,Dec,Guwahati,Tier 3,6-10,Female,Class 10 CBSE Complete,School Curriculum,10,Monthly,Offline,Churned,37.3,1425.65,5.0
STU15740,2023-12-29,2023,Dec,Delhi,Tier 1,11-14,Male,NEET Crash Course,Competitive Exam,11-12,Annual,Offline,Completed,100.0,39739.86,3.9
STU10278,2023-12-29,2023,Dec,Chennai,Tier 1,15-17,Male,Python for Beginners,Coding,6-8,Annual,Online,Completed,100.0,7905.39,3.3
STU10017,2023-12-29,2023,Dec,Hyderabad,Tier 1,11-14,Male,UPSC Prelims Foundation,Competitive Exam,Graduate,Annual,Offline,Active,39.2,51532.66,3.7
STU10241,2023-12-29,2023,Dec,Jaipur,Tier 2,18+,Female,UPSC Prelims Foundation,Competitive Exam,Graduate,Quarterly,Online,Trial - Not Converted,6.6,0.0,
STU11753,2023-12-30,2023,Dec,Bengaluru,Tier 1,6-10,Female,Class 8 Maths & Science,School Curriculum,8,Quarterly,Online,Active,22.7,2773.88,4.5
STU10874,2023-12-30,2023,Dec,Hyderabad,Tier 1,6-10,Female,Class 8 Maths & Science,School Curriculum,8,Annual,Online,Trial - Not Converted,12.6,0.0,
STU15510,2023-12-30,2023,Dec,Hyderabad,Tier 1,15-17,Male,Spoken English Mastery,Skill Development,All,Annual,Online,Churned,57.4,5051.98,4.9
STU10781,2023-12-30,2023,Dec,Pune,Tier 1,15-17,Male,Robotics & AI Basics,Coding,6-8,Annual,Online,Active,35.4,11765.53,4.7
STU11945,2023-12-31,2023,Dec,Indore,Tier 2,15-17,Male,Python for Beginners,Coding,6-8,Quarterly,Online,Trial - Not Converted,6.9,0.0,
STU11030,2023-12-31,2023,Dec,Indore,Tier 2,18+,Female,Class 10 CBSE Complete,School Curriculum,10,Monthly,Offline,Active,69.0,1551.5,3.7
STU12065,2023-12-31,2023,Dec,Surat,Tier 2,6-10,Male,Robotics & AI Basics,Coding,6-8,Annual,Online,Completed,100.0,11878.42,3.8
STU13550,2023-12-31,2023,Dec,Bhopal,Tier 2,15-17,Female,Spoken English Mastery,Skill Development,All,Annual,Online,Completed,100.0,4750.65,3.9
STU14751,2024-01-02,2024,Jan,Hyderabad,Tier 1,15-17,Male,NEET Crash Course,Competitive Exam,11-12,Annual,Online,Active,77.6,42689.5,3.4
STU10041,2024-01-02,2024,Jan,Bengaluru,Tier 1,15-17,Male,JEE Main Foundation,Competitive Exam,11-12,Quarterly,Offline,Completed,100.0,10823.77,4.5
STU10409,2024-01-02,2024,Jan,Bhopal,Tier 2,11-14,Male,JEE Main Foundation,Competitive Exam,11-12,Annual,Offline,Trial - Not Converted,15.3,0.0,
STU15990,2024-01-02,2024,Jan,Bhopal,Tier 2,15-17,Male,Python for Beginners,Coding,6-8,Monthly,Online,Active,27.8,830.37,4.5
STU14709,2024-01-02,2024,Jan,Pune,Tier 1,11-14,Male,UPSC Prelims Foundation,Competitive Exam,Graduate,Quarterly,Online,Churned,32.7,13568.73,4.6
STU11433,2024-01-03,2024,Jan,Bhopal,Tier 2,11-14,Female,NEET Crash Course,Competitive Exam,11-12,Monthly,Offline,Completed,100.0,4348.77,4.3
STU10860,2024-01-03,2024,Jan,Kolkata,Tier 1,6-10,Male,Python for Beginners,Coding,6-8,Quarterly,Online,Active,80.1,2141.32,4.2
STU15555,2024-01-03,2024,Jan,Ahmedabad,Tier 1,11-14,Female,Robotics & AI Basics,Coding,6-8,Annual,Online,Active,74.0,11304.72,4.1
STU12121,2024-01-04,2024,Jan,Kota,Tier 3,15-17,Female,Coding for Kids - Scratch,Coding,3-5,Annual,Offline,Active,27.2,6587.3,4.8
STU14578,2024-01-04,2024,Jan,Pune,Tier 1,11-14,Female,Python for Beginners,Coding,6-8,Quarterly,Online,Churned,21.5,2169.35,3.6
STU12517,2024-01-04,2024,Jan,Mumbai,Tier 1,6-10,Female,Robotics & AI Basics,Coding,6-8,Quarterly,Online,Churned,11.8,3738.92,3.7
STU15608,2024-01-04,2024,Jan,Indore,Tier 2,6-10,Female,Spoken English Mastery,Skill Development,All,Quarterly,Offline,Active,35.8,1420.14,4.5
STU10906,2024-01-04,2024,Jan,Indore,Tier 2,15-17,Male,Python for Beginners,Coding,6-8,Annual,Online,Churned,10.4,7169.86,3.9
STU13993,2024-01-04,2024,Jan,Nagpur,Tier 2,11-14,Male,Class 6 Foundation,School Curriculum,6,Quarterly,Offline,Trial - Not Converted,1.3,0.0,
STU13141,2024-01-04,2024,Jan,Hyderabad,Tier 1,6-10,Male,NEET Crash Course,Competitive Exam,11-12,Monthly,Online,Completed,100.0,4100.76,4.8
STU10951,2024-01-05,2024,Jan,Raipur,Tier 3,15-17,Male,Class 8 Maths & Science,School Curriculum,8,Annual,Online,Completed,100.0,10456.85,3.8
STU10021,2024-01-05,2024,Jan,Surat,Tier 2,18+,Female,Coding for Kids - Scratch,Coding,3-5,Annual,Online,Churned,38.5,6086.87,4.3
STU15766,2024-01-05,2024,Jan,Jodhpur,Tier 3,11-14,Male,UPSC Prelims Foundation,Competitive Exam,Graduate,Monthly,Online,Churned,46.3,4819.5,4.0
STU11467,2024-01-05,2024,Jan,Surat,Tier 2,15-17,Male,UPSC Prelims Foundation,Competitive Exam,Graduate,Annual,Online,Completed,100.0,45970.09,4.2
STU12500,2024-01-05,2024,Jan,Chennai,Tier 1,18+,Male,Spoken English Mastery,Skill Development,All,Annual,Online,Trial - Not Converted,19.1,0.0,
STU15114,2024-01-05,2024,Jan,Delhi,Tier 1,18+,Female,Class 8 Maths & Science,School Curriculum,8,Annual,Online,Trial - Not Converted,1.4,0.0,
STU15754,2024-01-05,2024,Jan,Hyderabad,Tier 1,18+,Female,Spoken English Mastery,Skill Development,All,Annual,Offline,Active,47.2,5103.93,4.5
STU12173,2024-01-05,2024,Jan,Lucknow,Tier 2,6-10,Male,Coding for Kids - Scratch,Coding,3-5,Quarterly,Online,Active,64.5,2079.31,3.7
STU14220,2024-01-06,2024,Jan,Indore,Tier 2,18+,Female,Coding for Kids - Scratch,Coding,3-5,Annual,Online,Trial - Not Converted,22.1,0.0,
STU13936,2024-01-06,2024,Jan,Delhi,Tier 1,6-10,Female,Coding for Kids - Scratch,Coding,3-5,Quarterly,Online,Trial - Not Converted,12.8,0.0,
STU10151,2024-01-06,2024,Jan,Surat,Tier 2,15-17,Male,JEE Main Foundation,Competitive Exam,11-12,Annual,Online,Trial - Not Converted,14.1,0.0,
STU14460,2024-01-06,2024,Jan,Pune,Tier 1,18+,Female,Coding for Kids - Scratch,Coding,3-5,Monthly,Online,Completed,100.0,634.31,5.0
STU15931,2024-01-06,2024,Jan,Ahmedabad,Tier 1,18+,Female,NEET Crash Course,Competitive Exam,11-12,Annual,Offline,Trial - Not Converted,2.1,0.0,
STU14369,2024-01-06,2024,Jan,Hyderabad,Tier 1,11-14,Male,Robotics & AI Basics,Coding,6-8,Annual,Online,Churned,43.6,12414.41,3.3
STU15977,2024-01-06,2024,Jan,Pune,Tier 1,6-10,Male,UPSC Prelims Foundation,Competitive Exam,Graduate,Annual,Offline,Active,34.6,50482.85,4.5
STU11890,2024-01-06,2024,Jan,Mumbai,Tier 1,11-14,Male,NEET Crash Course,Competitive Exam,11-12,Annual,Online,Active,60.0,43223.6,4.6
STU10503,2024-01-07,2024,Jan,Patna,Tier 2,18+,Female,UPSC Prelims Foundation,Competitive Exam,Graduate,Monthly,Online,Active,60.0,5119.36,3.8
STU10236,2024-01-07,2024,Jan,Jodhpur,Tier 3,18+,Male,Class 6 Foundation,School Curriculum,6,Quarterly,Offline,Active,25.3,2599.46,4.8
STU11672,2024-01-07,2024,Jan,Pune,Tier 1,15-17,Male,Robotics & AI Basics,Coding,6-8,Monthly,Online,Active,86.2,1204.19,4.8
STU15197,2024-01-07,2024,Jan,Kolkata,Tier 1,6-10,Female,Python for Beginners,Coding,6-8,Annual,Online,Completed,100.0,7139.22,4.1
STU13400,2024-01-07,2024,Jan,Chennai,Tier 1,18+,Female,Spoken English Mastery,Skill Development,All,Quarterly,Offline,Active,72.5,1484.32,3.9
STU15421,2024-01-08,2024,Jan,Ranchi,Tier 3,6-10,Male,Class 6 Foundation,School Curriculum,6,Quarterly,Offline,Churned,35.8,2586.82,4.6
STU13165,2024-01-08,2024,Jan,Kolkata,Tier 1,11-14,Female,Spoken English Mastery,Skill Development,All,Quarterly,Offline,Churned,57.6,1519.25,3.6
STU15372,2024-01-09,2024,Jan,Meerut,Tier 3,15-17,Male,Class 10 CBSE Complete,School Curriculum,10,Monthly,Online,Trial - Not Converted,11.7,0.0,
STU10420,2024-01-09,2024,Jan,Mumbai,Tier 1,11-14,Female,NEET Crash Course,Competitive Exam,11-12,Annual,Offline,Active,45.0,40640.49,4.3
STU15357,2024-01-09,2024,Jan,Jaipur,Tier 2,6-10,Male,JEE Main Foundation,Competitive Exam,11-12,Annual,Offline,Active,30.3,38453.37,4.5
STU15413,2024-01-09,2024,Jan,Kolkata,Tier 1,18+,Male,JEE Main Foundation,Competitive Exam,11-12,Annual,Online,Active,28.6,38215.51,4.5
STU15332,2024-01-09,2024,Jan,Indore,Tier 2,18+,Male,UPSC Prelims Foundation,Competitive Exam,Graduate,Quarterly,Online,Completed,100.0,13956.66,4.2
STU12022,2024-01-09,2024,Jan,Indore,Tier 2,15-17,Male,Class 10 CBSE Complete,School Curriculum,10,Annual,Online,Active,97.1,15327.65,4.1
STU11007,2024-01-10,2024,Jan,Delhi,Tier 1,6-10,Female,NEET Crash Course,Competitive Exam,11-12,Monthly,Offline,Active,47.4,4327.68,4.0
STU15929,2024-01-10,2024,Jan,Chennai,Tier 1,18+,Male,Class 10 CBSE Complete,School Curriculum,10,Monthly,Offline,Trial - Not Converted,8.1,0.0,
STU14706,2024-01-11,2024,Jan,Patna,Tier 2,15-17,Male,UPSC Prelims Foundation,Competitive Exam,Graduate,Quarterly,Online,Churned,31.0,14860.0,3.8
STU15776,2024-01-11,2024,Jan,Raipur,Tier 3,18+,Male,Robotics & AI Basics,Coding,6-8,Monthly,Online,Active,35.9,1174.92,4.2
STU15972,2024-01-11,2024,Jan,Ranchi,Tier 3,6-10,Female,Class 10 CBSE Complete,School Curriculum,10,Quarterly,Online,Trial - Not Converted,2.4,0.0,
STU14291,2024-01-11,2024,Jan,Hyderabad,Tier 1,11-14,Male,JEE Main Foundation,Competitive Exam,11-12,Monthly,Online,Active,29.4,3866.01,4.5
STU10716,2024-01-11,2024,Jan,Surat,Tier 2,18+,Female,Class 8 Maths & Science,School Curriculum,8,Quarterly,Online,Trial - Not Converted,6.5,0.0,
STU15342,2024-01-11,2024,Jan,Mumbai,Tier 1,18+,Male,JEE Main Foundation,Competitive Exam,11-12,Quarterly,Online,Churned,20.4,11439.54,4.0
STU11993,2024-01-11,2024,Jan,Pune,Tier 1,11-14,Female,Coding for Kids - Scratch,Coding,3-5,Quarterly,Online,Trial - Not Converted,4.2,0.0,
STU11162,2024-01-11,2024,Jan,Guwahati,Tier 3,18+,Female,Class 10 CBSE Complete,School Curriculum,10,Quarterly,Offline,Churned,46.1,4119.62,4.4
STU13781,2024-01-12,2024,Jan,Delhi,Tier 1,18+,Male,Python for Beginners,Coding,6-8,Monthly,Online,Active,51.5,779.94,4.2
STU12287,2024-01-12,2024,Jan,Patna,Tier 2,6-10,Female,JEE Main Foundation,Competitive Exam,11-12,Annual,Online,Active,61.5,35743.37,3.7
STU11403,2024-01-12,2024,Jan,Mumbai,Tier 1,11-14,Female,Class 10 CBSE Complete,School Curriculum,10,Quarterly,Online,Active,67.2,4335.05,4.7
STU14648,2024-01-12,2024,Jan,Patna,Tier 2,6-10,Male,Class 6 Foundation,School Curriculum,6,Annual,Offline,Completed,100.0,8082.97,3.6
STU14665,2024-01-12,2024,Jan,Kolkata,Tier 1,11-14,Male,Class 10 CBSE Complete,School Curriculum,10,Annual,Offline,Churned,42.5,15449.87,3.9
STU10075,2024-01-13,2024,Jan,Nagpur,Tier 2,15-17,Female,Class 8 Maths & Science,School Curriculum,8,Annual,Offline,Active,98.7,9486.93,3.6
STU14718,2024-01-14,2024,Jan,Lucknow,Tier 2,18+,Female,Spoken English Mastery,Skill Development,All,Annual,Online,Churned,51.7,5005.06,4.7
STU13917,2024-01-14,2024,Jan,Hyderabad,Tier 1,6-10,Male,Class 10 CBSE Complete,School Curriculum,10,Annual,Online,Completed,100.0,13879.31,4.5
STU11448,2024-01-14,2024,Jan,Meerut,Tier 3,15-17,Male,Spoken English Mastery,Skill Development,All,Annual,Online,Active,76.7,4645.97,5.0
STU11196,2024-01-14,2024,Jan,Nagpur,Tier 2,15-17,Female,JEE Main Foundation,Competitive Exam,11-12,Quarterly,Offline,Trial - Not Converted,0.3,0.0,
STU14006,2024-01-14,2024,Jan,Indore,Tier 2,15-17,Male,Spoken English Mastery,Skill Development,All,Annual,Online,Completed,100.0,4654.03,3.4
STU10356,2024-01-14,2024,Jan,Indore,Tier 2,18+,Female,UPSC Prelims Foundation,Competitive Exam,Graduate,Quarterly,Online,Completed,100.0,15133.16,4.5
STU12359,2024-01-15,2024,Jan,Kolkata,Tier 1,18+,Female,Class 10 CBSE Complete,School Curriculum,10,Monthly,Offline,Trial - Not Converted,3.6,0.0,
STU10935,2024-01-15,2024,Jan,Jaipur,Tier 2,15-17,Female,UPSC Prelims Foundation,Competitive Exam,Graduate,Quarterly,Online,Trial - Not Converted,24.1,0.0,
STU12168,2024-01-15,2024,Jan,Indore,Tier 2,18+,Female,Python for Beginners,Coding,6-8,Annual,Online,Active,23.9,7814.86,4.3
STU15283,2024-01-15,2024,Jan,Surat,Tier 2,15-17,Female,Class 8 Maths & Science,School Curriculum,8,Quarterly,Offline,Active,45.1,2728.38,3.7
STU10384,2024-01-16,2024,Jan,Kolkata,Tier 1,18+,Female,UPSC Prelims Foundation,Competitive Exam,Graduate,Annual,Online,Trial - Not Converted,13.9,0.0,
STU12772,2024-01-16,2024,Jan,Mumbai,Tier 1,15-17,Female,JEE Main Foundation,Competitive Exam,11-12,Monthly,Online,Active,45.7,3782.95,4.1
STU15739,2024-01-16,2024,Jan,Delhi,Tier 1,11-14,Female,Class 6 Foundation,School Curriculum,6,Quarterly,Online,Active,89.0,2326.59,4.4
STU12357,2024-01-16,2024,Jan,Nagpur,Tier 2,6-10,Male,NEET Crash Course,Competitive Exam,11-12,Quarterly,Online,Completed,100.0,12762.44,4.1
STU10435,2024-01-17,2024,Jan,Bengaluru,Tier 1,18+,Male,Class 8 Maths & Science,School Curriculum,8,Annual,Online,Completed,100.0,10467.27,3.9
STU14411,2024-01-17,2024,Jan,Kolkata,Tier 1,15-17,Male,JEE Main Foundation,Competitive Exam,11-12,Monthly,Offline,Active,29.3,3860.98,3.8
STU12027,2024-01-17,2024,Jan,Surat,Tier 2,15-17,Female,Coding for Kids - Scratch,Coding,3-5,Annual,Online,Trial - Not Converted,16.9,0.0,
STU11406,2024-01-18,2024,Jan,Raipur,Tier 3,11-14,Male,Python for Beginners,Coding,6-8,Annual,Online,Trial - Not Converted,13.7,0.0,
STU10283,2024-01-18,2024,Jan,Kanpur,Tier 2,11-14,Male,Python for Beginners,Coding,6-8,Annual,Online,Completed,100.0,7133.59,3.6
STU11531,2024-01-18,2024,Jan,Ahmedabad,Tier 1,18+,Female,Class 6 Foundation,School Curriculum,6,Monthly,Offline,Completed,100.0,830.34,4.7
STU13160,2024-01-18,2024,Jan,Meerut,Tier 3,11-14,Female,Coding for Kids - Scratch,Coding,3-5,Annual,Online,Active,24.1,6296.33,4.2
STU15172,2024-01-18,2024,Jan,Kota,Tier 3,15-17,Male,Class 6 Foundation,School Curriculum,6,Annual,Online,Active,99.8,7683.49,3.3
STU13684,2024-01-19,2024,Jan,Patna,Tier 2,6-10,Male,Python for Beginners,Coding,6-8,Annual,Offline,Active,34.5,8102.56,3.3
STU11420,2024-01-20,2024,Jan,Hyderabad,Tier 1,6-10,Female,Spoken English Mastery,Skill Development,All,Annual,Online,Trial - Not Converted,21.6,0.0,
STU14061,2024-01-20,2024,Jan,Kolkata,Tier 1,6-10,Female,Class 6 Foundation,School Curriculum,6,Quarterly,Offline,Completed,100.0,2419.21,5.0
STU14994,2024-01-20,2024,Jan,Indore,Tier 2,11-14,Female,JEE Main Foundation,Competitive Exam,11-12,Annual,Offline,Trial - Not Converted,5.3,0.0,
STU11453,2024-01-20,2024,Jan,Mumbai,Tier 1,11-14,Female,Class 6 Foundation,School Curriculum,6,Annual,Offline,Active,69.6,8357.27,3.9
STU11876,2024-01-21,2024,Jan,Bengaluru,Tier 1,11-14,Male,Python for Beginners,Coding,6-8,Annual,Online,Active,75.5,8090.1,3.6
STU13516,2024-01-21,2024,Jan,Kolkata,Tier 1,11-14,Male,Coding for Kids - Scratch,Coding,3-5,Annual,Online,Active,93.7,6697.42,4.5
STU10583,2024-01-21,2024,Jan,Bhopal,Tier 2,18+,Male,UPSC Prelims Foundation,Competitive Exam,Graduate,Quarterly,Offline,Churned,14.3,15199.48,3.9
STU11089,2024-01-21,2024,Jan,Hyderabad,Tier 1,18+,Female,Class 8 Maths & Science,School Curriculum,8,Annual,Offline,Trial - Not Converted,12.2,0.0,
STU15564,2024-01-22,2024,Jan,Delhi,Tier 1,15-17,Male,Robotics & AI Basics,Coding,6-8,Annual,Online,Churned,12.2,12551.83,3.6
STU13669,2024-01-22,2024,Jan,Bengaluru,Tier 1,11-14,Male,Python for Beginners,Coding,6-8,Annual,Online,Active,81.1,7824.2,3.9
STU13702,2024-01-23,2024,Jan,Ranchi,Tier 3,11-14,Male,Spoken English Mastery,Skill Development,All,Monthly,Online,Trial - Not Converted,10.9,0.0,
STU11286,2024-01-23,2024,Jan,Bengaluru,Tier 1,6-10,Female,Coding for Kids - Scratch,Coding,3-5,Annual,Offline,Active,51.4,6426.03,3.9
STU11343,2024-01-23,2024,Jan,Patna,Tier 2,11-14,Male,Class 10 CBSE Complete,School Curriculum,10,Annual,Offline,Trial - Not Converted,0.1,0.0,
STU12938,2024-01-23,2024,Jan,Mumbai,Tier 1,11-14,Female,UPSC Prelims Foundation,Competitive Exam,Graduate,Annual,Online,Active,85.4,52107.87,2.6
STU11054,2024-01-23,2024,Jan,Delhi,Tier 1,15-17,Male,Robotics & AI Basics,Coding,6-8,Annual,Offline,Active,69.9,11665.42,4.7
STU11019,2024-01-24,2024,Jan,Surat,Tier 2,18+,Female,Class 8 Maths & Science,School Curriculum,8,Monthly,Online,Active,28.3,927.7,4.8
STU11736,2024-01-25,2024,Jan,Pune,Tier 1,11-14,Male,JEE Main Foundation,Competitive Exam,11-12,Annual,Offline,Active,85.1,37761.78,4.1
STU14672,2024-01-25,2024,Jan,Kanpur,Tier 2,11-14,Female,Coding for Kids - Scratch,Coding,3-5,Annual,Online,Active,38.4,6355.9,3.0
STU12131,2024-01-25,2024,Jan,Pune,Tier 1,18+,Male,Class 10 CBSE Complete,School Curriculum,10,Quarterly,Online,Completed,100.0,4404.48,4.7
STU12025,2024-01-25,2024,Jan,Kota,Tier 3,11-14,Female,JEE Main Foundation,Competitive Exam,11-12,Annual,Offline,Active,74.2,37366.68,4.1
STU10174,2024-01-25,2024,Jan,Ahmedabad,Tier 1,18+,Male,Spoken English Mastery,Skill Development,All,Quarterly,Online,Completed,100.0,1421.22,4.3
STU13793,2024-01-25,2024,Jan,Kolkata,Tier 1,18+,Male,Class 10 CBSE Complete,School Curriculum,10,Annual,Online,Active,82.6,14428.19,2.8
STU11532,2024-01-26,2024,Jan,Mumbai,Tier 1,15-17,Female,Class 6 Foundation,School Curriculum,6,Monthly,Online,Active,62.1,767.73,4.3
STU15579,2024-01-27,2024,Jan,Surat,Tier 2,15-17,Female,Class 8 Maths & Science,School Curriculum,8,Quarterly,Offline,Trial - Not Converted,1.0,0.0,
STU13934,2024-01-27,2024,Jan,Indore,Tier 2,15-17,Female,Class 8 Maths & Science,School Curriculum,8,Annual,Online,Active,75.6,10130.2,3.8
STU11334,2024-01-27,2024,Jan,Delhi,Tier 1,18+,Female,NEET Crash Course,Competitive Exam,11-12,Annual,Online,Trial - Not Converted,7.9,0.0,
STU13520,2024-01-29,2024,Jan,Bengaluru,Tier 1,11-14,Male,Python for Beginners,Coding,6-8,Annual,Online,Completed,100.0,7591.85,3.6
STU13072,2024-01-29,2024,Jan,Nagpur,Tier 2,15-17,Male,Coding for Kids - Scratch,Coding,3-5,Quarterly,Online,Completed,100.0,2006.55,4.0
STU12282,2024-01-30,2024,Jan,Kolkata,Tier 1,11-14,Female,UPSC Prelims Foundation,Competitive Exam,Graduate,Quarterly,Online,Churned,36.5,13728.06,4.1
STU14498,2024-01-30,2024,Jan,Bengaluru,Tier 1,6-10,Male,Spoken English Mastery,Skill Development,All,Monthly,Online,Trial - Not Converted,18.1,0.0,
STU14426,2024-01-30,2024,Jan,Mumbai,Tier 1,15-17,Female,JEE Main Foundation,Competitive Exam,11-12,Quarterly,Online,Trial - Not Converted,2.0,0.0,
STU12801,2024-01-30,2024,Jan,Ahmedabad,Tier 1,11-14,Male,UPSC Prelims Foundation,Competitive Exam,Graduate,Monthly,Online,Active,26.1,4843.94,4.4
STU14372,2024-01-31,2024,Jan,Delhi,Tier 1,18+,Male,Class 8 Maths & Science,School Curriculum,8,Annual,Offline,Active,79.6,9083.4,4.1
STU11689,2024-01-31,2024,Jan,Hyderabad,Tier 1,6-10,Female,Class 8 Maths & Science,School Curriculum,8,Quarterly,Online,Completed,100.0,3005.77,4.4
STU15563,2024-01-31,2024,Jan,Bhopal,Tier 2,18+,Female,Class 6 Foundation,School Curriculum,6,Monthly,Online,Active,46.2,766.56,4.7
STU12520,2024-02-01,2024,Feb,Chennai,Tier 1,11-14,Female,Python for Beginners,Coding,6-8,Annual,Online,Active,84.7,7791.05,4.8
STU12103,2024-02-01,2024,Feb,Chennai,Tier 1,6-10,Male,Coding for Kids - Scratch,Coding,3-5,Monthly,Offline,Active,38.3,695.6,4.8
STU11539,2024-02-01,2024,Feb,Bhopal,Tier 2,18+,Female,Spoken English Mastery,Skill Development,All,Annual,Online,Active,65.2,4966.2,5.0
STU11014,2024-02-02,2024,Feb,Ranchi,Tier 3,15-17,Male,Spoken English Mastery,Skill Development,All,Annual,Offline,Churned,28.4,4997.58,4.9
STU12450,2024-02-02,2024,Feb,Patna,Tier 2,18+,Male,Class 6 Foundation,School Curriculum,6,Annual,Offline,Active,83.5,8552.9,3.9
STU12932,2024-02-02,2024,Feb,Patna,Tier 2,15-17,Male,Robotics & AI Basics,Coding,6-8,Quarterly,Online,Churned,58.1,3767.93,3.9
STU13119,2024-02-03,2024,Feb,Patna,Tier 2,18+,Male,Class 10 CBSE Complete,School Curriculum,10,Monthly,Offline,Completed,100.0,1363.16,3.8
STU11793,2024-02-03,2024,Feb,Surat,Tier 2,15-17,Male,Python for Beginners,Coding,6-8,Monthly,Online,Active,55.8,724.04,4.5
STU11681,2024-02-04,2024,Feb,Kolkata,Tier 1,15-17,Female,Class 8 Maths & Science,School Curriculum,8,Quarterly,Online,Trial - Not Converted,7.1,0.0,
STU10235,2024-02-04,2024,Feb,Chennai,Tier 1,18+,Male,Class 6 Foundation,School Curriculum,6,Annual,Online,Churned,50.6,7890.23,3.6
STU14753,2024-02-04,2024,Feb,Pune,Tier 1,18+,Female,Coding for Kids - Scratch,Coding,3-5,Annual,Online,Churned,39.4,6684.52,4.3
STU13732,2024-02-05,2024,Feb,Raipur,Tier 3,6-10,Male,Class 8 Maths & Science,School Curriculum,8,Monthly,Online,Active,91.7,1041.74,4.8
STU13246,2024-02-05,2024,Feb,Bengaluru,Tier 1,11-14,Male,Class 10 CBSE Complete,School Curriculum,10,Quarterly,Offline,Active,29.1,4088.69,4.4
STU15450,2024-02-05,2024,Feb,Bengaluru,Tier 1,18+,Male,Python for Beginners,Coding,6-8,Annual,Online,Active,37.8,7600.08,4.9
STU10530,2024-02-05,2024,Feb,Ahmedabad,Tier 1,6-10,Male,Spoken English Mastery,Skill Development,All,Annual,Online,Completed,100.0,5176.6,3.7
STU12358,2024-02-06,2024,Feb,Patna,Tier 2,6-10,Male,Class 10 CBSE Complete,School Curriculum,10,Quarterly,Offline,Active,97.7,4469.49,5.0
STU10644,2024-02-06,2024,Feb,Mumbai,Tier 1,18+,Female,UPSC Prelims Foundation,Competitive Exam,Graduate,Annual,Offline,Trial - Not Converted,16.0,0.0,
STU13070,2024-02-06,2024,Feb,Surat,Tier 2,6-10,Male,NEET Crash Course,Competitive Exam,11-12,Annual,Online,Completed,100.0,41658.67,3.3
STU13501,2024-02-07,2024,Feb,Raipur,Tier 3,15-17,Female,Python for Beginners,Coding,6-8,Quarterly,Online,Active,70.0,2350.56,4.1
STU12075,2024-02-07,2024,Feb,Kanpur,Tier 2,6-10,Male,NEET Crash Course,Competitive Exam,11-12,Annual,Online,Active,93.9,40247.87,4.2
STU11908,2024-02-07,2024,Feb,Bengaluru,Tier 1,15-17,Female,UPSC Prelims Foundation,Competitive Exam,Graduate,Monthly,Offline,Completed,100.0,4840.99,4.1
STU13458,2024-02-07,2024,Feb,Kolkata,Tier 1,15-17,Male,Class 6 Foundation,School Curriculum,6,Quarterly,Online,Completed,100.0,2361.66,4.7
STU12923,2024-02-07,2024,Feb,Varanasi,Tier 3,11-14,Male,Class 6 Foundation,School Curriculum,6,Monthly,Online,Active,94.2,854.96,4.1
STU11784,2024-02-08,2024,Feb,Hyderabad,Tier 1,6-10,Male,Coding for Kids - Scratch,Coding,3-5,Annual,Online,Active,26.4,6288.0,4.8
STU15354,2024-02-08,2024,Feb,Bhopal,Tier 2,11-14,Male,Python for Beginners,Coding,6-8,Quarterly,Online,Active,41.5,2257.21,4.4
STU12067,2024-02-08,2024,Feb,Kolkata,Tier 1,15-17,Male,Class 6 Foundation,School Curriculum,6,Monthly,Offline,Completed,100.0,750.08,4.2
STU11824,2024-02-08,2024,Feb,Hyderabad,Tier 1,15-17,Male,Robotics & AI Basics,Coding,6-8,Annual,Offline,Active,85.3,11949.04,2.9
STU14103,2024-02-08,2024,Feb,Kolkata,Tier 1,11-14,Female,JEE Main Foundation,Competitive Exam,11-12,Quarterly,Offline,Active,77.0,11019.12,3.9
STU15721,2024-02-08,2024,Feb,Nagpur,Tier 2,15-17,Male,NEET Crash Course,Competitive Exam,11-12,Quarterly,Online,Trial - Not Converted,6.7,0.0,
STU14991,2024-02-09,2024,Feb,Surat,Tier 2,15-17,Male,NEET Crash Course,Competitive Exam,11-12,Monthly,Offline,Active,53.9,4535.67,4.7
STU13918,2024-02-09,2024,Feb,Bengaluru,Tier 1,15-17,Female,UPSC Prelims Foundation,Competitive Exam,Graduate,Annual,Offline,Active,24.5,46052.28,3.6
STU14755,2024-02-09,2024,Feb,Delhi,Tier 1,15-17,Male,Robotics & AI Basics,Coding,6-8,Annual,Online,Active,95.3,11520.83,4.1
STU10354,2024-02-10,2024,Feb,Patna,Tier 2,18+,Female,NEET Crash Course,Competitive Exam,11-12,Monthly,Online,Active,36.4,4303.13,3.8
STU12591,2024-02-10,2024,Feb,Bhopal,Tier 2,15-17,Male,UPSC Prelims Foundation,Competitive Exam,Graduate,Annual,Online,Completed,100.0,47873.23,3.5
STU13104,2024-02-10,2024,Feb,Indore,Tier 2,18+,Female,Robotics & AI Basics,Coding,6-8,Annual,Online,Active,25.8,12595.05,4.8
STU10030,2024-02-11,2024,Feb,Bengaluru,Tier 1,11-14,Male,UPSC Prelims Foundation,Competitive Exam,Graduate,Monthly,Offline,Active,66.3,4790.77,4.5
STU11544,2024-02-11,2024,Feb,Bengaluru,Tier 1,6-10,Female,NEET Crash Course,Competitive Exam,11-12,Monthly,Online,Active,60.9,4358.31,4.4
STU15390,2024-02-11,2024,Feb,Raipur,Tier 3,15-17,Male,Python for Beginners,Coding,6-8,Annual,Online,Active,95.0,7804.08,4.1
STU12132,2024-02-12,2024,Feb,Jaipur,Tier 2,18+,Male,Class 10 CBSE Complete,School Curriculum,10,Annual,Offline,Trial - Not Converted,18.7,0.0,
STU15250,2024-02-12,2024,Feb,Delhi,Tier 1,18+,Female,Robotics & AI Basics,Coding,6-8,Annual,Offline,Trial - Not Converted,9.5,0.0,
STU11861,2024-02-12,2024,Feb,Varanasi,Tier 3,15-17,Male,Robotics & AI Basics,Coding,6-8,Annual,Online,Active,38.2,11435.38,4.5
STU13138,2024-02-13,2024,Feb,Nagpur,Tier 2,18+,Male,UPSC Prelims Foundation,Competitive Exam,Graduate,Annual,Online,Trial - Not Converted,6.7,0.0,
STU11527,2024-02-13,2024,Feb,Indore,Tier 2,6-10,Male,Spoken English Mastery,Skill Development,All,Annual,Online,Active,77.0,4723.69,4.6
STU15945,2024-02-13,2024,Feb,Kolkata,Tier 1,6-10,Male,JEE Main Foundation,Competitive Exam,11-12,Annual,Offline,Trial - Not Converted,10.5,0.0,
STU12084,2024-02-13,2024,Feb,Surat,Tier 2,15-17,Female,Class 8 Maths & Science,School Curriculum,8,Annual,Online,Trial - Not Converted,22.2,0.0,
STU11830,2024-02-13,2024,Feb,Mumbai,Tier 1,18+,Male,Coding for Kids - Scratch,Coding,3-5,Annual,Online,Active,52.6,6513.64,4.0
STU12451,2024-02-14,2024,Feb,Pune,Tier 1,6-10,Male,Robotics & AI Basics,Coding,6-8,Quarterly,Online,Active,28.3,3406.1,2.5
STU11538,2024-02-14,2024,Feb,Bengaluru,Tier 1,6-10,Male,Spoken English Mastery,Skill Development,All,Quarterly,Online,Active,22.2,1547.35,3.7
STU14544,2024-02-14,2024,Feb,Pune,Tier 1,6-10,Female,JEE Main Foundation,Competitive Exam,11-12,Quarterly,Online,Active,61.4,11589.07,4.0
STU13565,2024-02-14,2024,Feb,Mumbai,Tier 1,18+,Male,Python for Beginners,Coding,6-8,Quarterly,Online,Active,32.7,2320.39,3.2
STU12722,2024-02-14,2024,Feb,Raipur,Tier 3,18+,Female,Class 10 CBSE Complete,School Curriculum,10,Quarterly,Online,Completed,100.0,4286.66,4.6
STU14484,2024-02-15,2024,Feb,Kolkata,Tier 1,11-14,Male,UPSC Prelims Foundation,Competitive Exam,Graduate,Monthly,Offline,Active,24.2,5103.3,5.0
STU13456,2024-02-15,2024,Feb,Nagpur,Tier 2,11-14,Male,Robotics & AI Basics,Coding,6-8,Quarterly,Online,Active,72.5,3505.23,4.0
STU13389,2024-02-15,2024,Feb,Varanasi,Tier 3,6-10,Female,Class 10 CBSE Complete,School Curriculum,10,Monthly,Offline,Completed,100.0,1514.51,5.0
STU10560,2024-02-15,2024,Feb,Bhopal,Tier 2,15-17,Female,NEET Crash Course,Competitive Exam,11-12,Quarterly,Offline,Active,57.7,12770.06,4.4
STU14173,2024-02-15,2024,Feb,Chennai,Tier 1,15-17,Male,NEET Crash Course,Competitive Exam,11-12,Monthly,Online,Active,59.5,4261.77,4.3
STU14403,2024-02-15,2024,Feb,Pune,Tier 1,18+,Female,JEE Main Foundation,Competitive Exam,11-12,Monthly,Offline,Active,60.9,3703.44,3.6
STU14913,2024-02-15,2024,Feb,Surat,Tier 2,15-17,Female,UPSC Prelims Foundation,Competitive Exam,Graduate,Annual,Online,Active,92.0,46281.86,5.0
STU14816,2024-02-16,2024,Feb,Nagpur,Tier 2,15-17,Female,JEE Main Foundation,Competitive Exam,11-12,Quarterly,Offline,Trial - Not Converted,6.0,0.0,
STU10527,2024-02-16,2024,Feb,Kanpur,Tier 2,15-17,Male,UPSC Prelims Foundation,Competitive Exam,Graduate,Annual,Online,Trial - Not Converted,20.1,0.0,
STU12961,2024-02-17,2024,Feb,Ahmedabad,Tier 1,18+,Male,Class 6 Foundation,School Curriculum,6,Monthly,Offline,Completed,100.0,849.77,4.6
STU15371,2024-02-17,2024,Feb,Kolkata,Tier 1,15-17,Female,Class 10 CBSE Complete,School Curriculum,10,Annual,Online,Churned,20.1,13602.51,3.9
STU11515,2024-02-17,2024,Feb,Kanpur,Tier 2,6-10,Female,Class 8 Maths & Science,School Curriculum,8,Annual,Online,Trial - Not Converted,14.0,0.0,
STU15098,2024-02-17,2024,Feb,Hyderabad,Tier 1,6-10,Female,Class 10 CBSE Complete,School Curriculum,10,Annual,Online,Active,59.5,13844.73,4.1
STU10428,2024-02-17,2024,Feb,Kolkata,Tier 1,6-10,Female,Class 8 Maths & Science,School Curriculum,8,Monthly,Online,Completed,100.0,1035.6,5.0
STU14625,2024-02-18,2024,Feb,Hyderabad,Tier 1,18+,Male,Class 6 Foundation,School Curriculum,6,Annual,Offline,Active,73.5,8561.59,3.8
STU15222,2024-02-18,2024,Feb,Hyderabad,Tier 1,11-14,Female,Class 10 CBSE Complete,School Curriculum,10,Quarterly,Offline,Completed,100.0,4380.27,4.0
STU14591,2024-02-18,2024,Feb,Bengaluru,Tier 1,18+,Male,NEET Crash Course,Competitive Exam,11-12,Annual,Offline,Trial - Not Converted,21.4,0.0,
STU12035,2024-02-18,2024,Feb,Indore,Tier 2,15-17,Female,UPSC Prelims Foundation,Competitive Exam,Graduate,Annual,Offline,Active,32.9,46986.1,5.0
STU10427,2024-02-18,2024,Feb,Bhopal,Tier 2,18+,Male,Python for Beginners,Coding,6-8,Annual,Online,Active,65.6,7242.22,4.0
STU14235,2024-02-19,2024,Feb,Chennai,Tier 1,11-14,Female,JEE Main Foundation,Competitive Exam,11-12,Annual,Online,Churned,54.5,35945.78,3.4
STU10721,2024-02-19,2024,Feb,Hyderabad,Tier 1,6-10,Female,Coding for Kids - Scratch,Coding,3-5,Monthly,Online,Active,95.5,606.07,4.2
STU10794,2024-02-20,2024,Feb,Hyderabad,Tier 1,18+,Female,Robotics & AI Basics,Coding,6-8,Quarterly,Online,Churned,47.7,3659.37,4.7
STU11090,2024-02-20,2024,Feb,Delhi,Tier 1,11-14,Female,Class 8 Maths & Science,School Curriculum,8,Annual,Offline,Active,58.9,9226.5,3.4
STU14613,2024-02-20,2024,Feb,Chennai,Tier 1,11-14,Female,Class 10 CBSE Complete,School Curriculum,10,Monthly,Offline,Active,97.8,1480.51,4.0
STU10712,2024-02-20,2024,Feb,Lucknow,Tier 2,6-10,Male,JEE Main Foundation,Competitive Exam,11-12,Annual,Offline,Completed,100.0,37452.19,4.3
STU14639,2024-02-20,2024,Feb,Pune,Tier 1,6-10,Female,Class 8 Maths & Science,School Curriculum,8,Annual,Online,Active,89.4,9531.36,3.6
STU14663,2024-02-20,2024,Feb,Chennai,Tier 1,18+,Female,Python for Beginners,Coding,6-8,Annual,Online,Completed,100.0,8097.96,3.6
STU14360,2024-02-20,2024,Feb,Varanasi,Tier 3,15-17,Female,Spoken English Mastery,Skill Development,All,Quarterly,Online,Trial - Not Converted,8.5,0.0,
STU10069,2024-02-22,2024,Feb,Chennai,Tier 1,18+,Male,Coding for Kids - Scratch,Coding,3-5,Monthly,Online,Active,63.5,667.03,4.3
STU15829,2024-02-22,2024,Feb,Guwahati,Tier 3,6-10,Female,UPSC Prelims Foundation,Competitive Exam,Graduate,Monthly,Offline,Trial - Not Converted,5.3,0.0,
STU11131,2024-02-22,2024,Feb,Pune,Tier 1,6-10,Male,Robotics & AI Basics,Coding,6-8,Annual,Online,Active,41.7,13100.72,3.5
STU12060,2024-02-22,2024,Feb,Indore,Tier 2,15-17,Female,Coding for Kids - Scratch,Coding,3-5,Monthly,Online,Active,54.3,682.73,3.2
STU12192,2024-02-23,2024,Feb,Delhi,Tier 1,6-10,Female,Spoken English Mastery,Skill Development,All,Monthly,Online,Completed,100.0,493.22,3.9
STU10340,2024-02-23,2024,Feb,Ahmedabad,Tier 1,6-10,Female,Spoken English Mastery,Skill Development,All,Monthly,Online,Active,28.0,514.31,4.3
STU15186,2024-02-23,2024,Feb,Hyderabad,Tier 1,15-17,Male,UPSC Prelims Foundation,Competitive Exam,Graduate,Annual,Online,Trial - Not Converted,2.2,0.0,
STU15090,2024-02-23,2024,Feb,Ahmedabad,Tier 1,15-17,Male,Robotics & AI Basics,Coding,6-8,Annual,Offline,Completed,100.0,12418.89,3.2
STU11143,2024-02-23,2024,Feb,Kolkata,Tier 1,18+,Female,Class 8 Maths & Science,School Curriculum,8,Annual,Offline,Active,89.0,9507.2,4.3
STU14289,2024-02-23,2024,Feb,Raipur,Tier 3,15-17,Male,NEET Crash Course,Competitive Exam,11-12,Monthly,Offline,Churned,15.3,4016.85,4.8
STU11171,2024-02-24,2024,Feb,Bhopal,Tier 2,18+,Female,JEE Main Foundation,Competitive Exam,11-12,Annual,Offline,Active,44.9,34980.21,3.8
STU11926,2024-02-24,2024,Feb,Surat,Tier 2,11-14,Male,Robotics & AI Basics,Coding,6-8,Annual,Online,Churned,56.1,11397.57,4.1
STU13452,2024-02-24,2024,Feb,Bengaluru,Tier 1,15-17,Male,Robotics & AI Basics,Coding,6-8,Annual,Offline,Active,79.7,12657.27,4.1
STU14053,2024-02-24,2024,Feb,Nagpur,Tier 2,15-17,Male,UPSC Prelims Foundation,Competitive Exam,Graduate,Monthly,Online,Active,95.6,4760.66,4.2
STU15573,2024-02-24,2024,Feb,Bengaluru,Tier 1,11-14,Female,Coding for Kids - Scratch,Coding,3-5,Quarterly,Online,Completed,100.0,1964.99,4.5
STU15258,2024-02-25,2024,Feb,Chennai,Tier 1,11-14,Female,NEET Crash Course,Competitive Exam,11-12,Quarterly,Online,Trial - Not Converted,13.1,0.0,
STU14314,2024-02-25,2024,Feb,Hyderabad,Tier 1,15-17,Female,Class 6 Foundation,School Curriculum,6,Annual,Offline,Active,27.9,7767.32,3.5
STU15139,2024-02-25,2024,Feb,Kolkata,Tier 1,6-10,Female,UPSC Prelims Foundation,Competitive Exam,Graduate,Annual,Offline,Trial - Not Converted,24.6,0.0,
STU11236,2024-02-25,2024,Feb,Bhopal,Tier 2,15-17,Male,Spoken English Mastery,Skill Development,All,Annual,Online,Active,91.2,5246.9,3.4
STU11413,2024-02-25,2024,Feb,Guwahati,Tier 3,6-10,Female,NEET Crash Course,Competitive Exam,11-12,Annual,Online,Completed,100.0,40385.47,5.0
STU15163,2024-02-26,2024,Feb,Chennai,Tier 1,11-14,Male,JEE Main Foundation,Competitive Exam,11-12,Annual,Online,Trial - Not Converted,10.5,0.0,
STU13735,2024-02-26,2024,Feb,Jodhpur,Tier 3,11-14,Female,Class 10 CBSE Complete,School Curriculum,10,Quarterly,Online,Active,69.5,4187.44,3.8
STU13278,2024-02-26,2024,Feb,Mumbai,Tier 1,18+,Male,UPSC Prelims Foundation,Competitive Exam,Graduate,Quarterly,Offline,Active,83.8,14741.48,4.3
STU12543,2024-02-27,2024,Feb,Mumbai,Tier 1,6-10,Female,Coding for Kids - Scratch,Coding,3-5,Annual,Offline,Active,92.6,6860.41,4.0
STU11319,2024-02-27,2024,Feb,Delhi,Tier 1,15-17,Female,Python for Beginners,Coding,6-8,Monthly,Online,Completed,100.0,776.6,4.1
STU15149,2024-02-27,2024,Feb,Kota,Tier 3,11-14,Female,Python for Beginners,Coding,6-8,Annual,Online,Active,69.1,7495.17,3.8
STU11863,2024-02-27,2024,Feb,Delhi,Tier 1,18+,Female,Python for Beginners,Coding,6-8,Quarterly,Online,Trial - Not Converted,0.2,0.0,
STU15204,2024-02-27,2024,Feb,Indore,Tier 2,6-10,Male,NEET Crash Course,Competitive Exam,11-12,Annual,Online,Completed,100.0,42217.15,4.8
STU12146,2024-02-27,2024,Feb,Chennai,Tier 1,15-17,Female,Class 10 CBSE Complete,School Curriculum,10,Annual,Online,Active,26.9,14845.15,4.1
STU14459,2024-02-27,2024,Feb,Hyderabad,Tier 1,15-17,Male,NEET Crash Course,Competitive Exam,11-12,Quarterly,Online,Active,67.5,13496.63,3.6
STU13495,2024-02-27,2024,Feb,Ahmedabad,Tier 1,6-10,Female,Robotics & AI Basics,Coding,6-8,Annual,Online,Completed,100.0,11949.03,4.2
STU15265,2024-02-28,2024,Feb,Mumbai,Tier 1,18+,Male,Class 10 CBSE Complete,School Curriculum,10,Annual,Online,Active,47.4,15025.99,4.0
STU14340,2024-02-28,2024,Feb,Mumbai,Tier 1,18+,Female,Coding for Kids - Scratch,Coding,3-5,Annual,Online,Completed,100.0,6366.55,4.6
STU12970,2024-02-28,2024,Feb,Nagpur,Tier 2,18+,Male,JEE Main Foundation,Competitive Exam,11-12,Annual,Online,Churned,23.6,36491.18,3.9
STU15838,2024-02-28,2024,Feb,Bhopal,Tier 2,11-14,Female,Class 6 Foundation,School Curriculum,6,Quarterly,Offline,Churned,13.8,2547.61,4.2
STU14123,2024-02-28,2024,Feb,Meerut,Tier 3,18+,Female,Coding for Kids - Scratch,Coding,3-5,Monthly,Online,Active,80.0,635.24,4.1
STU10074,2024-02-29,2024,Feb,Ahmedabad,Tier 1,18+,Male,UPSC Prelims Foundation,Competitive Exam,Graduate,Annual,Online,Active,35.0,48507.91,3.9
STU11489,2024-02-29,2024,Feb,Bengaluru,Tier 1,18+,Female,Class 8 Maths & Science,School Curriculum,8,Annual,Online,Completed,100.0,9666.83,4.4
STU12006,2024-02-29,2024,Feb,Pune,Tier 1,11-14,Male,Class 8 Maths & Science,School Curriculum,8,Annual,Online,Trial - Not Converted,22.5,0.0,
STU11219,2024-03-01,2024,Mar,Raipur,Tier 3,11-14,Female,Spoken English Mastery,Skill Development,All,Quarterly,Online,Active,42.5,1403.46,4.0
STU10381,2024-03-01,2024,Mar,Pune,Tier 1,11-14,Female,Coding for Kids - Scratch,Coding,3-5,Monthly,Offline,Churned,33.8,645.24,5.0
STU11567,2024-03-01,2024,Mar,Varanasi,Tier 3,6-10,Male,Python for Beginners,Coding,6-8,Annual,Online,Active,79.4,7158.85,4.9
STU10100,2024-03-01,2024,Mar,Mumbai,Tier 1,6-10,Female,Class 6 Foundation,School Curriculum,6,Annual,Online,Completed,100.0,7608.27,4.0
STU13578,2024-03-01,2024,Mar,Kolkata,Tier 1,6-10,Female,Python for Beginners,Coding,6-8,Annual,Offline,Completed,100.0,8075.83,3.5
STU13428,2024-03-02,2024,Mar,Varanasi,Tier 3,11-14,Male,JEE Main Foundation,Competitive Exam,11-12,Annual,Online,Completed,100.0,37847.04,4.5
STU13693,2024-03-02,2024,Mar,Indore,Tier 2,6-10,Male,Spoken English Mastery,Skill Development,All,Annual,Online,Active,79.6,4708.86,3.6
STU13361,2024-03-02,2024,Mar,Jaipur,Tier 2,11-14,Male,NEET Crash Course,Competitive Exam,11-12,Monthly,Online,Completed,100.0,3950.21,4.2
STU11713,2024-03-02,2024,Mar,Kota,Tier 3,15-17,Female,UPSC Prelims Foundation,Competitive Exam,Graduate,Monthly,Online,Active,45.7,4562.08,3.7
STU12593,2024-03-02,2024,Mar,Bhopal,Tier 2,6-10,Female,Class 10 CBSE Complete,School Curriculum,10,Annual,Online,Active,85.2,13717.92,4.1
STU11197,2024-03-02,2024,Mar,Pune,Tier 1,18+,Male,Python for Beginners,Coding,6-8,Annual,Online,Completed,100.0,8052.73,4.3
STU15543,2024-03-02,2024,Mar,Kolkata,Tier 1,18+,Male,JEE Main Foundation,Competitive Exam,11-12,Annual,Offline,Active,90.2,34312.96,3.5
STU11485,2024-03-02,2024,Mar,Kota,Tier 3,6-10,Male,Robotics & AI Basics,Coding,6-8,Quarterly,Online,Active,27.7,3530.02,2.4
STU15984,2024-03-03,2024,Mar,Chennai,Tier 1,6-10,Male,Python for Beginners,Coding,6-8,Annual,Online,Active,71.3,7966.13,5.0
STU13417,2024-03-03,2024,Mar,Nagpur,Tier 2,11-14,Female,Spoken English Mastery,Skill Development,All,Quarterly,Online,Active,88.7,1386.87,4.1
STU14858,2024-03-03,2024,Mar,Bhopal,Tier 2,15-17,Male,Class 8 Maths & Science,School Curriculum,8,Quarterly,Online,Active,28.3,2743.27,4.3
STU12142,2024-03-04,2024,Mar,Nagpur,Tier 2,18+,Male,NEET Crash Course,Competitive Exam,11-12,Annual,Online,Active,90.4,40088.27,4.1
STU12003,2024-03-04,2024,Mar,Lucknow,Tier 2,18+,Female,NEET Crash Course,Competitive Exam,11-12,Monthly,Offline,Active,43.5,4463.69,4.8
STU11768,2024-03-04,2024,Mar,Nagpur,Tier 2,11-14,Male,UPSC Prelims Foundation,Competitive Exam,Graduate,Monthly,Online,Active,59.5,4860.62,4.5
STU13723,2024-03-04,2024,Mar,Nagpur,Tier 2,11-14,Male,Class 6 Foundation,School Curriculum,6,Annual,Online,Active,99.3,8253.03,3.7
STU14864,2024-03-04,2024,Mar,Meerut,Tier 3,18+,Male,Class 6 Foundation,School Curriculum,6,Annual,Online,Active,58.7,8584.12,4.5
STU11649,2024-03-04,2024,Mar,Hyderabad,Tier 1,6-10,Male,Class 6 Foundation,School Curriculum,6,Monthly,Offline,Trial - Not Converted,10.2,0.0,
STU11129,2024-03-04,2024,Mar,Delhi,Tier 1,6-10,Female,Class 6 Foundation,School Curriculum,6,Quarterly,Offline,Active,57.0,2443.39,4.3
STU13412,2024-03-04,2024,Mar,Mumbai,Tier 1,15-17,Male,Coding for Kids - Scratch,Coding,3-5,Annual,Online,Churned,24.3,6630.61,4.2
STU13661,2024-03-04,2024,Mar,Indore,Tier 2,6-10,Female,Python for Beginners,Coding,6-8,Monthly,Online,Active,26.8,806.19,3.5
STU12552,2024-03-05,2024,Mar,Chennai,Tier 1,11-14,Female,Class 6 Foundation,School Curriculum,6,Quarterly,Offline,Active,78.4,2325.39,5.0
STU12750,2024-03-05,2024,Mar,Hyderabad,Tier 1,6-10,Male,Spoken English Mastery,Skill Development,All,Quarterly,Online,Active,95.1,1389.44,4.5
STU11108,2024-03-06,2024,Mar,Hyderabad,Tier 1,18+,Female,Class 8 Maths & Science,School Curriculum,8,Annual,Online,Active,90.9,10004.57,3.9
STU13807,2024-03-06,2024,Mar,Mumbai,Tier 1,11-14,Male,Python for Beginners,Coding,6-8,Annual,Online,Active,67.1,8048.92,3.4
STU11170,2024-03-06,2024,Mar,Bengaluru,Tier 1,11-14,Male,Class 8 Maths & Science,School Curriculum,8,Annual,Offline,Completed,100.0,10026.64,5.0
STU15773,2024-03-06,2024,Mar,Jaipur,Tier 2,6-10,Female,Class 10 CBSE Complete,School Curriculum,10,Annual,Offline,Active,60.8,15441.95,4.5
STU13432,2024-03-06,2024,Mar,Chennai,Tier 1,15-17,Male,Class 6 Foundation,School Curriculum,6,Monthly,Online,Completed,100.0,791.49,4.3
STU10623,2024-03-06,2024,Mar,Guwahati,Tier 3,6-10,Male,Coding for Kids - Scratch,Coding,3-5,Quarterly,Online,Active,72.0,2056.19,4.3
STU11385,2024-03-07,2024,Mar,Jaipur,Tier 2,6-10,Female,Class 6 Foundation,School Curriculum,6,Annual,Online,Trial - Not Converted,8.1,0.0,
STU11983,2024-03-07,2024,Mar,Ahmedabad,Tier 1,11-14,Male,Spoken English Mastery,Skill Development,All,Annual,Online,Active,86.1,4996.07,4.8
STU15604,2024-03-07,2024,Mar,Pune,Tier 1,15-17,Female,Class 10 CBSE Complete,School Curriculum,10,Quarterly,Online,Active,85.8,4243.81,4.8
STU10039,2024-03-07,2024,Mar,Meerut,Tier 3,15-17,Male,Python for Beginners,Coding,6-8,Annual,Online,Trial - Not Converted,12.7,0.0,
STU13291,2024-03-07,2024,Mar,Jaipur,Tier 2,18+,Female,Class 6 Foundation,School Curriculum,6,Monthly,Online,Active,82.7,815.45,5.0
STU14643,2024-03-07,2024,Mar,Ahmedabad,Tier 1,11-14,Male,Class 6 Foundation,School Curriculum,6,Annual,Online,Churned,42.4,7638.98,3.5
STU14632,2024-03-07,2024,Mar,Kota,Tier 3,15-17,Female,Robotics & AI Basics,Coding,6-8,Annual,Offline,Trial - Not Converted,0.9,0.0,
STU12679,2024-03-08,2024,Mar,Meerut,Tier 3,18+,Female,JEE Main Foundation,Competitive Exam,11-12,Annual,Online,Active,38.3,39245.04,4.7
STU13342,2024-03-08,2024,Mar,Mumbai,Tier 1,11-14,Female,Class 8 Maths & Science,School Curriculum,8,Monthly,Offline,Churned,57.7,972.99,4.0
STU15805,2024-03-08,2024,Mar,Kanpur,Tier 2,11-14,Female,Python for Beginners,Coding,6-8,Monthly,Online,Trial - Not Converted,13.8,0.0,
STU12300,2024-03-08,2024,Mar,Indore,Tier 2,11-14,Male,NEET Crash Course,Competitive Exam,11-12,Annual,Offline,Completed,100.0,41631.65,4.8
STU12767,2024-03-08,2024,Mar,Bengaluru,Tier 1,6-10,Male,JEE Main Foundation,Competitive Exam,11-12,Quarterly,Online,Churned,31.5,10886.34,2.5
STU12640,2024-03-08,2024,Mar,Kanpur,Tier 2,15-17,Female,NEET Crash Course,Competitive Exam,11-12,Annual,Offline,Trial - Not Converted,8.5,0.0,
STU15416,2024-03-08,2024,Mar,Bengaluru,Tier 1,15-17,Female,UPSC Prelims Foundation,Competitive Exam,Graduate,Annual,Offline,Churned,21.5,50498.44,4.3
STU10695,2024-03-09,2024,Mar,Chennai,Tier 1,15-17,Female,Class 10 CBSE Complete,School Curriculum,10,Annual,Offline,Churned,50.7,15741.21,5.0
STU10314,2024-03-09,2024,Mar,Hyderabad,Tier 1,6-10,Male,Class 8 Maths & Science,School Curriculum,8,Monthly,Online,Completed,100.0,952.64,4.2
STU14680,2024-03-09,2024,Mar,Pune,Tier 1,18+,Female,Class 6 Foundation,School Curriculum,6,Monthly,Online,Trial - Not Converted,14.6,0.0,
STU12241,2024-03-09,2024,Mar,Nagpur,Tier 2,18+,Female,Coding for Kids - Scratch,Coding,3-5,Annual,Online,Active,61.6,6740.28,4.1
STU15645,2024-03-10,2024,Mar,Hyderabad,Tier 1,6-10,Female,Python for Beginners,Coding,6-8,Annual,Offline,Trial - Not Converted,22.7,0.0,
STU12590,2024-03-10,2024,Mar,Varanasi,Tier 3,18+,Female,Class 6 Foundation,School Curriculum,6,Monthly,Offline,Completed,100.0,783.34,4.4
STU13184,2024-03-10,2024,Mar,Lucknow,Tier 2,15-17,Female,Python for Beginners,Coding,6-8,Quarterly,Online,Trial - Not Converted,24.2,0.0,
STU13409,2024-03-10,2024,Mar,Lucknow,Tier 2,18+,Female,Coding for Kids - Scratch,Coding,3-5,Annual,Online,Active,30.0,6169.33,3.2
STU13457,2024-03-11,2024,Mar,Kanpur,Tier 2,18+,Male,Class 6 Foundation,School Curriculum,6,Annual,Online,Active,59.9,8610.51,4.9
STU12305,2024-03-11,2024,Mar,Varanasi,Tier 3,18+,Male,NEET Crash Course,Competitive Exam,11-12,Quarterly,Online,Completed,100.0,13474.94,4.1
STU10720,2024-03-12,2024,Mar,Kolkata,Tier 1,6-10,Male,Class 10 CBSE Complete,School Curriculum,10,Quarterly,Online,Churned,20.1,4383.1,3.6
STU15612,2024-03-12,2024,Mar,Pune,Tier 1,11-14,Male,Python for Beginners,Coding,6-8,Annual,Online,Active,21.3,7602.69,5.0
STU14666,2024-03-13,2024,Mar,Pune,Tier 1,15-17,Female,JEE Main Foundation,Competitive Exam,11-12,Monthly,Offline,Active,22.8,3440.74,5.0
STU13438,2024-03-14,2024,Mar,Bengaluru,Tier 1,15-17,Male,Spoken English Mastery,Skill Development,All,Annual,Online,Active,85.2,5150.92,4.9
STU15323,2024-03-14,2024,Mar,Raipur,Tier 3,11-14,Male,Class 10 CBSE Complete,School Curriculum,10,Monthly,Online,Churned,40.2,1420.16,3.6
STU11840,2024-03-14,2024,Mar,Hyderabad,Tier 1,6-10,Male,Spoken English Mastery,Skill Development,All,Annual,Online,Completed,100.0,4553.43,4.5
STU13404,2024-03-14,2024,Mar,Ahmedabad,Tier 1,6-10,Female,UPSC Prelims Foundation,Competitive Exam,Graduate,Quarterly,Offline,Active,99.0,15225.08,4.7
STU10850,2024-03-15,2024,Mar,Kolkata,Tier 1,18+,Male,Class 8 Maths & Science,School Curriculum,8,Quarterly,Offline,Completed,100.0,2993.73,5.0
STU12330,2024-03-15,2024,Mar,Jaipur,Tier 2,6-10,Male,NEET Crash Course,Competitive Exam,11-12,Monthly,Online,Completed,100.0,4504.69,4.1
STU15774,2024-03-15,2024,Mar,Mumbai,Tier 1,6-10,Female,Coding for Kids - Scratch,Coding,3-5,Quarterly,Online,Churned,57.6,1816.64,4.5
STU15874,2024-03-15,2024,Mar,Meerut,Tier 3,6-10,Female,Class 6 Foundation,School Curriculum,6,Annual,Offline,Active,68.0,8378.34,4.3
STU13321,2024-03-15,2024,Mar,Delhi,Tier 1,11-14,Female,UPSC Prelims Foundation,Competitive Exam,Graduate,Annual,Online,Active,40.7,52000.7,4.0
STU14130,2024-03-16,2024,Mar,Bengaluru,Tier 1,18+,Female,Python for Beginners,Coding,6-8,Monthly,Online,Active,28.5,789.98,4.2
STU14903,2024-03-16,2024,Mar,Jodhpur,Tier 3,18+,Male,Robotics & AI Basics,Coding,6-8,Monthly,Online,Active,90.7,1268.21,4.1
STU13046,2024-03-17,2024,Mar,Indore,Tier 2,18+,Male,Coding for Kids - Scratch,Coding,3-5,Quarterly,Offline,Active,86.2,1845.26,4.0
STU14321,2024-03-17,2024,Mar,Raipur,Tier 3,15-17,Female,NEET Crash Course,Competitive Exam,11-12,Annual,Online,Active,35.7,42802.03,5.0
STU15907,2024-03-17,2024,Mar,Indore,Tier 2,18+,Female,Class 6 Foundation,School Curriculum,6,Quarterly,Offline,Active,27.7,2390.76,4.0
STU11156,2024-03-18,2024,Mar,Kanpur,Tier 2,6-10,Female,Robotics & AI Basics,Coding,6-8,Annual,Online,Trial - Not Converted,9.9,0.0,
STU11298,2024-03-18,2024,Mar,Kanpur,Tier 2,15-17,Female,Coding for Kids - Scratch,Coding,3-5,Annual,Online,Active,46.0,6533.81,5.0
STU11819,2024-03-18,2024,Mar,Chennai,Tier 1,15-17,Female,NEET Crash Course,Competitive Exam,11-12,Monthly,Online,Active,69.6,3913.88,4.3
STU13018,2024-03-19,2024,Mar,Jaipur,Tier 2,6-10,Male,Python for Beginners,Coding,6-8,Monthly,Online,Churned,24.3,818.56,4.2
STU11085,2024-03-19,2024,Mar,Indore,Tier 2,11-14,Male,Spoken English Mastery,Skill Development,All,Annual,Online,Churned,40.9,4791.35,4.0
STU13743,2024-03-19,2024,Mar,Nagpur,Tier 2,15-17,Female,Class 6 Foundation,School Curriculum,6,Monthly,Online,Churned,53.5,792.38,4.1
STU12004,2024-03-19,2024,Mar,Surat,Tier 2,15-17,Male,Spoken English Mastery,Skill Development,All,Quarterly,Online,Completed,100.0,1510.47,4.2
STU12867,2024-03-19,2024,Mar,Guwahati,Tier 3,18+,Male,Robotics & AI Basics,Coding,6-8,Quarterly,Online,Active,41.3,3921.15,4.9
STU12730,2024-03-19,2024,Mar,Jaipur,Tier 2,15-17,Female,Python for Beginners,Coding,6-8,Annual,Online,Trial - Not Converted,9.3,0.0,
STU11880,2024-03-19,2024,Mar,Kota,Tier 3,11-14,Male,Class 8 Maths & Science,School Curriculum,8,Annual,Offline,Active,80.1,10279.08,4.2
STU14174,2024-03-19,2024,Mar,Kolkata,Tier 1,6-10,Female,Class 6 Foundation,School Curriculum,6,Annual,Online,Active,73.4,8539.74,3.0
STU12502,2024-03-19,2024,Mar,Delhi,Tier 1,18+,Female,JEE Main Foundation,Competitive Exam,11-12,Quarterly,Online,Active,26.8,11278.91,3.9
STU10415,2024-03-20,2024,Mar,Indore,Tier 2,11-14,Female,Spoken English Mastery,Skill Development,All,Monthly,Online,Trial - Not Converted,14.3,0.0,
STU10487,2024-03-20,2024,Mar,Chennai,Tier 1,6-10,Male,Robotics & AI Basics,Coding,6-8,Monthly,Online,Active,88.7,1148.34,3.3
STU14494,2024-03-20,2024,Mar,Hyderabad,Tier 1,15-17,Male,Class 6 Foundation,School Curriculum,6,Annual,Online,Churned,10.3,8017.98,4.3
STU10055,2024-03-21,2024,Mar,Jaipur,Tier 2,6-10,Male,Python for Beginners,Coding,6-8,Quarterly,Online,Active,68.3,2187.08,3.2
STU13133,2024-03-22,2024,Mar,Bengaluru,Tier 1,15-17,Male,Coding for Kids - Scratch,Coding,3-5,Quarterly,Online,Active,35.8,2099.85,5.0
STU10336,2024-03-22,2024,Mar,Ahmedabad,Tier 1,6-10,Male,NEET Crash Course,Competitive Exam,11-12,Annual,Offline,Active,95.8,42833.51,4.2
STU10027,2024-03-22,2024,Mar,Kanpur,Tier 2,18+,Female,Robotics & AI Basics,Coding,6-8,Monthly,Online,Completed,100.0,1221.75,4.2
STU15404,2024-03-22,2024,Mar,Surat,Tier 2,18+,Male,Coding for Kids - Scratch,Coding,3-5,Annual,Online,Active,87.3,6851.42,4.0
STU12313,2024-03-22,2024,Mar,Jaipur,Tier 2,15-17,Male,Coding for Kids - Scratch,Coding,3-5,Annual,Online,Trial - Not Converted,12.1,0.0,
STU15494,2024-03-23,2024,Mar,Jodhpur,Tier 3,11-14,Male,Class 6 Foundation,School Curriculum,6,Annual,Online,Active,27.6,7504.7,4.4
STU12301,2024-03-23,2024,Mar,Pune,Tier 1,18+,Male,Coding for Kids - Scratch,Coding,3-5,Monthly,Online,Active,41.0,600.72,4.1
STU11488,2024-03-23,2024,Mar,Mumbai,Tier 1,15-17,Female,Coding for Kids - Scratch,Coding,3-5,Annual,Online,Active,62.7,6271.58,3.4
STU13886,2024-03-23,2024,Mar,Delhi,Tier 1,6-10,Female,Python for Beginners,Coding,6-8,Annual,Online,Trial - Not Converted,3.4,0.0,
STU12395,2024-03-23,2024,Mar,Pune,Tier 1,11-14,Male,Robotics & AI Basics,Coding,6-8,Annual,Online,Active,44.6,12828.74,4.6
STU15572,2024-03-24,2024,Mar,Chennai,Tier 1,11-14,Female,JEE Main Foundation,Competitive Exam,11-12,Annual,Online,Active,67.0,35030.61,3.2
STU15195,2024-03-24,2024,Mar,Bengaluru,Tier 1,11-14,Female,JEE Main Foundation,Competitive Exam,11-12,Monthly,Offline,Active,97.1,3620.16,4.5
STU12787,2024-03-24,2024,Mar,Nagpur,Tier 2,18+,Female,NEET Crash Course,Competitive Exam,11-12,Annual,Online,Trial - Not Converted,2.6,0.0,
STU11616,2024-03-24,2024,Mar,Jaipur,Tier 2,6-10,Male,Python for Beginners,Coding,6-8,Annual,Offline,Active,90.8,7694.93,5.0
STU15087,2024-03-24,2024,Mar,Varanasi,Tier 3,18+,Female,Class 6 Foundation,School Curriculum,6,Annual,Offline,Active,53.2,8441.76,3.9
STU13853,2024-03-26,2024,Mar,Bhopal,Tier 2,11-14,Female,JEE Main Foundation,Competitive Exam,11-12,Monthly,Online,Active,97.2,3641.27,3.7
STU15254,2024-03-27,2024,Mar,Bhopal,Tier 2,18+,Female,Class 6 Foundation,School Curriculum,6,Annual,Offline,Active,62.1,8019.85,5.0
STU15675,2024-03-27,2024,Mar,Chennai,Tier 1,18+,Male,UPSC Prelims Foundation,Competitive Exam,Graduate,Quarterly,Offline,Active,23.6,15694.12,4.6
STU12382,2024-03-27,2024,Mar,Jodhpur,Tier 3,6-10,Male,Class 8 Maths & Science,School Curriculum,8,Annual,Offline,Active,47.7,9588.21,4.9
STU10273,2024-03-27,2024,Mar,Nagpur,Tier 2,15-17,Male,JEE Main Foundation,Competitive Exam,11-12,Monthly,Offline,Churned,23.5,3698.25,4.7
STU13233,2024-03-27,2024,Mar,Ranchi,Tier 3,11-14,Male,Class 6 Foundation,School Curriculum,6,Quarterly,Offline,Active,82.0,2603.04,3.9
STU10828,2024-03-28,2024,Mar,Ahmedabad,Tier 1,18+,Female,Class 6 Foundation,School Curriculum,6,Quarterly,Offline,Active,24.0,2310.23,5.0
STU10859,2024-03-28,2024,Mar,Raipur,Tier 3,18+,Female,Coding for Kids - Scratch,Coding,3-5,Quarterly,Online,Churned,35.1,1841.79,4.5
STU11098,2024-03-28,2024,Mar,Bhopal,Tier 2,18+,Male,Spoken English Mastery,Skill Development,All,Quarterly,Online,Completed,100.0,1530.13,5.0
STU12639,2024-03-29,2024,Mar,Kanpur,Tier 2,11-14,Female,Class 8 Maths & Science,School Curriculum,8,Annual,Online,Active,55.7,9314.64,4.1
STU13548,2024-03-29,2024,Mar,Bengaluru,Tier 1,6-10,Male,Class 6 Foundation,School Curriculum,6,Annual,Offline,Trial - Not Converted,8.3,0.0,
STU14795,2024-03-30,2024,Mar,Raipur,Tier 3,6-10,Female,Class 10 CBSE Complete,School Curriculum,10,Annual,Online,Active,30.8,15717.47,4.9
STU10219,2024-03-30,2024,Mar,Indore,Tier 2,11-14,Female,Class 8 Maths & Science,School Curriculum,8,Annual,Offline,Completed,100.0,10060.45,4.0
STU10360,2024-03-30,2024,Mar,Nagpur,Tier 2,6-10,Female,Spoken English Mastery,Skill Development,All,Annual,Online,Active,51.0,4783.68,4.8
STU11078,2024-03-30,2024,Mar,Nagpur,Tier 2,15-17,Male,UPSC Prelims Foundation,Competitive Exam,Graduate,Annual,Offline,Trial - Not Converted,4.5,0.0,
STU15669,2024-03-30,2024,Mar,Delhi,Tier 1,11-14,Female,Spoken English Mastery,Skill Development,All,Monthly,Online,Active,22.8,481.17,3.8
STU11846,2024-03-30,2024,Mar,Nagpur,Tier 2,15-17,Female,Spoken English Mastery,Skill Development,All,Annual,Online,Completed,100.0,4539.56,3.9
STU12630,2024-03-30,2024,Mar,Kanpur,Tier 2,15-17,Female,UPSC Prelims Foundation,Competitive Exam,Graduate,Annual,Online,Active,82.8,51071.58,4.2
STU11043,2024-03-31,2024,Mar,Kanpur,Tier 2,15-17,Female,Class 10 CBSE Complete,School Curriculum,10,Monthly,Online,Active,21.7,1533.22,4.6
STU11324,2024-03-31,2024,Mar,Lucknow,Tier 2,15-17,Male,Class 10 CBSE Complete,School Curriculum,10,Quarterly,Online,Trial - Not Converted,15.4,0.0,
STU10187,2024-03-31,2024,Mar,Guwahati,Tier 3,18+,Male,Class 8 Maths & Science,School Curriculum,8,Annual,Online,Active,42.2,10184.49,5.0
STU11499,2024-03-31,2024,Mar,Delhi,Tier 1,11-14,Male,Class 10 CBSE Complete,School Curriculum,10,Quarterly,Online,Active,77.2,4624.65,4.4
STU15312,2024-04-01,2024,Apr,Delhi,Tier 1,11-14,Male,Class 6 Foundation,School Curriculum,6,Quarterly,Offline,Active,23.6,2363.15,5.0
STU15823,2024-04-01,2024,Apr,Indore,Tier 2,18+,Male,Spoken English Mastery,Skill Development,All,Annual,Online,Active,75.3,5119.75,4.4
STU11999,2024-04-01,2024,Apr,Ahmedabad,Tier 1,18+,Female,Class 6 Foundation,School Curriculum,6,Annual,Online,Trial - Not Converted,9.9,0.0,
STU15045,2024-04-01,2024,Apr,Pune,Tier 1,18+,Female,Coding for Kids - Scratch,Coding,3-5,Quarterly,Online,Active,34.1,1873.59,4.2
STU15641,2024-04-01,2024,Apr,Bengaluru,Tier 1,15-17,Male,Class 6 Foundation,School Curriculum,6,Annual,Online,Completed,100.0,7773.59,3.4
STU11087,2024-04-01,2024,Apr,Delhi,Tier 1,18+,Male,Class 10 CBSE Complete,School Curriculum,10,Annual,Online,Active,65.0,13711.82,4.5
STU14383,2024-04-01,2024,Apr,Jaipur,Tier 2,18+,Female,JEE Main Foundation,Competitive Exam,11-12,Monthly,Online,Active,56.3,3649.79,4.8
STU14570,2024-04-02,2024,Apr,Chennai,Tier 1,18+,Male,Class 10 CBSE Complete,School Curriculum,10,Annual,Offline,Active,63.7,13820.13,4.9
STU14008,2024-04-02,2024,Apr,Bhopal,Tier 2,11-14,Female,Coding for Kids - Scratch,Coding,3-5,Annual,Offline,Completed,100.0,6468.4,3.6
STU11644,2024-04-02,2024,Apr,Chennai,Tier 1,11-14,Female,Class 6 Foundation,School Curriculum,6,Annual,Offline,Completed,100.0,8238.88,4.4
STU14274,2024-04-02,2024,Apr,Hyderabad,Tier 1,11-14,Male,JEE Main Foundation,Competitive Exam,11-12,Annual,Online,Active,29.0,36159.68,4.6
STU13981,2024-04-03,2024,Apr,Bhopal,Tier 2,15-17,Female,Coding for Kids - Scratch,Coding,3-5,Annual,Online,Active,73.6,6846.94,4.1
STU14701,2024-04-04,2024,Apr,Hyderabad,Tier 1,6-10,Male,UPSC Prelims Foundation,Competitive Exam,Graduate,Annual,Offline,Trial - Not Converted,2.6,0.0,
STU14805,2024-04-04,2024,Apr,Bengaluru,Tier 1,18+,Female,Class 10 CBSE Complete,School Curriculum,10,Annual,Online,Active,70.8,14124.62,4.6
STU12310,2024-04-04,2024,Apr,Varanasi,Tier 3,15-17,Male,Coding for Kids - Scratch,Coding,3-5,Annual,Online,Active,48.2,6899.88,4.0
STU11002,2024-04-05,2024,Apr,Bhopal,Tier 2,15-17,Male,Python for Beginners,Coding,6-8,Annual,Online,Trial - Not Converted,21.9,0.0,
STU11746,2024-04-05,2024,Apr,Delhi,Tier 1,6-10,Female,Spoken English Mastery,Skill Development,All,Quarterly,Online,Active,85.6,1392.47,3.5
STU12775,2024-04-05,2024,Apr,Pune,Tier 1,6-10,Female,Class 10 CBSE Complete,School Curriculum,10,Annual,Offline,Completed,100.0,14308.19,4.3
STU13355,2024-04-05,2024,Apr,Delhi,Tier 1,6-10,Female,Class 8 Maths & Science,School Curriculum,8,Quarterly,Online,Trial - Not Converted,23.7,0.0,
STU13802,2024-04-05,2024,Apr,Kolkata,Tier 1,15-17,Male,Class 10 CBSE Complete,School Curriculum,10,Annual,Online,Active,88.9,14249.27,3.3
STU12974,2024-04-05,2024,Apr,Delhi,Tier 1,18+,Female,Class 10 CBSE Complete,School Curriculum,10,Monthly,Online,Active,39.4,1366.78,5.0
STU10016,2024-04-06,2024,Apr,Surat,Tier 2,11-14,Male,Python for Beginners,Coding,6-8,Monthly,Online,Active,66.3,721.32,4.7
STU14038,2024-04-06,2024,Apr,Jodhpur,Tier 3,18+,Male,Class 6 Foundation,School Curriculum,6,Monthly,Offline,Active,22.3,869.27,4.2
STU12720,2024-04-06,2024,Apr,Bengaluru,Tier 1,11-14,Male,Coding for Kids - Scratch,Coding,3-5,Annual,Online,Completed,100.0,6403.18,5.0
STU12864,2024-04-06,2024,Apr,Chennai,Tier 1,18+,Female,Class 8 Maths & Science,School Curriculum,8,Annual,Offline,Active,27.2,9317.77,3.3
STU11576,2024-04-06,2024,Apr,Jodhpur,Tier 3,18+,Female,Coding for Kids - Scratch,Coding,3-5,Quarterly,Offline,Completed,100.0,2049.59,3.3
STU12266,2024-04-07,2024,Apr,Chennai,Tier 1,11-14,Female,Class 6 Foundation,School Curriculum,6,Monthly,Offline,Active,84.1,755.83,5.0
STU15779,2024-04-07,2024,Apr,Bengaluru,Tier 1,11-14,Male,JEE Main Foundation,Competitive Exam,11-12,Monthly,Online,Active,53.8,3482.5,3.8
STU14456,2024-04-07,2024,Apr,Delhi,Tier 1,6-10,Male,Class 6 Foundation,School Curriculum,6,Annual,Offline,Trial - Not Converted,18.4,0.0,
STU10677,2024-04-08,2024,Apr,Jaipur,Tier 2,11-14,Female,Spoken English Mastery,Skill Development,All,Quarterly,Online,Active,76.6,1491.09,4.6
STU10504,2024-04-08,2024,Apr,Ranchi,Tier 3,6-10,Female,UPSC Prelims Foundation,Competitive Exam,Graduate,Quarterly,Online,Completed,100.0,14679.48,4.1
STU12166,2024-04-08,2024,Apr,Kota,Tier 3,11-14,Female,Class 8 Maths & Science,School Curriculum,8,Annual,Online,Active,45.0,9182.34,5.0
STU11355,2024-04-09,2024,Apr,Guwahati,Tier 3,18+,Male,Class 6 Foundation,School Curriculum,6,Monthly,Offline,Active,41.4,859.74,3.9
STU11278,2024-04-09,2024,Apr,Kolkata,Tier 1,11-14,Male,NEET Crash Course,Competitive Exam,11-12,Quarterly,Offline,Active,99.4,13285.06,3.8
STU15509,2024-04-09,2024,Apr,Jaipur,Tier 2,11-14,Male,Spoken English Mastery,Skill Development,All,Annual,Online,Completed,100.0,5233.73,3.5
STU13101,2024-04-09,2024,Apr,Lucknow,Tier 2,11-14,Female,NEET Crash Course,Competitive Exam,11-12,Annual,Online,Active,55.6,43580.85,4.5
STU11274,2024-04-10,2024,Apr,Chennai,Tier 1,11-14,Male,Class 10 CBSE Complete,School Curriculum,10,Monthly,Online,Active,75.4,1566.38,3.9
STU14105,2024-04-11,2024,Apr,Bhopal,Tier 2,15-17,Female,UPSC Prelims Foundation,Competitive Exam,Graduate,Quarterly,Offline,Completed,100.0,14992.02,3.3
STU12040,2024-04-11,2024,Apr,Kolkata,Tier 1,11-14,Male,Spoken English Mastery,Skill Development,All,Quarterly,Online,Active,81.4,1461.87,4.5
STU11275,2024-04-12,2024,Apr,Meerut,Tier 3,15-17,Male,Class 8 Maths & Science,School Curriculum,8,Annual,Online,Active,50.9,9242.94,4.5
STU10433,2024-04-12,2024,Apr,Kanpur,Tier 2,6-10,Female,Class 6 Foundation,School Curriculum,6,Quarterly,Online,Completed,100.0,2506.64,4.5
STU10894,2024-04-12,2024,Apr,Kanpur,Tier 2,15-17,Female,JEE Main Foundation,Competitive Exam,11-12,Annual,Offline,Trial - Not Converted,7.7,0.0,
STU10983,2024-04-12,2024,Apr,Kanpur,Tier 2,15-17,Female,Class 6 Foundation,School Curriculum,6,Quarterly,Online,Active,66.2,2312.17,3.7
STU12875,2024-04-12,2024,Apr,Hyderabad,Tier 1,18+,Male,Coding for Kids - Scratch,Coding,3-5,Monthly,Online,Trial - Not Converted,15.0,0.0,
STU11859,2024-04-13,2024,Apr,Kota,Tier 3,15-17,Female,Coding for Kids - Scratch,Coding,3-5,Annual,Online,Churned,13.5,6543.16,4.0
STU12180,2024-04-13,2024,Apr,Hyderabad,Tier 1,11-14,Female,Class 8 Maths & Science,School Curriculum,8,Annual,Offline,Active,22.8,9534.7,4.8
STU12028,2024-04-13,2024,Apr,Mumbai,Tier 1,11-14,Male,Class 6 Foundation,School Curriculum,6,Annual,Offline,Active,62.0,8683.39,3.7
STU14243,2024-04-13,2024,Apr,Guwahati,Tier 3,15-17,Male,Class 8 Maths & Science,School Curriculum,8,Annual,Offline,Active,38.5,9339.48,3.7
STU10885,2024-04-13,2024,Apr,Delhi,Tier 1,6-10,Female,UPSC Prelims Foundation,Competitive Exam,Graduate,Annual,Online,Trial - Not Converted,3.1,0.0,
STU15004,2024-04-13,2024,Apr,Mumbai,Tier 1,18+,Male,Python for Beginners,Coding,6-8,Annual,Online,Active,70.3,7319.92,4.3
STU15407,2024-04-13,2024,Apr,Ahmedabad,Tier 1,18+,Male,Coding for Kids - Scratch,Coding,3-5,Monthly,Online,Active,88.2,614.57,3.8
STU11259,2024-04-14,2024,Apr,Chennai,Tier 1,11-14,Male,Class 8 Maths & Science,School Curriculum,8,Annual,Offline,Completed,100.0,9649.44,3.9
STU11961,2024-04-14,2024,Apr,Bhopal,Tier 2,18+,Female,Class 8 Maths & Science,School Curriculum,8,Annual,Offline,Active,64.3,9338.42,3.5
STU11040,2024-04-15,2024,Apr,Chennai,Tier 1,18+,Male,Python for Beginners,Coding,6-8,Quarterly,Offline,Active,47.7,2345.24,4.4
STU11342,2024-04-15,2024,Apr,Kanpur,Tier 2,6-10,Female,Robotics & AI Basics,Coding,6-8,Quarterly,Online,Active,36.9,3405.95,4.1
STU11379,2024-04-15,2024,Apr,Hyderabad,Tier 1,6-10,Male,UPSC Prelims Foundation,Competitive Exam,Graduate,Quarterly,Online,Active,51.4,15158.07,4.4
STU10820,2024-04-16,2024,Apr,Pune,Tier 1,11-14,Female,Class 10 CBSE Complete,School Curriculum,10,Quarterly,Offline,Active,64.7,4655.47,4.1
STU13504,2024-04-17,2024,Apr,Jaipur,Tier 2,18+,Male,Robotics & AI Basics,Coding,6-8,Annual,Online,Active,71.2,12850.64,4.1
STU13265,2024-04-17,2024,Apr,Chennai,Tier 1,18+,Female,Class 8 Maths & Science,School Curriculum,8,Quarterly,Online,Active,94.0,3062.96,3.9
STU11946,2024-04-17,2024,Apr,Hyderabad,Tier 1,11-14,Male,Coding for Kids - Scratch,Coding,3-5,Quarterly,Online,Active,87.2,1886.13,5.0
STU14915,2024-04-17,2024,Apr,Ranchi,Tier 3,18+,Female,Class 8 Maths & Science,School Curriculum,8,Annual,Online,Active,47.8,9947.12,4.2
STU10351,2024-04-17,2024,Apr,Jaipur,Tier 2,11-14,Male,NEET Crash Course,Competitive Exam,11-12,Quarterly,Offline,Active,32.6,12020.67,4.5
STU12809,2024-04-18,2024,Apr,Chennai,Tier 1,15-17,Male,Class 8 Maths & Science,School Curriculum,8,Annual,Offline,Trial - Not Converted,20.5,0.0,
STU14469,2024-04-18,2024,Apr,Pune,Tier 1,15-17,Female,Class 10 CBSE Complete,School Curriculum,10,Monthly,Offline,Completed,100.0,1387.42,4.3
STU14095,2024-04-18,2024,Apr,Kolkata,Tier 1,15-17,Male,Class 8 Maths & Science,School Curriculum,8,Annual,Offline,Active,72.7,9509.53,4.5
STU13207,2024-04-18,2024,Apr,Hyderabad,Tier 1,18+,Male,Class 6 Foundation,School Curriculum,6,Annual,Offline,Churned,21.7,7639.2,3.9
STU13538,2024-04-18,2024,Apr,Delhi,Tier 1,11-14,Male,Python for Beginners,Coding,6-8,Quarterly,Online,Churned,55.7,2193.53,4.5
STU10606,2024-04-19,2024,Apr,Mumbai,Tier 1,11-14,Female,Spoken English Mastery,Skill Development,All,Monthly,Online,Churned,20.6,450.75,5.0
STU11977,2024-04-19,2024,Apr,Lucknow,Tier 2,6-10,Male,Class 6 Foundation,School Curriculum,6,Annual,Online,Churned,47.4,7514.29,4.9
STU15831,2024-04-19,2024,Apr,Delhi,Tier 1,15-17,Female,Class 8 Maths & Science,School Curriculum,8,Quarterly,Online,Completed,100.0,2887.79,4.3
STU10114,2024-04-19,2024,Apr,Kota,Tier 3,18+,Male,JEE Main Foundation,Competitive Exam,11-12,Quarterly,Online,Active,37.0,11545.33,4.4
STU11450,2024-04-19,2024,Apr,Surat,Tier 2,18+,Female,Robotics & AI Basics,Coding,6-8,Annual,Online,Trial - Not Converted,2.8,0.0,
STU14037,2024-04-20,2024,Apr,Raipur,Tier 3,15-17,Male,UPSC Prelims Foundation,Competitive Exam,Graduate,Quarterly,Online,Active,37.3,15574.46,3.2
STU11947,2024-04-20,2024,Apr,Mumbai,Tier 1,6-10,Female,Class 10 CBSE Complete,School Curriculum,10,Quarterly,Online,Trial - Not Converted,5.8,0.0,
STU13514,2024-04-20,2024,Apr,Lucknow,Tier 2,18+,Female,Class 8 Maths & Science,School Curriculum,8,Annual,Online,Active,29.5,9507.16,4.2
STU14074,2024-04-21,2024,Apr,Hyderabad,Tier 1,18+,Female,Coding for Kids - Scratch,Coding,3-5,Quarterly,Online,Active,33.0,1924.58,3.3
STU12652,2024-04-21,2024,Apr,Jaipur,Tier 2,11-14,Female,Python for Beginners,Coding,6-8,Annual,Online,Completed,100.0,8194.95,3.3
STU11138,2024-04-21,2024,Apr,Bhopal,Tier 2,18+,Male,Robotics & AI Basics,Coding,6-8,Quarterly,Online,Trial - Not Converted,11.5,0.0,
STU14013,2024-04-22,2024,Apr,Patna,Tier 2,18+,Male,Class 8 Maths & Science,School Curriculum,8,Annual,Offline,Trial - Not Converted,23.5,0.0,
STU10150,2024-04-22,2024,Apr,Kolkata,Tier 1,15-17,Male,JEE Main Foundation,Competitive Exam,11-12,Quarterly,Offline,Active,69.8,10526.37,4.1
STU14813,2024-04-22,2024,Apr,Bhopal,Tier 2,6-10,Male,JEE Main Foundation,Competitive Exam,11-12,Quarterly,Online,Trial - Not Converted,13.1,0.0,
STU11106,2024-04-22,2024,Apr,Mumbai,Tier 1,6-10,Female,Robotics & AI Basics,Coding,6-8,Annual,Offline,Active,59.0,12680.47,3.3
STU15264,2024-04-22,2024,Apr,Nagpur,Tier 2,15-17,Female,Class 10 CBSE Complete,School Curriculum,10,Annual,Online,Active,27.3,14238.63,3.4
STU13535,2024-04-22,2024,Apr,Guwahati,Tier 3,18+,Male,Spoken English Mastery,Skill Development,All,Quarterly,Online,Active,95.2,1559.12,3.6
STU15271,2024-04-23,2024,Apr,Kolkata,Tier 1,6-10,Male,Python for Beginners,Coding,6-8,Monthly,Online,Active,69.3,819.71,4.2
STU10008,2024-04-24,2024,Apr,Pune,Tier 1,6-10,Male,UPSC Prelims Foundation,Competitive Exam,Graduate,Quarterly,Online,Active,24.2,13806.76,5.0
STU13705,2024-04-25,2024,Apr,Indore,Tier 2,15-17,Male,UPSC Prelims Foundation,Competitive Exam,Graduate,Annual,Online,Active,62.7,49280.56,3.8
STU15639,2024-04-25,2024,Apr,Ranchi,Tier 3,6-10,Male,NEET Crash Course,Competitive Exam,11-12,Annual,Online,Completed,100.0,43131.99,4.3
STU15560,2024-04-25,2024,Apr,Pune,Tier 1,18+,Female,Python for Beginners,Coding,6-8,Annual,Online,Churned,14.0,7991.28,4.7
STU13612,2024-04-25,2024,Apr,Jaipur,Tier 2,15-17,Male,Robotics & AI Basics,Coding,6-8,Monthly,Offline,Active,74.2,1310.67,4.4
STU10464,2024-04-26,2024,Apr,Raipur,Tier 3,15-17,Male,Class 10 CBSE Complete,School Curriculum,10,Monthly,Online,Completed,100.0,1424.53,2.8
STU11559,2024-04-26,2024,Apr,Bengaluru,Tier 1,6-10,Female,Class 10 CBSE Complete,School Curriculum,10,Annual,Online,Active,72.3,13813.86,4.0
STU15687,2024-04-27,2024,Apr,Varanasi,Tier 3,15-17,Male,UPSC Prelims Foundation,Competitive Exam,Graduate,Annual,Offline,Trial - Not Converted,16.0,0.0,
STU12389,2024-04-27,2024,Apr,Mumbai,Tier 1,18+,Female,Coding for Kids - Scratch,Coding,3-5,Monthly,Online,Churned,32.7,693.16,4.1
STU13329,2024-04-27,2024,Apr,Delhi,Tier 1,18+,Female,Python for Beginners,Coding,6-8,Annual,Online,Active,35.8,7130.43,4.3
STU13850,2024-04-27,2024,Apr,Delhi,Tier 1,11-14,Female,Spoken English Mastery,Skill Development,All,Annual,Offline,Active,63.2,4501.0,4.2
STU14927,2024-04-27,2024,Apr,Chennai,Tier 1,6-10,Male,Spoken English Mastery,Skill Development,All,Annual,Online,Active,78.7,4614.66,4.4
STU15557,2024-04-27,2024,Apr,Hyderabad,Tier 1,18+,Male,Coding for Kids - Scratch,Coding,3-5,Annual,Offline,Churned,14.6,6923.84,4.3
STU10671,2024-04-27,2024,Apr,Chennai,Tier 1,15-17,Female,JEE Main Foundation,Competitive Exam,11-12,Annual,Offline,Churned,59.2,37406.56,3.9
STU13549,2024-04-27,2024,Apr,Nagpur,Tier 2,6-10,Male,NEET Crash Course,Competitive Exam,11-12,Annual,Offline,Completed,100.0,42133.48,4.5
STU11969,2024-04-28,2024,Apr,Bengaluru,Tier 1,18+,Female,UPSC Prelims Foundation,Competitive Exam,Graduate,Annual,Offline,Completed,100.0,48683.99,4.3
STU12650,2024-04-28,2024,Apr,Lucknow,Tier 2,18+,Male,Python for Beginners,Coding,6-8,Quarterly,Online,Active,89.4,2166.4,4.0
STU10032,2024-04-28,2024,Apr,Indore,Tier 2,11-14,Female,Coding for Kids - Scratch,Coding,3-5,Annual,Online,Active,82.4,6091.21,3.9
STU13047,2024-04-28,2024,Apr,Jaipur,Tier 2,15-17,Male,UPSC Prelims Foundation,Competitive Exam,Graduate,Annual,Offline,Active,38.0,51328.04,3.8
STU13429,2024-04-29,2024,Apr,Hyderabad,Tier 1,18+,Female,NEET Crash Course,Competitive Exam,11-12,Monthly,Offline,Active,58.7,4174.67,4.7
STU10299,2024-04-29,2024,Apr,Raipur,Tier 3,15-17,Female,UPSC Prelims Foundation,Competitive Exam,Graduate,Annual,Online,Completed,100.0,47467.89,4.9
STU12910,2024-04-29,2024,Apr,Chennai,Tier 1,18+,Female,NEET Crash Course,Competitive Exam,11-12,Monthly,Online,Churned,22.2,4447.63,4.4
STU10842,2024-04-29,2024,Apr,Ranchi,Tier 3,18+,Male,Class 6 Foundation,School Curriculum,6,Monthly,Online,Churned,11.6,781.15,4.4
STU13958,2024-04-29,2024,Apr,Hyderabad,Tier 1,6-10,Male,Class 10 CBSE Complete,School Curriculum,10,Monthly,Offline,Active,51.3,1416.95,3.9
STU12653,2024-04-30,2024,Apr,Patna,Tier 2,6-10,Female,Python for Beginners,Coding,6-8,Annual,Offline,Active,48.9,7573.34,4.2
STU12114,2024-04-30,2024,Apr,Kolkata,Tier 1,15-17,Female,Class 8 Maths & Science,School Curriculum,8,Quarterly,Offline,Active,93.4,2723.52,3.3
STU11021,2024-04-30,2024,Apr,Raipur,Tier 3,18+,Female,JEE Main Foundation,Competitive Exam,11-12,Annual,Online,Active,99.9,35895.83,4.0
STU15556,2024-05-01,2024,May,Kanpur,Tier 2,11-14,Female,Class 6 Foundation,School Curriculum,6,Annual,Offline,Active,41.7,8468.67,3.6
STU12471,2024-05-01,2024,May,Hyderabad,Tier 1,6-10,Male,Coding for Kids - Scratch,Coding,3-5,Quarterly,Online,Active,84.9,2037.33,3.6
STU10643,2024-05-01,2024,May,Kanpur,Tier 2,11-14,Female,Class 6 Foundation,School Curriculum,6,Quarterly,Online,Trial - Not Converted,4.9,0.0,
STU11505,2024-05-02,2024,May,Pune,Tier 1,6-10,Male,Class 6 Foundation,School Curriculum,6,Annual,Online,Active,63.9,8654.91,3.8
STU10565,2024-05-02,2024,May,Bengaluru,Tier 1,6-10,Female,Python for Beginners,Coding,6-8,Annual,Online,Trial - Not Converted,3.6,0.0,
STU12507,2024-05-02,2024,May,Hyderabad,Tier 1,18+,Female,Robotics & AI Basics,Coding,6-8,Monthly,Online,Active,90.6,1262.39,4.3
STU15034,2024-05-02,2024,May,Guwahati,Tier 3,11-14,Female,Spoken English Mastery,Skill Development,All,Annual,Online,Trial - Not Converted,21.7,0.0,
STU15888,2024-05-02,2024,May,Patna,Tier 2,6-10,Male,Class 10 CBSE Complete,School Curriculum,10,Quarterly,Offline,Trial - Not Converted,19.3,0.0,
STU13284,2024-05-02,2024,May,Kanpur,Tier 2,15-17,Male,NEET Crash Course,Competitive Exam,11-12,Monthly,Offline,Active,63.6,4236.44,3.6
STU10353,2024-05-03,2024,May,Bengaluru,Tier 1,15-17,Male,Python for Beginners,Coding,6-8,Annual,Online,Active,22.5,7424.03,4.9
STU10040,2024-05-04,2024,May,Kanpur,Tier 2,11-14,Male,JEE Main Foundation,Competitive Exam,11-12,Annual,Offline,Active,89.8,35570.47,3.2
STU13343,2024-05-04,2024,May,Hyderabad,Tier 1,11-14,Female,Robotics & AI Basics,Coding,6-8,Annual,Online,Churned,45.4,11567.02,4.3
STU10400,2024-05-04,2024,May,Bengaluru,Tier 1,15-17,Male,JEE Main Foundation,Competitive Exam,11-12,Annual,Online,Trial - Not Converted,17.5,0.0,
STU12410,2024-05-05,2024,May,Jaipur,Tier 2,15-17,Male,NEET Crash Course,Competitive Exam,11-12,Annual,Online,Active,81.6,40358.73,5.0
STU10947,2024-05-05,2024,May,Nagpur,Tier 2,11-14,Male,NEET Crash Course,Competitive Exam,11-12,Quarterly,Offline,Active,39.2,11959.0,4.3
STU10002,2024-05-05,2024,May,Lucknow,Tier 2,15-17,Female,JEE Main Foundation,Competitive Exam,11-12,Annual,Online,Active,77.1,35282.34,4.2
STU13954,2024-05-05,2024,May,Jodhpur,Tier 3,15-17,Female,Robotics & AI Basics,Coding,6-8,Quarterly,Online,Active,70.4,3475.79,3.0
STU13775,2024-05-05,2024,May,Surat,Tier 2,6-10,Male,UPSC Prelims Foundation,Competitive Exam,Graduate,Annual,Offline,Active,84.0,49909.98,4.3
STU14395,2024-05-05,2024,May,Raipur,Tier 3,18+,Male,JEE Main Foundation,Competitive Exam,11-12,Annual,Online,Active,39.2,36113.06,5.0
STU11779,2024-05-06,2024,May,Bengaluru,Tier 1,6-10,Female,Coding for Kids - Scratch,Coding,3-5,Quarterly,Online,Active,79.4,2040.48,4.1
STU11829,2024-05-06,2024,May,Mumbai,Tier 1,18+,Male,JEE Main Foundation,Competitive Exam,11-12,Annual,Online,Active,89.8,38330.23,5.0
STU12766,2024-05-06,2024,May,Pune,Tier 1,11-14,Female,Coding for Kids - Scratch,Coding,3-5,Monthly,Online,Active,60.6,668.63,4.4
STU10308,2024-05-07,2024,May,Ahmedabad,Tier 1,11-14,Male,Class 8 Maths & Science,School Curriculum,8,Annual,Offline,Active,39.6,9198.7,4.6
STU12347,2024-05-08,2024,May,Surat,Tier 2,11-14,Male,Python for Beginners,Coding,6-8,Quarterly,Offline,Churned,47.0,2356.61,4.9
STU13144,2024-05-08,2024,May,Mumbai,Tier 1,15-17,Female,Spoken English Mastery,Skill Development,All,Annual,Online,Active,56.6,4943.99,4.0
STU14989,2024-05-08,2024,May,Jaipur,Tier 2,6-10,Male,Spoken English Mastery,Skill Development,All,Quarterly,Offline,Active,93.3,1357.01,3.0
STU12430,2024-05-08,2024,May,Kanpur,Tier 2,11-14,Female,Class 6 Foundation,School Curriculum,6,Annual,Offline,Active,24.2,8577.94,4.3
STU12771,2024-05-08,2024,May,Pune,Tier 1,15-17,Female,JEE Main Foundation,Competitive Exam,11-12,Monthly,Online,Active,73.9,3486.83,4.4
STU12356,2024-05-09,2024,May,Lucknow,Tier 2,11-14,Female,Robotics & AI Basics,Coding,6-8,Annual,Online,Completed,100.0,11303.73,4.4
STU10518,2024-05-09,2024,May,Delhi,Tier 1,18+,Female,JEE Main Foundation,Competitive Exam,11-12,Quarterly,Offline,Active,98.3,10769.79,3.7
STU12844,2024-05-10,2024,May,Ahmedabad,Tier 1,6-10,Male,Robotics & AI Basics,Coding,6-8,Annual,Online,Churned,16.4,12185.34,4.5
STU13709,2024-05-11,2024,May,Bengaluru,Tier 1,11-14,Male,NEET Crash Course,Competitive Exam,11-12,Annual,Online,Trial - Not Converted,10.8,0.0,
STU14926,2024-05-11,2024,May,Delhi,Tier 1,15-17,Male,UPSC Prelims Foundation,Competitive Exam,Graduate,Annual,Online,Trial - Not Converted,2.6,0.0,
STU13806,2024-05-11,2024,May,Bengaluru,Tier 1,15-17,Female,Spoken English Mastery,Skill Development,All,Monthly,Online,Active,29.9,508.1,4.0
STU11414,2024-05-11,2024,May,Mumbai,Tier 1,6-10,Male,NEET Crash Course,Competitive Exam,11-12,Quarterly,Online,Completed,100.0,12096.46,4.6
STU12810,2024-05-11,2024,May,Lucknow,Tier 2,11-14,Female,Class 8 Maths & Science,School Curriculum,8,Monthly,Online,Churned,16.2,978.26,4.1
STU11972,2024-05-12,2024,May,Ahmedabad,Tier 1,6-10,Male,Python for Beginners,Coding,6-8,Annual,Offline,Active,23.7,7145.27,5.0
STU14900,2024-05-13,2024,May,Hyderabad,Tier 1,11-14,Male,Class 10 CBSE Complete,School Curriculum,10,Quarterly,Online,Trial - Not Converted,21.3,0.0,
STU13045,2024-05-13,2024,May,Ahmedabad,Tier 1,11-14,Female,Class 10 CBSE Complete,School Curriculum,10,Quarterly,Offline,Active,84.8,4250.03,3.1
STU15014,2024-05-13,2024,May,Hyderabad,Tier 1,11-14,Female,Class 8 Maths & Science,School Curriculum,8,Quarterly,Offline,Completed,100.0,2945.64,3.3
STU15655,2024-05-13,2024,May,Jodhpur,Tier 3,6-10,Female,Spoken English Mastery,Skill Development,All,Annual,Online,Active,95.1,4708.65,3.2
STU14072,2024-05-14,2024,May,Delhi,Tier 1,18+,Female,Robotics & AI Basics,Coding,6-8,Annual,Online,Churned,57.5,12791.63,4.3
STU14780,2024-05-14,2024,May,Kolkata,Tier 1,15-17,Female,Class 10 CBSE Complete,School Curriculum,10,Quarterly,Online,Churned,30.9,4687.65,3.6
STU13805,2024-05-15,2024,May,Kolkata,Tier 1,18+,Female,NEET Crash Course,Competitive Exam,11-12,Annual,Online,Trial - Not Converted,24.5,0.0,
STU10523,2024-05-15,2024,May,Mumbai,Tier 1,18+,Female,Coding for Kids - Scratch,Coding,3-5,Monthly,Online,Trial - Not Converted,15.0,0.0,
STU14731,2024-05-15,2024,May,Patna,Tier 2,11-14,Male,Python for Beginners,Coding,6-8,Annual,Online,Trial - Not Converted,0.6,0.0,
STU14118,2024-05-15,2024,May,Kota,Tier 3,15-17,Male,JEE Main Foundation,Competitive Exam,11-12,Annual,Online,Completed,100.0,35233.56,3.6
STU10297,2024-05-15,2024,May,Raipur,Tier 3,6-10,Female,Spoken English Mastery,Skill Development,All,Annual,Online,Active,78.3,4923.95,4.2
STU11845,2024-05-16,2024,May,Jaipur,Tier 2,15-17,Male,Robotics & AI Basics,Coding,6-8,Annual,Online,Active,40.3,11573.18,3.1
STU13222,2024-05-16,2024,May,Mumbai,Tier 1,18+,Male,Class 10 CBSE Complete,School Curriculum,10,Quarterly,Online,Active,82.0,4587.81,4.2
STU11410,2024-05-16,2024,May,Kolkata,Tier 1,6-10,Female,Class 10 CBSE Complete,School Curriculum,10,Annual,Online,Trial - Not Converted,6.1,0.0,
STU13479,2024-05-16,2024,May,Nagpur,Tier 2,6-10,Female,UPSC Prelims Foundation,Competitive Exam,Graduate,Quarterly,Offline,Trial - Not Converted,11.1,0.0,
STU12071,2024-05-16,2024,May,Lucknow,Tier 2,15-17,Male,JEE Main Foundation,Competitive Exam,11-12,Annual,Offline,Active,62.6,35900.19,4.9
STU15523,2024-05-16,2024,May,Surat,Tier 2,18+,Female,UPSC Prelims Foundation,Competitive Exam,Graduate,Annual,Online,Active,34.2,47466.99,4.6
STU14865,2024-05-17,2024,May,Indore,Tier 2,11-14,Male,Class 8 Maths & Science,School Curriculum,8,Quarterly,Online,Active,38.0,3043.88,3.1
STU12135,2024-05-17,2024,May,Lucknow,Tier 2,6-10,Female,Class 6 Foundation,School Curriculum,6,Annual,Online,Trial - Not Converted,18.2,0.0,
STU13191,2024-05-17,2024,May,Indore,Tier 2,15-17,Male,Robotics & AI Basics,Coding,6-8,Annual,Online,Active,22.7,11421.65,4.3
STU15628,2024-05-18,2024,May,Lucknow,Tier 2,6-10,Male,JEE Main Foundation,Competitive Exam,11-12,Monthly,Online,Trial - Not Converted,11.8,0.0,
STU11612,2024-05-18,2024,May,Nagpur,Tier 2,15-17,Female,Class 8 Maths & Science,School Curriculum,8,Quarterly,Offline,Trial - Not Converted,16.7,0.0,
STU11174,2024-05-18,2024,May,Chennai,Tier 1,11-14,Male,Class 10 CBSE Complete,School Curriculum,10,Quarterly,Online,Active,64.8,4380.69,3.6
STU15100,2024-05-18,2024,May,Jaipur,Tier 2,6-10,Female,Class 6 Foundation,School Curriculum,6,Annual,Online,Active,87.8,8701.62,4.3
STU14958,2024-05-18,2024,May,Jodhpur,Tier 3,6-10,Female,NEET Crash Course,Competitive Exam,11-12,Annual,Offline,Active,44.6,40971.11,4.7
STU12700,2024-05-18,2024,May,Nagpur,Tier 2,6-10,Female,Spoken English Mastery,Skill Development,All,Annual,Online,Active,69.0,4813.36,4.2
STU10206,2024-05-19,2024,May,Indore,Tier 2,6-10,Male,Coding for Kids - Scratch,Coding,3-5,Annual,Online,Trial - Not Converted,19.4,0.0,
STU12602,2024-05-19,2024,May,Kota,Tier 3,11-14,Female,Class 10 CBSE Complete,School Curriculum,10,Annual,Online,Active,95.8,15688.31,4.2
STU13058,2024-05-19,2024,May,Hyderabad,Tier 1,6-10,Male,Python for Beginners,Coding,6-8,Quarterly,Online,Active,28.8,2329.01,4.6
STU12007,2024-05-19,2024,May,Jaipur,Tier 2,15-17,Male,JEE Main Foundation,Competitive Exam,11-12,Annual,Online,Completed,100.0,35124.16,3.7
STU10234,2024-05-20,2024,May,Kolkata,Tier 1,18+,Male,Class 8 Maths & Science,School Curriculum,8,Annual,Online,Trial - Not Converted,22.8,0.0,
STU12596,2024-05-21,2024,May,Indore,Tier 2,11-14,Male,NEET Crash Course,Competitive Exam,11-12,Monthly,Offline,Churned,42.8,4039.38,3.3
STU14087,2024-05-21,2024,May,Hyderabad,Tier 1,6-10,Female,Spoken English Mastery,Skill Development,All,Annual,Online,Active,78.6,5143.1,3.7
STU10473,2024-05-22,2024,May,Jodhpur,Tier 3,6-10,Female,Class 8 Maths & Science,School Curriculum,8,Annual,Online,Churned,36.5,10069.74,4.4
STU15492,2024-05-22,2024,May,Jaipur,Tier 2,11-14,Male,Class 8 Maths & Science,School Curriculum,8,Monthly,Offline,Active,65.2,935.09,4.3
STU13879,2024-05-22,2024,May,Bengaluru,Tier 1,11-14,Male,UPSC Prelims Foundation,Competitive Exam,Graduate,Annual,Online,Active,78.9,51636.32,5.0
STU12533,2024-05-22,2024,May,Indore,Tier 2,6-10,Male,NEET Crash Course,Competitive Exam,11-12,Monthly,Offline,Churned,48.6,4354.88,4.8
STU15214,2024-05-22,2024,May,Mumbai,Tier 1,18+,Male,Coding for Kids - Scratch,Coding,3-5,Annual,Online,Active,39.1,6357.5,4.9
STU11427,2024-05-22,2024,May,Meerut,Tier 3,6-10,Female,Class 6 Foundation,School Curriculum,6,Quarterly,Online,Active,48.2,2283.72,3.2
STU12545,2024-05-23,2024,May,Pune,Tier 1,18+,Female,Spoken English Mastery,Skill Development,All,Monthly,Online,Trial - Not Converted,2.0,0.0,
STU15309,2024-05-23,2024,May,Kota,Tier 3,11-14,Male,Class 8 Maths & Science,School Curriculum,8,Annual,Online,Active,58.6,9739.36,3.9
STU10096,2024-05-24,2024,May,Pune,Tier 1,18+,Male,Spoken English Mastery,Skill Development,All,Annual,Online,Active,45.4,5090.1,4.9
STU14020,2024-05-24,2024,May,Hyderabad,Tier 1,15-17,Male,Python for Beginners,Coding,6-8,Annual,Online,Active,78.4,8186.97,4.6
STU14063,2024-05-24,2024,May,Chennai,Tier 1,15-17,Male,Robotics & AI Basics,Coding,6-8,Monthly,Offline,Completed,100.0,1168.36,3.8
STU12406,2024-05-24,2024,May,Mumbai,Tier 1,18+,Male,JEE Main Foundation,Competitive Exam,11-12,Quarterly,Online,Active,82.0,10670.64,3.8
STU10775,2024-05-24,2024,May,Mumbai,Tier 1,6-10,Male,Coding for Kids - Scratch,Coding,3-5,Annual,Online,Trial - Not Converted,17.9,0.0,
STU12840,2024-05-25,2024,May,Varanasi,Tier 3,15-17,Female,Python for Beginners,Coding,6-8,Quarterly,Online,Active,81.7,2146.18,4.8
STU13079,2024-05-25,2024,May,Guwahati,Tier 3,11-14,Female,Class 6 Foundation,School Curriculum,6,Annual,Online,Completed,100.0,7846.75,4.6
STU14091,2024-05-25,2024,May,Jodhpur,Tier 3,6-10,Male,Class 6 Foundation,School Curriculum,6,Monthly,Offline,Completed,100.0,857.19,4.1
STU14448,2024-05-25,2024,May,Indore,Tier 2,18+,Male,Robotics & AI Basics,Coding,6-8,Monthly,Offline,Active,54.0,1191.51,3.7
STU15587,2024-05-26,2024,May,Ahmedabad,Tier 1,11-14,Male,Python for Beginners,Coding,6-8,Annual,Offline,Active,22.8,7793.66,4.0
STU12522,2024-05-26,2024,May,Indore,Tier 2,11-14,Female,Class 8 Maths & Science,School Curriculum,8,Monthly,Offline,Trial - Not Converted,10.1,0.0,
STU14082,2024-05-26,2024,May,Jaipur,Tier 2,18+,Female,JEE Main Foundation,Competitive Exam,11-12,Annual,Online,Active,95.6,38864.42,3.7
STU10898,2024-05-26,2024,May,Hyderabad,Tier 1,11-14,Female,Spoken English Mastery,Skill Development,All,Annual,Online,Active,64.2,5041.39,3.5
STU13529,2024-05-26,2024,May,Mumbai,Tier 1,11-14,Female,Python for Beginners,Coding,6-8,Annual,Online,Active,24.7,8190.31,3.7
STU10869,2024-05-27,2024,May,Patna,Tier 2,18+,Female,Spoken English Mastery,Skill Development,All,Quarterly,Online,Active,71.6,1434.59,4.2
STU15809,2024-05-28,2024,May,Kanpur,Tier 2,6-10,Female,UPSC Prelims Foundation,Competitive Exam,Graduate,Quarterly,Online,Completed,100.0,14988.31,4.4
STU10574,2024-05-28,2024,May,Jaipur,Tier 2,18+,Male,NEET Crash Course,Competitive Exam,11-12,Monthly,Offline,Completed,100.0,4544.18,3.7
STU10063,2024-05-28,2024,May,Hyderabad,Tier 1,18+,Female,JEE Main Foundation,Competitive Exam,11-12,Quarterly,Offline,Churned,36.0,10389.37,4.1
STU11124,2024-05-28,2024,May,Kota,Tier 3,15-17,Female,UPSC Prelims Foundation,Competitive Exam,Graduate,Quarterly,Offline,Active,35.6,15682.19,4.3
STU15495,2024-05-28,2024,May,Mumbai,Tier 1,15-17,Female,Spoken English Mastery,Skill Development,All,Annual,Online,Active,34.5,4977.89,4.5
STU12696,2024-05-28,2024,May,Mumbai,Tier 1,6-10,Male,UPSC Prelims Foundation,Competitive Exam,Graduate,Annual,Online,Trial - Not Converted,9.4,0.0,
STU11462,2024-05-28,2024,May,Mumbai,Tier 1,18+,Male,NEET Crash Course,Competitive Exam,11-12,Annual,Online,Trial - Not Converted,14.2,0.0,
STU15193,2024-05-29,2024,May,Ahmedabad,Tier 1,18+,Male,Python for Beginners,Coding,6-8,Annual,Online,Completed,100.0,8219.43,4.6
STU15985,2024-05-29,2024,May,Patna,Tier 2,6-10,Male,Class 8 Maths & Science,School Curriculum,8,Annual,Online,Trial - Not Converted,6.3,0.0,
STU11126,2024-05-29,2024,May,Delhi,Tier 1,11-14,Male,NEET Crash Course,Competitive Exam,11-12,Annual,Online,Active,83.6,42028.08,4.5
STU10544,2024-05-30,2024,May,Nagpur,Tier 2,15-17,Female,Class 6 Foundation,School Curriculum,6,Annual,Offline,Completed,100.0,8369.77,4.7
STU14842,2024-05-30,2024,May,Bengaluru,Tier 1,15-17,Male,Class 6 Foundation,School Curriculum,6,Annual,Online,Active,78.7,8342.39,4.4
STU15485,2024-05-30,2024,May,Ahmedabad,Tier 1,18+,Female,NEET Crash Course,Competitive Exam,11-12,Annual,Online,Active,50.1,44100.51,4.4
STU13078,2024-05-30,2024,May,Patna,Tier 2,6-10,Female,Class 8 Maths & Science,School Curriculum,8,Quarterly,Offline,Active,75.3,3015.8,4.7
STU10964,2024-05-31,2024,May,Pune,Tier 1,18+,Male,JEE Main Foundation,Competitive Exam,11-12,Monthly,Online,Completed,100.0,3400.25,3.9
STU15198,2024-05-31,2024,May,Mumbai,Tier 1,18+,Male,Python for Beginners,Coding,6-8,Annual,Online,Churned,46.6,7661.91,5.0
STU11673,2024-05-31,2024,May,Lucknow,Tier 2,18+,Female,JEE Main Foundation,Competitive Exam,11-12,Annual,Online,Active,26.3,36870.3,3.8
STU13571,2024-06-01,2024,Jun,Kolkata,Tier 1,11-14,Male,Class 10 CBSE Complete,School Curriculum,10,Monthly,Online,Churned,20.3,1486.54,3.8
STU11752,2024-06-01,2024,Jun,Kanpur,Tier 2,18+,Male,NEET Crash Course,Competitive Exam,11-12,Annual,Offline,Active,87.7,41863.53,4.2
STU13686,2024-06-01,2024,Jun,Bengaluru,Tier 1,11-14,Male,Class 8 Maths & Science,School Curriculum,8,Annual,Offline,Trial - Not Converted,24.5,0.0,
STU10971,2024-06-01,2024,Jun,Bengaluru,Tier 1,18+,Female,JEE Main Foundation,Competitive Exam,11-12,Annual,Offline,Trial - Not Converted,9.0,0.0,
STU13484,2024-06-01,2024,Jun,Kanpur,Tier 2,6-10,Male,Class 8 Maths & Science,School Curriculum,8,Annual,Offline,Active,87.9,10082.35,4.4
STU15211,2024-06-01,2024,Jun,Varanasi,Tier 3,18+,Male,UPSC Prelims Foundation,Competitive Exam,Graduate,Quarterly,Online,Active,61.0,14449.25,4.4
STU15871,2024-06-01,2024,Jun,Nagpur,Tier 2,18+,Male,Class 6 Foundation,School Curriculum,6,Annual,Online,Active,52.4,8505.8,3.2
STU11855,2024-06-02,2024,Jun,Patna,Tier 2,11-14,Male,UPSC Prelims Foundation,Competitive Exam,Graduate,Annual,Online,Churned,58.6,48966.11,4.5
STU10058,2024-06-02,2024,Jun,Chennai,Tier 1,15-17,Male,Class 6 Foundation,School Curriculum,6,Monthly,Online,Trial - Not Converted,11.1,0.0,
STU13923,2024-06-02,2024,Jun,Lucknow,Tier 2,18+,Female,Class 6 Foundation,School Curriculum,6,Annual,Online,Active,40.5,7928.81,5.0
STU11598,2024-06-02,2024,Jun,Delhi,Tier 1,18+,Male,NEET Crash Course,Competitive Exam,11-12,Quarterly,Offline,Active,39.5,12074.89,4.0
STU11118,2024-06-03,2024,Jun,Delhi,Tier 1,15-17,Female,Python for Beginners,Coding,6-8,Annual,Online,Active,30.7,7203.88,3.4
STU13952,2024-06-03,2024,Jun,Ahmedabad,Tier 1,6-10,Male,Coding for Kids - Scratch,Coding,3-5,Quarterly,Online,Trial - Not Converted,23.2,0.0,
STU10937,2024-06-03,2024,Jun,Nagpur,Tier 2,6-10,Male,Class 6 Foundation,School Curriculum,6,Monthly,Online,Trial - Not Converted,20.3,0.0,
STU10731,2024-06-03,2024,Jun,Nagpur,Tier 2,6-10,Female,NEET Crash Course,Competitive Exam,11-12,Annual,Offline,Trial - Not Converted,4.6,0.0,
STU11176,2024-06-03,2024,Jun,Mumbai,Tier 1,11-14,Female,NEET Crash Course,Competitive Exam,11-12,Annual,Online,Trial - Not Converted,16.2,0.0,
STU15237,2024-06-03,2024,Jun,Surat,Tier 2,18+,Female,Class 8 Maths & Science,School Curriculum,8,Annual,Offline,Trial - Not Converted,9.4,0.0,
STU12549,2024-06-03,2024,Jun,Jaipur,Tier 2,6-10,Female,Class 8 Maths & Science,School Curriculum,8,Annual,Offline,Completed,100.0,9493.84,5.0
STU11468,2024-06-04,2024,Jun,Meerut,Tier 3,18+,Female,UPSC Prelims Foundation,Competitive Exam,Graduate,Annual,Offline,Active,29.9,46823.44,4.0
STU14505,2024-06-04,2024,Jun,Ranchi,Tier 3,15-17,Female,JEE Main Foundation,Competitive Exam,11-12,Monthly,Offline,Active,63.5,3796.98,4.0
STU10594,2024-06-04,2024,Jun,Ranchi,Tier 3,6-10,Female,Python for Beginners,Coding,6-8,Annual,Online,Churned,48.8,7806.58,4.6
STU15279,2024-06-04,2024,Jun,Mumbai,Tier 1,15-17,Female,JEE Main Foundation,Competitive Exam,11-12,Annual,Offline,Trial - Not Converted,6.6,0.0,
STU14117,2024-06-04,2024,Jun,Jodhpur,Tier 3,15-17,Female,Python for Beginners,Coding,6-8,Quarterly,Online,Trial - Not Converted,4.2,0.0,
STU15960,2024-06-04,2024,Jun,Jaipur,Tier 2,18+,Female,Class 10 CBSE Complete,School Curriculum,10,Quarterly,Offline,Active,80.6,4264.82,4.4
STU14308,2024-06-04,2024,Jun,Hyderabad,Tier 1,11-14,Female,NEET Crash Course,Competitive Exam,11-12,Quarterly,Online,Active,83.3,13474.85,3.4
STU12781,2024-06-04,2024,Jun,Raipur,Tier 3,15-17,Male,Coding for Kids - Scratch,Coding,3-5,Annual,Online,Trial - Not Converted,4.7,0.0,
STU10338,2024-06-04,2024,Jun,Nagpur,Tier 2,18+,Male,Spoken English Mastery,Skill Development,All,Monthly,Online,Churned,15.4,517.75,3.7
STU14698,2024-06-04,2024,Jun,Pune,Tier 1,18+,Female,JEE Main Foundation,Competitive Exam,11-12,Annual,Offline,Active,33.2,35069.63,4.8
STU16000,2024-06-05,2024,Jun,Surat,Tier 2,18+,Male,Class 6 Foundation,School Curriculum,6,Quarterly,Offline,Active,42.1,2566.42,3.6
STU12891,2024-06-05,2024,Jun,Nagpur,Tier 2,11-14,Male,Class 10 CBSE Complete,School Curriculum,10,Quarterly,Offline,Trial - Not Converted,16.3,0.0,
STU15567,2024-06-06,2024,Jun,Chennai,Tier 1,6-10,Female,Class 10 CBSE Complete,School Curriculum,10,Annual,Online,Active,59.8,13644.57,4.1
STU10613,2024-06-07,2024,Jun,Jodhpur,Tier 3,15-17,Male,Python for Beginners,Coding,6-8,Annual,Online,Active,86.5,7436.78,4.2
STU13118,2024-06-07,2024,Jun,Nagpur,Tier 2,6-10,Female,JEE Main Foundation,Competitive Exam,11-12,Monthly,Online,Churned,46.8,3559.47,4.6
STU15187,2024-06-07,2024,Jun,Ahmedabad,Tier 1,6-10,Female,Class 10 CBSE Complete,School Curriculum,10,Quarterly,Online,Active,48.8,4554.16,4.7
STU10639,2024-06-07,2024,Jun,Hyderabad,Tier 1,11-14,Female,JEE Main Foundation,Competitive Exam,11-12,Monthly,Online,Active,51.5,3784.75,4.6
STU12309,2024-06-07,2024,Jun,Chennai,Tier 1,11-14,Male,Class 10 CBSE Complete,School Curriculum,10,Annual,Online,Churned,11.9,14336.73,3.9
STU13905,2024-06-07,2024,Jun,Kanpur,Tier 2,15-17,Male,UPSC Prelims Foundation,Competitive Exam,Graduate,Monthly,Online,Completed,100.0,5106.33,3.8
STU14791,2024-06-07,2024,Jun,Delhi,Tier 1,6-10,Male,NEET Crash Course,Competitive Exam,11-12,Quarterly,Online,Active,81.9,12675.37,4.8
STU14771,2024-06-08,2024,Jun,Hyderabad,Tier 1,18+,Female,Robotics & AI Basics,Coding,6-8,Quarterly,Online,Active,81.5,3485.48,3.5
STU14347,2024-06-08,2024,Jun,Pune,Tier 1,11-14,Female,Robotics & AI Basics,Coding,6-8,Annual,Online,Trial - Not Converted,16.5,0.0,
STU10154,2024-06-08,2024,Jun,Indore,Tier 2,11-14,Female,UPSC Prelims Foundation,Competitive Exam,Graduate,Quarterly,Offline,Completed,100.0,14987.71,5.0
STU11690,2024-06-08,2024,Jun,Kota,Tier 3,11-14,Male,Spoken English Mastery,Skill Development,All,Annual,Online,Active,81.7,4759.94,4.5
STU12959,2024-06-08,2024,Jun,Surat,Tier 2,18+,Female,Robotics & AI Basics,Coding,6-8,Quarterly,Online,Completed,100.0,3600.83,4.1
STU14533,2024-06-09,2024,Jun,Nagpur,Tier 2,6-10,Male,JEE Main Foundation,Competitive Exam,11-12,Monthly,Online,Active,51.5,3454.11,4.3
STU10207,2024-06-09,2024,Jun,Kanpur,Tier 2,6-10,Male,UPSC Prelims Foundation,Competitive Exam,Graduate,Annual,Offline,Completed,100.0,50050.72,4.5
STU13320,2024-06-09,2024,Jun,Pune,Tier 1,15-17,Female,UPSC Prelims Foundation,Competitive Exam,Graduate,Monthly,Online,Active,45.5,5038.18,4.7
STU15803,2024-06-09,2024,Jun,Guwahati,Tier 3,6-10,Female,Class 6 Foundation,School Curriculum,6,Annual,Offline,Active,76.5,8173.42,4.8
STU15909,2024-06-09,2024,Jun,Patna,Tier 2,11-14,Female,Class 10 CBSE Complete,School Curriculum,10,Quarterly,Offline,Trial - Not Converted,19.3,0.0,
STU15620,2024-06-09,2024,Jun,Bengaluru,Tier 1,6-10,Male,Spoken English Mastery,Skill Development,All,Annual,Offline,Active,23.5,4989.86,3.4
STU11100,2024-06-10,2024,Jun,Jaipur,Tier 2,6-10,Male,Robotics & AI Basics,Coding,6-8,Quarterly,Online,Churned,57.1,3651.15,3.8
STU14230,2024-06-10,2024,Jun,Pune,Tier 1,15-17,Male,NEET Crash Course,Competitive Exam,11-12,Annual,Offline,Completed,100.0,42590.33,4.4
STU15558,2024-06-10,2024,Jun,Nagpur,Tier 2,6-10,Male,UPSC Prelims Foundation,Competitive Exam,Graduate,Monthly,Offline,Trial - Not Converted,16.8,0.0,
STU14516,2024-06-10,2024,Jun,Nagpur,Tier 2,11-14,Male,Robotics & AI Basics,Coding,6-8,Quarterly,Online,Trial - Not Converted,24.0,0.0,
STU14741,2024-06-10,2024,Jun,Kanpur,Tier 2,11-14,Male,Class 10 CBSE Complete,School Curriculum,10,Monthly,Online,Active,91.6,1513.93,4.0
STU14389,2024-06-11,2024,Jun,Hyderabad,Tier 1,18+,Male,Class 8 Maths & Science,School Curriculum,8,Annual,Offline,Active,44.7,9092.05,3.7
STU13071,2024-06-11,2024,Jun,Ranchi,Tier 3,11-14,Female,Class 6 Foundation,School Curriculum,6,Monthly,Online,Trial - Not Converted,23.8,0.0,
STU14394,2024-06-12,2024,Jun,Ahmedabad,Tier 1,15-17,Male,Robotics & AI Basics,Coding,6-8,Annual,Online,Active,62.7,12116.85,4.4
STU14292,2024-06-12,2024,Jun,Kanpur,Tier 2,15-17,Male,Coding for Kids - Scratch,Coding,3-5,Monthly,Online,Trial - Not Converted,8.0,0.0,
STU10128,2024-06-12,2024,Jun,Hyderabad,Tier 1,15-17,Male,UPSC Prelims Foundation,Competitive Exam,Graduate,Quarterly,Offline,Active,57.3,14743.82,4.1
STU12924,2024-06-12,2024,Jun,Indore,Tier 2,11-14,Female,JEE Main Foundation,Competitive Exam,11-12,Quarterly,Online,Churned,32.7,11790.64,4.0
STU15811,2024-06-12,2024,Jun,Pune,Tier 1,11-14,Male,Coding for Kids - Scratch,Coding,3-5,Annual,Online,Trial - Not Converted,18.4,0.0,
STU13123,2024-06-13,2024,Jun,Delhi,Tier 1,18+,Female,Robotics & AI Basics,Coding,6-8,Annual,Online,Active,55.1,12937.94,3.8
STU11756,2024-06-13,2024,Jun,Kolkata,Tier 1,18+,Male,Coding for Kids - Scratch,Coding,3-5,Annual,Online,Active,76.0,6864.09,4.1
STU11209,2024-06-13,2024,Jun,Ahmedabad,Tier 1,15-17,Male,Class 6 Foundation,School Curriculum,6,Annual,Online,Active,82.8,8207.46,4.0
STU10969,2024-06-13,2024,Jun,Indore,Tier 2,6-10,Male,Robotics & AI Basics,Coding,6-8,Monthly,Online,Active,88.4,1183.08,4.3
STU13960,2024-06-13,2024,Jun,Jodhpur,Tier 3,15-17,Male,Spoken English Mastery,Skill Development,All,Monthly,Offline,Active,33.5,511.14,4.5
STU11115,2024-06-13,2024,Jun,Ranchi,Tier 3,18+,Female,Class 8 Maths & Science,School Curriculum,8,Annual,Offline,Active,25.5,10273.31,4.3
STU14772,2024-06-13,2024,Jun,Meerut,Tier 3,6-10,Female,Class 6 Foundation,School Curriculum,6,Annual,Offline,Trial - Not Converted,4.4,0.0,
STU13017,2024-06-14,2024,Jun,Kanpur,Tier 2,15-17,Male,Class 6 Foundation,School Curriculum,6,Monthly,Online,Active,64.8,787.93,4.3
STU11568,2024-06-14,2024,Jun,Kanpur,Tier 2,18+,Male,Robotics & AI Basics,Coding,6-8,Annual,Online,Completed,100.0,12010.66,5.0
STU13536,2024-06-15,2024,Jun,Pune,Tier 1,18+,Male,Robotics & AI Basics,Coding,6-8,Quarterly,Offline,Completed,100.0,3837.73,3.5
STU14601,2024-06-15,2024,Jun,Hyderabad,Tier 1,18+,Male,Python for Beginners,Coding,6-8,Annual,Online,Churned,47.6,7616.54,3.8
STU15351,2024-06-16,2024,Jun,Kanpur,Tier 2,6-10,Female,Python for Beginners,Coding,6-8,Annual,Online,Active,64.0,7239.68,4.0
STU14111,2024-06-16,2024,Jun,Surat,Tier 2,6-10,Male,UPSC Prelims Foundation,Competitive Exam,Graduate,Annual,Offline,Completed,100.0,47837.63,3.6
STU10650,2024-06-16,2024,Jun,Varanasi,Tier 3,18+,Male,Class 6 Foundation,School Curriculum,6,Annual,Online,Completed,100.0,8231.07,4.4
STU12343,2024-06-18,2024,Jun,Pune,Tier 1,11-14,Male,Coding for Kids - Scratch,Coding,3-5,Quarterly,Offline,Active,83.8,1818.87,4.2
STU11230,2024-06-18,2024,Jun,Chennai,Tier 1,15-17,Female,Class 6 Foundation,School Curriculum,6,Monthly,Online,Active,26.4,802.6,4.4
STU12339,2024-06-18,2024,Jun,Jaipur,Tier 2,6-10,Female,NEET Crash Course,Competitive Exam,11-12,Annual,Offline,Active,98.5,39357.84,3.5
STU10455,2024-06-18,2024,Jun,Kolkata,Tier 1,15-17,Male,Coding for Kids - Scratch,Coding,3-5,Annual,Online,Active,66.3,6678.24,3.8
STU14035,2024-06-18,2024,Jun,Kanpur,Tier 2,15-17,Female,Coding for Kids - Scratch,Coding,3-5,Monthly,Online,Trial - Not Converted,3.8,0.0,
STU12530,2024-06-18,2024,Jun,Mumbai,Tier 1,11-14,Female,Python for Beginners,Coding,6-8,Monthly,Online,Trial - Not Converted,11.7,0.0,
STU15124,2024-06-18,2024,Jun,Delhi,Tier 1,15-17,Male,Spoken English Mastery,Skill Development,All,Annual,Online,Active,75.6,4678.79,5.0
STU10303,2024-06-19,2024,Jun,Hyderabad,Tier 1,11-14,Female,NEET Crash Course,Competitive Exam,11-12,Annual,Online,Completed,100.0,42124.7,4.3
STU13982,2024-06-20,2024,Jun,Hyderabad,Tier 1,18+,Female,Class 6 Foundation,School Curriculum,6,Quarterly,Online,Active,22.9,2449.28,4.0
STU15152,2024-06-20,2024,Jun,Delhi,Tier 1,6-10,Female,JEE Main Foundation,Competitive Exam,11-12,Annual,Online,Active,39.6,37513.03,4.6
STU10854,2024-06-20,2024,Jun,Lucknow,Tier 2,11-14,Male,Class 6 Foundation,School Curriculum,6,Monthly,Online,Active,62.5,786.88,4.4
STU11354,2024-06-20,2024,Jun,Ranchi,Tier 3,18+,Female,NEET Crash Course,Competitive Exam,11-12,Monthly,Online,Active,62.6,4494.74,3.9
STU13606,2024-06-20,2024,Jun,Bengaluru,Tier 1,6-10,Male,Python for Beginners,Coding,6-8,Monthly,Online,Trial - Not Converted,14.6,0.0,
STU13203,2024-06-20,2024,Jun,Chennai,Tier 1,18+,Female,NEET Crash Course,Competitive Exam,11-12,Monthly,Offline,Completed,100.0,4226.81,4.1
STU15106,2024-06-20,2024,Jun,Mumbai,Tier 1,11-14,Female,Class 6 Foundation,School Curriculum,6,Quarterly,Offline,Active,75.9,2270.74,4.3
STU14727,2024-06-21,2024,Jun,Indore,Tier 2,11-14,Female,NEET Crash Course,Competitive Exam,11-12,Monthly,Offline,Active,23.0,4345.63,4.0
STU13097,2024-06-21,2024,Jun,Mumbai,Tier 1,11-14,Male,Robotics & AI Basics,Coding,6-8,Annual,Online,Active,75.0,11301.64,3.2
STU14022,2024-06-21,2024,Jun,Guwahati,Tier 3,6-10,Male,Robotics & AI Basics,Coding,6-8,Annual,Offline,Churned,34.1,11843.36,4.5
STU13473,2024-06-21,2024,Jun,Chennai,Tier 1,15-17,Male,Robotics & AI Basics,Coding,6-8,Annual,Online,Active,37.3,12362.45,4.3
STU14393,2024-06-21,2024,Jun,Chennai,Tier 1,18+,Female,Spoken English Mastery,Skill Development,All,Monthly,Online,Active,26.7,513.57,2.8
STU12795,2024-06-21,2024,Jun,Jaipur,Tier 2,11-14,Female,NEET Crash Course,Competitive Exam,11-12,Annual,Online,Active,39.7,44873.37,5.0
STU11556,2024-06-22,2024,Jun,Bengaluru,Tier 1,15-17,Female,Class 10 CBSE Complete,School Curriculum,10,Annual,Offline,Completed,100.0,14202.33,5.0
STU12470,2024-06-23,2024,Jun,Mumbai,Tier 1,11-14,Female,Class 8 Maths & Science,School Curriculum,8,Monthly,Online,Trial - Not Converted,17.7,0.0,
STU13427,2024-06-23,2024,Jun,Indore,Tier 2,6-10,Female,Spoken English Mastery,Skill Development,All,Annual,Online,Active,22.2,4835.57,3.9
STU11212,2024-06-23,2024,Jun,Kanpur,Tier 2,6-10,Male,Spoken English Mastery,Skill Development,All,Annual,Online,Active,26.6,5235.92,4.4
STU15846,2024-06-23,2024,Jun,Jaipur,Tier 2,11-14,Female,Robotics & AI Basics,Coding,6-8,Monthly,Online,Active,57.3,1135.06,3.2
STU11407,2024-06-23,2024,Jun,Indore,Tier 2,18+,Male,UPSC Prelims Foundation,Competitive Exam,Graduate,Monthly,Offline,Active,38.9,4616.14,4.2
STU10276,2024-06-24,2024,Jun,Indore,Tier 2,15-17,Male,JEE Main Foundation,Competitive Exam,11-12,Annual,Offline,Active,98.8,38092.43,3.9
STU11655,2024-06-24,2024,Jun,Chennai,Tier 1,15-17,Male,Class 6 Foundation,School Curriculum,6,Annual,Online,Trial - Not Converted,5.2,0.0,
STU10839,2024-06-24,2024,Jun,Varanasi,Tier 3,18+,Male,JEE Main Foundation,Competitive Exam,11-12,Monthly,Offline,Churned,11.1,3633.35,4.6
STU11844,2024-06-24,2024,Jun,Bengaluru,Tier 1,6-10,Male,JEE Main Foundation,Competitive Exam,11-12,Annual,Online,Churned,53.8,35590.24,5.0
STU14519,2024-06-25,2024,Jun,Chennai,Tier 1,18+,Male,Class 10 CBSE Complete,School Curriculum,10,Quarterly,Offline,Trial - Not Converted,24.1,0.0,
STU14510,2024-06-25,2024,Jun,Ranchi,Tier 3,6-10,Female,NEET Crash Course,Competitive Exam,11-12,Monthly,Offline,Active,35.0,3960.07,3.5
STU13349,2024-06-25,2024,Jun,Chennai,Tier 1,15-17,Male,Python for Beginners,Coding,6-8,Annual,Online,Active,66.3,7215.95,3.7
STU11577,2024-06-26,2024,Jun,Patna,Tier 2,18+,Female,Class 8 Maths & Science,School Curriculum,8,Annual,Online,Trial - Not Converted,16.1,0.0,
STU14906,2024-06-26,2024,Jun,Chennai,Tier 1,18+,Male,NEET Crash Course,Competitive Exam,11-12,Monthly,Online,Completed,100.0,4079.91,3.2
STU10551,2024-06-26,2024,Jun,Indore,Tier 2,6-10,Male,Coding for Kids - Scratch,Coding,3-5,Annual,Online,Churned,45.6,6796.83,4.4
STU15382,2024-06-26,2024,Jun,Indore,Tier 2,11-14,Male,UPSC Prelims Foundation,Competitive Exam,Graduate,Monthly,Online,Active,35.9,4656.2,3.6
STU13922,2024-06-27,2024,Jun,Mumbai,Tier 1,18+,Female,Robotics & AI Basics,Coding,6-8,Monthly,Online,Trial - Not Converted,20.6,0.0,
STU11798,2024-06-27,2024,Jun,Hyderabad,Tier 1,18+,Female,Coding for Kids - Scratch,Coding,3-5,Annual,Online,Active,84.8,6143.81,3.0
STU15793,2024-06-27,2024,Jun,Hyderabad,Tier 1,15-17,Female,Spoken English Mastery,Skill Development,All,Annual,Online,Active,91.0,4676.3,4.2
STU15513,2024-06-27,2024,Jun,Mumbai,Tier 1,11-14,Male,Spoken English Mastery,Skill Development,All,Annual,Online,Active,61.5,4667.38,4.5
STU11632,2024-06-27,2024,Jun,Patna,Tier 2,15-17,Female,Coding for Kids - Scratch,Coding,3-5,Annual,Online,Active,95.1,6452.46,4.5
STU14065,2024-06-27,2024,Jun,Jaipur,Tier 2,11-14,Female,Robotics & AI Basics,Coding,6-8,Annual,Online,Trial - Not Converted,16.9,0.0,
STU10754,2024-06-28,2024,Jun,Mumbai,Tier 1,15-17,Male,UPSC Prelims Foundation,Competitive Exam,Graduate,Annual,Offline,Completed,100.0,51604.29,4.1
STU12236,2024-06-28,2024,Jun,Kolkata,Tier 1,18+,Male,JEE Main Foundation,Competitive Exam,11-12,Quarterly,Online,Completed,100.0,10583.17,4.5
STU11280,2024-06-28,2024,Jun,Pune,Tier 1,6-10,Male,NEET Crash Course,Competitive Exam,11-12,Annual,Online,Churned,29.1,44683.75,5.0
STU14540,2024-06-29,2024,Jun,Kota,Tier 3,15-17,Male,Robotics & AI Basics,Coding,6-8,Quarterly,Online,Active,34.4,3913.47,4.5
STU12690,2024-06-29,2024,Jun,Ahmedabad,Tier 1,11-14,Female,Spoken English Mastery,Skill Development,All,Annual,Offline,Churned,45.5,4887.46,4.4
STU13523,2024-07-01,2024,Jul,Jaipur,Tier 2,11-14,Female,Robotics & AI Basics,Coding,6-8,Monthly,Online,Active,28.0,1274.35,4.6
STU15452,2024-07-01,2024,Jul,Meerut,Tier 3,6-10,Male,Class 6 Foundation,School Curriculum,6,Quarterly,Online,Active,59.3,2437.46,4.6
STU11244,2024-07-01,2024,Jul,Chennai,Tier 1,11-14,Male,NEET Crash Course,Competitive Exam,11-12,Monthly,Online,Active,74.0,4106.93,3.9
STU10913,2024-07-02,2024,Jul,Ahmedabad,Tier 1,11-14,Male,Class 10 CBSE Complete,School Curriculum,10,Monthly,Online,Completed,100.0,1402.66,5.0
STU15566,2024-07-03,2024,Jul,Indore,Tier 2,18+,Female,NEET Crash Course,Competitive Exam,11-12,Monthly,Online,Trial - Not Converted,11.2,0.0,
STU13459,2024-07-03,2024,Jul,Bhopal,Tier 2,6-10,Male,Robotics & AI Basics,Coding,6-8,Monthly,Online,Active,54.5,1283.74,4.1
STU10915,2024-07-03,2024,Jul,Pune,Tier 1,18+,Female,Coding for Kids - Scratch,Coding,3-5,Annual,Offline,Active,57.0,6124.58,4.3
STU12972,2024-07-03,2024,Jul,Kolkata,Tier 1,6-10,Female,Spoken English Mastery,Skill Development,All,Annual,Offline,Trial - Not Converted,23.7,0.0,
STU15686,2024-07-04,2024,Jul,Delhi,Tier 1,15-17,Female,NEET Crash Course,Competitive Exam,11-12,Monthly,Online,Active,21.2,4512.96,3.4
STU15244,2024-07-04,2024,Jul,Patna,Tier 2,18+,Female,Robotics & AI Basics,Coding,6-8,Annual,Online,Active,82.0,12504.59,3.4
STU13268,2024-07-04,2024,Jul,Pune,Tier 1,11-14,Male,Robotics & AI Basics,Coding,6-8,Monthly,Online,Active,67.2,1216.5,5.0
STU10826,2024-07-04,2024,Jul,Jaipur,Tier 2,15-17,Male,UPSC Prelims Foundation,Competitive Exam,Graduate,Quarterly,Online,Active,41.8,15159.29,3.1
STU11816,2024-07-05,2024,Jul,Meerut,Tier 3,15-17,Male,Spoken English Mastery,Skill Development,All,Quarterly,Online,Trial - Not Converted,24.4,0.0,
STU11238,2024-07-06,2024,Jul,Lucknow,Tier 2,15-17,Male,Class 10 CBSE Complete,School Curriculum,10,Annual,Online,Churned,47.9,14578.94,5.0
STU15232,2024-07-06,2024,Jul,Meerut,Tier 3,6-10,Male,Python for Beginners,Coding,6-8,Monthly,Online,Completed,100.0,819.16,5.0
STU12444,2024-07-06,2024,Jul,Bhopal,Tier 2,6-10,Male,Spoken English Mastery,Skill Development,All,Monthly,Online,Active,58.0,462.31,2.7
STU10498,2024-07-06,2024,Jul,Pune,Tier 1,11-14,Female,JEE Main Foundation,Competitive Exam,11-12,Quarterly,Online,Trial - Not Converted,23.5,0.0,
STU15894,2024-07-07,2024,Jul,Indore,Tier 2,15-17,Male,Class 6 Foundation,School Curriculum,6,Monthly,Online,Active,29.3,858.72,4.9
STU11377,2024-07-08,2024,Jul,Pune,Tier 1,11-14,Male,Python for Beginners,Coding,6-8,Annual,Online,Active,29.4,8251.52,3.9
STU11279,2024-07-08,2024,Jul,Kolkata,Tier 1,15-17,Female,Spoken English Mastery,Skill Development,All,Monthly,Offline,Active,82.7,521.59,4.1
STU10684,2024-07-08,2024,Jul,Ahmedabad,Tier 1,15-17,Female,UPSC Prelims Foundation,Competitive Exam,Graduate,Monthly,Offline,Trial - Not Converted,8.8,0.0,
STU10139,2024-07-08,2024,Jul,Ahmedabad,Tier 1,15-17,Male,NEET Crash Course,Competitive Exam,11-12,Quarterly,Online,Completed,100.0,12406.36,4.1
STU14294,2024-07-08,2024,Jul,Mumbai,Tier 1,15-17,Male,Python for Beginners,Coding,6-8,Annual,Online,Active,33.0,7755.48,4.1
STU13554,2024-07-08,2024,Jul,Nagpur,Tier 2,18+,Female,UPSC Prelims Foundation,Competitive Exam,Graduate,Annual,Offline,Trial - Not Converted,10.3,0.0,
STU12721,2024-07-08,2024,Jul,Mumbai,Tier 1,6-10,Male,Class 10 CBSE Complete,School Curriculum,10,Annual,Online,Active,98.4,13991.9,4.7
STU15140,2024-07-08,2024,Jul,Chennai,Tier 1,11-14,Male,JEE Main Foundation,Competitive Exam,11-12,Quarterly,Offline,Active,88.4,11672.29,5.0
STU14908,2024-07-09,2024,Jul,Nagpur,Tier 2,6-10,Male,JEE Main Foundation,Competitive Exam,11-12,Monthly,Online,Completed,100.0,3514.68,4.6
STU14120,2024-07-09,2024,Jul,Chennai,Tier 1,15-17,Male,Class 6 Foundation,School Curriculum,6,Annual,Online,Active,90.6,7964.9,4.0
STU13286,2024-07-09,2024,Jul,Meerut,Tier 3,15-17,Male,UPSC Prelims Foundation,Competitive Exam,Graduate,Annual,Online,Active,52.2,49822.43,4.1
STU10679,2024-07-09,2024,Jul,Kolkata,Tier 1,6-10,Female,Class 10 CBSE Complete,School Curriculum,10,Annual,Online,Active,40.0,15227.68,4.7
STU15170,2024-07-10,2024,Jul,Pune,Tier 1,18+,Female,Class 8 Maths & Science,School Curriculum,8,Annual,Offline,Trial - Not Converted,23.4,0.0,
STU14166,2024-07-10,2024,Jul,Hyderabad,Tier 1,6-10,Male,Class 10 CBSE Complete,School Curriculum,10,Annual,Offline,Active,93.9,13946.94,3.8
STU12446,2024-07-10,2024,Jul,Jaipur,Tier 2,15-17,Male,Spoken English Mastery,Skill Development,All,Annual,Online,Trial - Not Converted,20.0,0.0,
STU14139,2024-07-10,2024,Jul,Jaipur,Tier 2,15-17,Female,Class 6 Foundation,School Curriculum,6,Annual,Online,Active,48.6,8484.5,4.3
STU12657,2024-07-10,2024,Jul,Ahmedabad,Tier 1,6-10,Male,NEET Crash Course,Competitive Exam,11-12,Annual,Online,Active,77.4,40967.58,5.0
STU11842,2024-07-11,2024,Jul,Pune,Tier 1,18+,Female,Spoken English Mastery,Skill Development,All,Monthly,Online,Churned,44.0,513.98,4.6
STU12736,2024-07-11,2024,Jul,Varanasi,Tier 3,15-17,Female,Coding for Kids - Scratch,Coding,3-5,Monthly,Online,Trial - Not Converted,13.3,0.0,
STU12327,2024-07-11,2024,Jul,Patna,Tier 2,6-10,Male,Class 10 CBSE Complete,School Curriculum,10,Monthly,Online,Completed,100.0,1557.61,4.2
STU13587,2024-07-11,2024,Jul,Kolkata,Tier 1,6-10,Male,Robotics & AI Basics,Coding,6-8,Quarterly,Online,Completed,100.0,3559.71,4.3
STU13318,2024-07-11,2024,Jul,Chennai,Tier 1,11-14,Male,Coding for Kids - Scratch,Coding,3-5,Monthly,Online,Trial - Not Converted,16.6,0.0,
STU11314,2024-07-12,2024,Jul,Nagpur,Tier 2,6-10,Female,JEE Main Foundation,Competitive Exam,11-12,Quarterly,Offline,Active,65.4,10451.47,4.5
STU11776,2024-07-12,2024,Jul,Meerut,Tier 3,18+,Female,Coding for Kids - Scratch,Coding,3-5,Quarterly,Online,Trial - Not Converted,16.6,0.0,
STU14175,2024-07-12,2024,Jul,Mumbai,Tier 1,6-10,Male,Class 10 CBSE Complete,School Curriculum,10,Annual,Offline,Active,27.8,14514.32,3.4
STU11791,2024-07-12,2024,Jul,Ahmedabad,Tier 1,18+,Female,Python for Beginners,Coding,6-8,Monthly,Online,Trial - Not Converted,13.6,0.0,
STU14637,2024-07-13,2024,Jul,Bhopal,Tier 2,6-10,Female,Class 8 Maths & Science,School Curriculum,8,Monthly,Offline,Active,96.3,1031.81,4.0
STU10305,2024-07-13,2024,Jul,Pune,Tier 1,6-10,Female,Robotics & AI Basics,Coding,6-8,Annual,Online,Active,44.1,12729.19,3.9
STU11234,2024-07-13,2024,Jul,Ranchi,Tier 3,11-14,Female,Robotics & AI Basics,Coding,6-8,Annual,Online,Completed,100.0,11938.15,3.1
STU11675,2024-07-14,2024,Jul,Varanasi,Tier 3,15-17,Male,UPSC Prelims Foundation,Competitive Exam,Graduate,Monthly,Online,Active,68.1,4678.33,3.8
STU11474,2024-07-14,2024,Jul,Indore,Tier 2,18+,Female,Python for Beginners,Coding,6-8,Annual,Online,Completed,100.0,8051.99,4.4
STU12171,2024-07-14,2024,Jul,Jodhpur,Tier 3,15-17,Male,Coding for Kids - Scratch,Coding,3-5,Monthly,Online,Active,68.3,628.86,4.7
STU10884,2024-07-14,2024,Jul,Kolkata,Tier 1,15-17,Female,JEE Main Foundation,Competitive Exam,11-12,Annual,Offline,Churned,38.4,34054.49,4.0
STU12903,2024-07-14,2024,Jul,Delhi,Tier 1,6-10,Male,Coding for Kids - Scratch,Coding,3-5,Monthly,Online,Active,62.1,678.68,4.4
STU10193,2024-07-14,2024,Jul,Bengaluru,Tier 1,18+,Female,Spoken English Mastery,Skill Development,All,Monthly,Online,Active,65.7,508.62,4.1
STU10394,2024-07-15,2024,Jul,Delhi,Tier 1,18+,Male,JEE Main Foundation,Competitive Exam,11-12,Annual,Online,Active,48.4,36851.26,4.3
STU14670,2024-07-15,2024,Jul,Indore,Tier 2,6-10,Female,Class 10 CBSE Complete,School Curriculum,10,Quarterly,Online,Active,37.2,4569.78,5.0
STU12288,2024-07-16,2024,Jul,Ahmedabad,Tier 1,11-14,Female,Spoken English Mastery,Skill Development,All,Monthly,Online,Churned,26.2,484.17,3.9
STU13182,2024-07-16,2024,Jul,Delhi,Tier 1,18+,Male,Class 8 Maths & Science,School Curriculum,8,Annual,Offline,Churned,49.9,10052.3,4.7
STU13751,2024-07-16,2024,Jul,Meerut,Tier 3,11-14,Female,Class 10 CBSE Complete,School Curriculum,10,Annual,Offline,Active,31.6,15389.17,3.9
STU14137,2024-07-16,2024,Jul,Indore,Tier 2,11-14,Male,UPSC Prelims Foundation,Competitive Exam,Graduate,Annual,Offline,Active,21.6,45247.21,3.6
STU10337,2024-07-16,2024,Jul,Lucknow,Tier 2,15-17,Male,Spoken English Mastery,Skill Development,All,Quarterly,Online,Active,52.4,1474.19,3.7
STU12439,2024-07-17,2024,Jul,Surat,Tier 2,6-10,Male,Python for Beginners,Coding,6-8,Annual,Online,Active,58.2,7892.81,5.0
STU13738,2024-07-17,2024,Jul,Ahmedabad,Tier 1,15-17,Male,UPSC Prelims Foundation,Competitive Exam,Graduate,Annual,Online,Churned,42.8,48511.03,4.2
STU15000,2024-07-17,2024,Jul,Delhi,Tier 1,15-17,Female,UPSC Prelims Foundation,Competitive Exam,Graduate,Annual,Online,Trial - Not Converted,0.8,0.0,
STU12668,2024-07-18,2024,Jul,Patna,Tier 2,11-14,Female,Class 10 CBSE Complete,School Curriculum,10,Annual,Offline,Active,64.8,15737.98,4.7
STU12899,2024-07-18,2024,Jul,Bengaluru,Tier 1,15-17,Female,Robotics & AI Basics,Coding,6-8,Quarterly,Online,Active,73.4,3385.54,4.1
STU15220,2024-07-18,2024,Jul,Mumbai,Tier 1,18+,Male,Spoken English Mastery,Skill Development,All,Annual,Online,Active,87.7,4961.0,5.0
STU10752,2024-07-19,2024,Jul,Pune,Tier 1,6-10,Female,Robotics & AI Basics,Coding,6-8,Annual,Online,Active,69.6,12427.83,4.9
STU15184,2024-07-19,2024,Jul,Hyderabad,Tier 1,15-17,Female,UPSC Prelims Foundation,Competitive Exam,Graduate,Annual,Online,Active,29.0,45060.14,3.3
STU13836,2024-07-19,2024,Jul,Bengaluru,Tier 1,18+,Male,UPSC Prelims Foundation,Competitive Exam,Graduate,Quarterly,Offline,Completed,100.0,14449.98,3.6
STU13194,2024-07-19,2024,Jul,Mumbai,Tier 1,6-10,Female,Python for Beginners,Coding,6-8,Annual,Online,Active,94.8,7474.89,3.9
STU12569,2024-07-20,2024,Jul,Indore,Tier 2,18+,Female,Class 8 Maths & Science,School Curriculum,8,Annual,Offline,Active,77.2,10088.72,4.3
STU12675,2024-07-20,2024,Jul,Guwahati,Tier 3,6-10,Male,Robotics & AI Basics,Coding,6-8,Annual,Online,Active,54.2,12398.91,4.9
STU11558,2024-07-20,2024,Jul,Patna,Tier 2,6-10,Male,Spoken English Mastery,Skill Development,All,Annual,Online,Active,50.7,4572.35,5.0
STU12636,2024-07-20,2024,Jul,Pune,Tier 1,6-10,Female,UPSC Prelims Foundation,Competitive Exam,Graduate,Quarterly,Online,Active,33.1,15698.88,5.0
STU12148,2024-07-20,2024,Jul,Kolkata,Tier 1,6-10,Male,Python for Beginners,Coding,6-8,Monthly,Online,Active,75.5,761.38,4.0
STU11669,2024-07-20,2024,Jul,Indore,Tier 2,11-14,Female,Class 8 Maths & Science,School Curriculum,8,Annual,Offline,Active,77.9,10229.03,4.1
STU15103,2024-07-21,2024,Jul,Patna,Tier 2,15-17,Male,Class 10 CBSE Complete,School Curriculum,10,Annual,Offline,Active,43.3,14561.21,4.5
STU14409,2024-07-21,2024,Jul,Kolkata,Tier 1,6-10,Female,JEE Main Foundation,Competitive Exam,11-12,Monthly,Offline,Active,43.0,3475.25,3.4
STU14966,2024-07-21,2024,Jul,Kota,Tier 3,6-10,Male,Class 10 CBSE Complete,School Curriculum,10,Monthly,Online,Active,81.5,1525.91,4.1
STU15477,2024-07-22,2024,Jul,Mumbai,Tier 1,18+,Female,Class 6 Foundation,School Curriculum,6,Annual,Offline,Active,82.9,8386.65,3.2
STU13577,2024-07-22,2024,Jul,Mumbai,Tier 1,11-14,Female,Class 8 Maths & Science,School Curriculum,8,Monthly,Offline,Active,83.8,1037.1,3.0
STU13439,2024-07-22,2024,Jul,Bengaluru,Tier 1,15-17,Female,UPSC Prelims Foundation,Competitive Exam,Graduate,Quarterly,Online,Trial - Not Converted,14.8,0.0,
STU12967,2024-07-22,2024,Jul,Bengaluru,Tier 1,11-14,Male,UPSC Prelims Foundation,Competitive Exam,Graduate,Annual,Offline,Completed,100.0,51846.82,3.6
STU12939,2024-07-23,2024,Jul,Mumbai,Tier 1,18+,Male,Class 6 Foundation,School Curriculum,6,Monthly,Offline,Active,51.8,812.12,4.4
STU12153,2024-07-23,2024,Jul,Guwahati,Tier 3,6-10,Male,Spoken English Mastery,Skill Development,All,Annual,Online,Trial - Not Converted,17.7,0.0,
STU11636,2024-07-23,2024,Jul,Kanpur,Tier 2,15-17,Male,JEE Main Foundation,Competitive Exam,11-12,Quarterly,Online,Active,22.5,10341.59,4.8
STU10322,2024-07-23,2024,Jul,Kota,Tier 3,15-17,Male,Python for Beginners,Coding,6-8,Annual,Offline,Active,72.4,7823.65,5.0
STU10261,2024-07-24,2024,Jul,Jaipur,Tier 2,6-10,Male,Robotics & AI Basics,Coding,6-8,Annual,Online,Completed,100.0,11525.35,4.6
STU11510,2024-07-24,2024,Jul,Mumbai,Tier 1,15-17,Female,Python for Beginners,Coding,6-8,Annual,Online,Churned,29.6,8051.49,4.0
STU10995,2024-07-24,2024,Jul,Delhi,Tier 1,15-17,Male,Python for Beginners,Coding,6-8,Monthly,Online,Active,30.5,787.25,4.6
STU11715,2024-07-24,2024,Jul,Patna,Tier 2,11-14,Female,Spoken English Mastery,Skill Development,All,Monthly,Offline,Churned,40.3,479.08,3.0
STU11415,2024-07-24,2024,Jul,Nagpur,Tier 2,15-17,Male,Robotics & AI Basics,Coding,6-8,Annual,Online,Churned,40.8,12711.45,4.1
STU15550,2024-07-25,2024,Jul,Chennai,Tier 1,15-17,Female,Robotics & AI Basics,Coding,6-8,Annual,Online,Active,66.8,11824.53,3.7
STU11560,2024-07-25,2024,Jul,Bengaluru,Tier 1,11-14,Female,Robotics & AI Basics,Coding,6-8,Quarterly,Online,Active,71.6,3845.99,4.0
STU12257,2024-07-25,2024,Jul,Hyderabad,Tier 1,11-14,Male,Class 10 CBSE Complete,School Curriculum,10,Annual,Online,Active,46.5,13832.77,3.7
STU15626,2024-07-25,2024,Jul,Kanpur,Tier 2,11-14,Male,UPSC Prelims Foundation,Competitive Exam,Graduate,Monthly,Offline,Active,21.2,4869.32,5.0
STU12859,2024-07-26,2024,Jul,Lucknow,Tier 2,6-10,Female,Class 8 Maths & Science,School Curriculum,8,Annual,Online,Active,76.1,9166.56,4.2
STU14349,2024-07-26,2024,Jul,Mumbai,Tier 1,18+,Female,Spoken English Mastery,Skill Development,All,Annual,Offline,Active,66.6,5149.53,5.0
STU13594,2024-07-26,2024,Jul,Mumbai,Tier 1,6-10,Female,Spoken English Mastery,Skill Development,All,Annual,Online,Trial - Not Converted,13.9,0.0,
STU13309,2024-07-27,2024,Jul,Patna,Tier 2,6-10,Female,Class 6 Foundation,School Curriculum,6,Quarterly,Online,Trial - Not Converted,9.9,0.0,
STU15832,2024-07-27,2024,Jul,Delhi,Tier 1,18+,Male,JEE Main Foundation,Competitive Exam,11-12,Annual,Offline,Trial - Not Converted,0.4,0.0,
STU15917,2024-07-27,2024,Jul,Hyderabad,Tier 1,18+,Female,Class 8 Maths & Science,School Curriculum,8,Annual,Online,Churned,22.4,9803.57,3.8
STU15743,2024-07-27,2024,Jul,Kota,Tier 3,15-17,Male,Coding for Kids - Scratch,Coding,3-5,Monthly,Online,Active,94.0,663.08,3.8
STU14097,2024-07-27,2024,Jul,Meerut,Tier 3,18+,Male,Class 6 Foundation,School Curriculum,6,Monthly,Online,Churned,38.4,858.72,4.0
STU12504,2024-07-27,2024,Jul,Ranchi,Tier 3,6-10,Female,NEET Crash Course,Competitive Exam,11-12,Quarterly,Offline,Active,77.0,12750.39,4.8
STU14068,2024-07-27,2024,Jul,Mumbai,Tier 1,11-14,Male,UPSC Prelims Foundation,Competitive Exam,Graduate,Quarterly,Offline,Trial - Not Converted,2.1,0.0,
STU14185,2024-07-28,2024,Jul,Kota,Tier 3,15-17,Female,Class 8 Maths & Science,School Curriculum,8,Quarterly,Offline,Churned,44.5,2973.22,2.8
STU13216,2024-07-28,2024,Jul,Pune,Tier 1,15-17,Male,Robotics & AI Basics,Coding,6-8,Monthly,Online,Trial - Not Converted,19.4,0.0,
STU11205,2024-07-28,2024,Jul,Delhi,Tier 1,11-14,Female,UPSC Prelims Foundation,Competitive Exam,Graduate,Monthly,Online,Active,22.3,4564.48,5.0
STU11411,2024-07-28,2024,Jul,Surat,Tier 2,15-17,Female,Class 10 CBSE Complete,School Curriculum,10,Quarterly,Offline,Active,96.8,4115.95,5.0
STU13196,2024-07-28,2024,Jul,Indore,Tier 2,15-17,Male,Class 8 Maths & Science,School Curriculum,8,Annual,Offline,Active,38.1,10339.4,4.1
STU11883,2024-07-28,2024,Jul,Kolkata,Tier 1,6-10,Male,Robotics & AI Basics,Coding,6-8,Annual,Online,Completed,100.0,12541.97,4.8
STU10676,2024-07-29,2024,Jul,Ahmedabad,Tier 1,11-14,Male,Python for Beginners,Coding,6-8,Annual,Online,Active,32.7,7291.89,4.2
STU13614,2024-07-29,2024,Jul,Ahmedabad,Tier 1,15-17,Male,Spoken English Mastery,Skill Development,All,Annual,Online,Active,33.8,4958.72,3.9
STU13576,2024-07-29,2024,Jul,Kanpur,Tier 2,15-17,Male,Robotics & AI Basics,Coding,6-8,Annual,Offline,Churned,23.9,11611.96,5.0
STU15632,2024-07-29,2024,Jul,Jodhpur,Tier 3,15-17,Female,Spoken English Mastery,Skill Development,All,Quarterly,Online,Active,37.9,1574.04,4.2
STU13531,2024-07-30,2024,Jul,Delhi,Tier 1,11-14,Female,Coding for Kids - Scratch,Coding,3-5,Annual,Online,Churned,37.4,6005.71,3.5
STU11051,2024-07-30,2024,Jul,Kanpur,Tier 2,15-17,Male,UPSC Prelims Foundation,Competitive Exam,Graduate,Annual,Online,Active,60.8,47627.73,4.4
STU13496,2024-07-31,2024,Jul,Nagpur,Tier 2,15-17,Female,Coding for Kids - Scratch,Coding,3-5,Annual,Online,Active,98.5,6024.98,3.9
STU13157,2024-07-31,2024,Jul,Indore,Tier 2,6-10,Female,JEE Main Foundation,Competitive Exam,11-12,Quarterly,Online,Active,58.3,10445.8,3.3
STU11262,2024-07-31,2024,Jul,Jaipur,Tier 2,6-10,Female,Class 6 Foundation,School Curriculum,6,Annual,Online,Churned,21.8,8466.58,4.1
STU13317,2024-08-01,2024,Aug,Ahmedabad,Tier 1,15-17,Male,Class 8 Maths & Science,School Curriculum,8,Monthly,Offline,Active,87.9,927.11,5.0
STU15746,2024-08-01,2024,Aug,Hyderabad,Tier 1,6-10,Male,Coding for Kids - Scratch,Coding,3-5,Quarterly,Online,Completed,100.0,2016.41,3.9
STU15049,2024-08-01,2024,Aug,Kolkata,Tier 1,18+,Male,Class 8 Maths & Science,School Curriculum,8,Annual,Offline,Trial - Not Converted,6.2,0.0,
STU14859,2024-08-01,2024,Aug,Bhopal,Tier 2,15-17,Female,Python for Beginners,Coding,6-8,Annual,Online,Active,34.1,7201.98,4.3
STU12689,2024-08-02,2024,Aug,Kota,Tier 3,15-17,Female,Class 6 Foundation,School Curriculum,6,Annual,Online,Churned,50.4,7581.04,4.1
STU11352,2024-08-02,2024,Aug,Kanpur,Tier 2,6-10,Male,Spoken English Mastery,Skill Development,All,Quarterly,Online,Active,71.7,1457.8,3.9
STU13408,2024-08-02,2024,Aug,Surat,Tier 2,11-14,Female,Spoken English Mastery,Skill Development,All,Quarterly,Online,Active,50.1,1537.38,2.7
STU15075,2024-08-03,2024,Aug,Delhi,Tier 1,6-10,Female,JEE Main Foundation,Competitive Exam,11-12,Annual,Online,Completed,100.0,38562.35,4.5
STU10070,2024-08-03,2024,Aug,Ranchi,Tier 3,18+,Female,NEET Crash Course,Competitive Exam,11-12,Quarterly,Online,Active,37.9,12731.2,3.7
STU14974,2024-08-03,2024,Aug,Delhi,Tier 1,11-14,Female,Class 8 Maths & Science,School Curriculum,8,Quarterly,Online,Active,98.0,2711.19,3.9
STU10576,2024-08-03,2024,Aug,Pune,Tier 1,15-17,Female,Class 8 Maths & Science,School Curriculum,8,Quarterly,Offline,Active,69.7,2869.86,4.2
STU11635,2024-08-03,2024,Aug,Pune,Tier 1,18+,Female,JEE Main Foundation,Competitive Exam,11-12,Monthly,Online,Active,82.1,3703.3,4.0
STU14986,2024-08-03,2024,Aug,Ranchi,Tier 3,6-10,Female,JEE Main Foundation,Competitive Exam,11-12,Annual,Online,Completed,100.0,35883.46,3.8
STU15694,2024-08-03,2024,Aug,Kolkata,Tier 1,15-17,Female,Class 8 Maths & Science,School Curriculum,8,Quarterly,Online,Active,53.3,2828.96,5.0
STU11661,2024-08-04,2024,Aug,Indore,Tier 2,18+,Female,Class 6 Foundation,School Curriculum,6,Annual,Offline,Trial - Not Converted,17.8,0.0,
STU15479,2024-08-04,2024,Aug,Kanpur,Tier 2,6-10,Female,UPSC Prelims Foundation,Competitive Exam,Graduate,Monthly,Online,Active,89.2,4878.89,4.1
STU10501,2024-08-04,2024,Aug,Hyderabad,Tier 1,11-14,Male,Spoken English Mastery,Skill Development,All,Annual,Online,Completed,100.0,4576.68,3.1
STU10182,2024-08-04,2024,Aug,Jaipur,Tier 2,18+,Female,Class 6 Foundation,School Curriculum,6,Annual,Online,Trial - Not Converted,22.0,0.0,
STU14288,2024-08-05,2024,Aug,Pune,Tier 1,6-10,Male,UPSC Prelims Foundation,Competitive Exam,Graduate,Quarterly,Online,Active,86.2,14219.58,4.5
STU15113,2024-08-05,2024,Aug,Kolkata,Tier 1,18+,Female,Coding for Kids - Scratch,Coding,3-5,Monthly,Online,Churned,28.8,629.1,3.9
STU12375,2024-08-05,2024,Aug,Meerut,Tier 3,6-10,Male,Spoken English Mastery,Skill Development,All,Annual,Online,Trial - Not Converted,6.5,0.0,
STU13603,2024-08-05,2024,Aug,Jodhpur,Tier 3,6-10,Male,Python for Beginners,Coding,6-8,Monthly,Online,Completed,100.0,817.39,4.6
STU12882,2024-08-06,2024,Aug,Patna,Tier 2,18+,Female,NEET Crash Course,Competitive Exam,11-12,Annual,Offline,Completed,100.0,45325.73,4.0
STU14583,2024-08-06,2024,Aug,Nagpur,Tier 2,15-17,Female,Coding for Kids - Scratch,Coding,3-5,Monthly,Online,Active,93.9,604.5,3.6
STU11599,2024-08-07,2024,Aug,Hyderabad,Tier 1,18+,Male,Class 10 CBSE Complete,School Curriculum,10,Monthly,Online,Active,54.6,1551.64,3.7
STU10395,2024-08-07,2024,Aug,Kolkata,Tier 1,15-17,Male,Coding for Kids - Scratch,Coding,3-5,Monthly,Offline,Trial - Not Converted,20.0,0.0,
STU15165,2024-08-07,2024,Aug,Mumbai,Tier 1,11-14,Male,Class 10 CBSE Complete,School Curriculum,10,Quarterly,Offline,Trial - Not Converted,9.4,0.0,
STU11918,2024-08-07,2024,Aug,Surat,Tier 2,11-14,Male,JEE Main Foundation,Competitive Exam,11-12,Annual,Offline,Churned,57.2,37158.49,3.9
STU11968,2024-08-07,2024,Aug,Surat,Tier 2,18+,Female,Python for Beginners,Coding,6-8,Quarterly,Online,Churned,27.8,2300.3,4.2
STU13698,2024-08-08,2024,Aug,Delhi,Tier 1,15-17,Female,Class 8 Maths & Science,School Curriculum,8,Monthly,Offline,Active,87.8,922.04,4.0
STU11937,2024-08-08,2024,Aug,Indore,Tier 2,11-14,Female,Python for Beginners,Coding,6-8,Quarterly,Offline,Active,55.0,2244.89,3.5
STU12421,2024-08-09,2024,Aug,Hyderabad,Tier 1,11-14,Male,JEE Main Foundation,Competitive Exam,11-12,Annual,Online,Trial - Not Converted,14.4,0.0,
STU14867,2024-08-09,2024,Aug,Jaipur,Tier 2,6-10,Male,NEET Crash Course,Competitive Exam,11-12,Monthly,Offline,Churned,43.5,3961.19,4.4
STU10916,2024-08-09,2024,Aug,Ahmedabad,Tier 1,15-17,Male,Class 10 CBSE Complete,School Curriculum,10,Annual,Online,Churned,34.0,15404.4,4.4
STU14345,2024-08-10,2024,Aug,Lucknow,Tier 2,6-10,Female,Python for Beginners,Coding,6-8,Annual,Online,Active,75.4,7878.58,3.4
STU11545,2024-08-10,2024,Aug,Kanpur,Tier 2,11-14,Male,Coding for Kids - Scratch,Coding,3-5,Annual,Online,Active,58.9,6794.32,4.6
STU13660,2024-08-10,2024,Aug,Mumbai,Tier 1,15-17,Male,Spoken English Mastery,Skill Development,All,Monthly,Online,Active,89.0,518.83,3.9
STU15434,2024-08-10,2024,Aug,Varanasi,Tier 3,18+,Female,Spoken English Mastery,Skill Development,All,Monthly,Online,Active,53.3,515.21,4.7
STU11557,2024-08-10,2024,Aug,Lucknow,Tier 2,11-14,Female,Coding for Kids - Scratch,Coding,3-5,Annual,Online,Completed,100.0,6563.53,3.5
STU13254,2024-08-10,2024,Aug,Indore,Tier 2,15-17,Female,Coding for Kids - Scratch,Coding,3-5,Monthly,Online,Trial - Not Converted,13.7,0.0,
STU13984,2024-08-10,2024,Aug,Ahmedabad,Tier 1,15-17,Male,NEET Crash Course,Competitive Exam,11-12,Monthly,Offline,Active,64.4,4210.86,4.9
STU14573,2024-08-10,2024,Aug,Kolkata,Tier 1,6-10,Female,JEE Main Foundation,Competitive Exam,11-12,Annual,Offline,Active,37.1,38055.87,3.6
STU11837,2024-08-11,2024,Aug,Jaipur,Tier 2,18+,Male,Coding for Kids - Scratch,Coding,3-5,Annual,Online,Completed,100.0,6665.83,4.4
STU13420,2024-08-11,2024,Aug,Ranchi,Tier 3,15-17,Male,Robotics & AI Basics,Coding,6-8,Quarterly,Online,Trial - Not Converted,18.8,0.0,
STU14098,2024-08-12,2024,Aug,Bhopal,Tier 2,6-10,Female,Class 10 CBSE Complete,School Curriculum,10,Annual,Offline,Churned,10.0,15096.69,4.2
STU15115,2024-08-12,2024,Aug,Nagpur,Tier 2,15-17,Female,Coding for Kids - Scratch,Coding,3-5,Quarterly,Offline,Trial - Not Converted,24.5,0.0,
STU12820,2024-08-12,2024,Aug,Mumbai,Tier 1,11-14,Female,Class 8 Maths & Science,School Curriculum,8,Monthly,Offline,Trial - Not Converted,13.3,0.0,
STU10786,2024-08-12,2024,Aug,Hyderabad,Tier 1,6-10,Female,Coding for Kids - Scratch,Coding,3-5,Quarterly,Online,Active,49.6,1948.38,4.9
STU10845,2024-08-12,2024,Aug,Chennai,Tier 1,15-17,Female,Spoken English Mastery,Skill Development,All,Quarterly,Online,Trial - Not Converted,13.1,0.0,
STU15515,2024-08-13,2024,Aug,Pune,Tier 1,6-10,Female,Class 8 Maths & Science,School Curriculum,8,Quarterly,Online,Active,25.4,3048.82,4.4
STU14950,2024-08-14,2024,Aug,Lucknow,Tier 2,6-10,Male,Spoken English Mastery,Skill Development,All,Annual,Online,Active,28.6,4917.58,3.8
STU12401,2024-08-14,2024,Aug,Kolkata,Tier 1,11-14,Female,Class 8 Maths & Science,School Curriculum,8,Annual,Online,Completed,100.0,10367.85,3.0
STU15496,2024-08-15,2024,Aug,Jaipur,Tier 2,6-10,Female,UPSC Prelims Foundation,Competitive Exam,Graduate,Monthly,Online,Churned,45.1,5148.59,3.3
STU11745,2024-08-15,2024,Aug,Ahmedabad,Tier 1,6-10,Female,Robotics & AI Basics,Coding,6-8,Quarterly,Online,Trial - Not Converted,6.7,0.0,
STU10201,2024-08-15,2024,Aug,Bengaluru,Tier 1,6-10,Female,Coding for Kids - Scratch,Coding,3-5,Annual,Online,Active,95.2,6332.65,3.8
STU10815,2024-08-15,2024,Aug,Bhopal,Tier 2,18+,Male,UPSC Prelims Foundation,Competitive Exam,Graduate,Annual,Offline,Completed,100.0,48585.01,3.6
STU14379,2024-08-15,2024,Aug,Ahmedabad,Tier 1,6-10,Male,Python for Beginners,Coding,6-8,Annual,Online,Completed,100.0,7338.12,3.5
STU14617,2024-08-16,2024,Aug,Raipur,Tier 3,18+,Male,Python for Beginners,Coding,6-8,Annual,Online,Churned,32.3,8027.88,4.1
STU10740,2024-08-16,2024,Aug,Mumbai,Tier 1,18+,Male,Class 8 Maths & Science,School Curriculum,8,Quarterly,Online,Active,69.1,2956.75,4.1
STU15274,2024-08-16,2024,Aug,Raipur,Tier 3,11-14,Female,Coding for Kids - Scratch,Coding,3-5,Monthly,Online,Completed,100.0,694.14,4.3
STU13171,2024-08-17,2024,Aug,Delhi,Tier 1,6-10,Male,NEET Crash Course,Competitive Exam,11-12,Annual,Offline,Active,82.5,40611.7,4.3
STU13811,2024-08-17,2024,Aug,Pune,Tier 1,18+,Female,Class 8 Maths & Science,School Curriculum,8,Annual,Offline,Active,47.8,9384.33,4.2
STU12916,2024-08-17,2024,Aug,Patna,Tier 2,18+,Female,JEE Main Foundation,Competitive Exam,11-12,Monthly,Offline,Active,62.6,3693.69,3.8
STU14170,2024-08-17,2024,Aug,Kolkata,Tier 1,15-17,Male,Robotics & AI Basics,Coding,6-8,Annual,Online,Completed,100.0,11522.74,3.1
STU15307,2024-08-18,2024,Aug,Kota,Tier 3,18+,Female,Class 10 CBSE Complete,School Curriculum,10,Annual,Online,Active,63.3,13810.11,4.7
STU13892,2024-08-18,2024,Aug,Ahmedabad,Tier 1,11-14,Male,Robotics & AI Basics,Coding,6-8,Annual,Online,Churned,36.2,12898.35,4.1
STU14451,2024-08-18,2024,Aug,Jodhpur,Tier 3,18+,Male,Class 6 Foundation,School Curriculum,6,Monthly,Offline,Completed,100.0,770.04,3.3
STU10323,2024-08-18,2024,Aug,Surat,Tier 2,11-14,Male,Class 8 Maths & Science,School Curriculum,8,Quarterly,Online,Churned,58.9,3052.29,4.0
STU15710,2024-08-18,2024,Aug,Hyderabad,Tier 1,6-10,Female,NEET Crash Course,Competitive Exam,11-12,Annual,Offline,Active,78.4,40222.57,5.0
STU13348,2024-08-18,2024,Aug,Bhopal,Tier 2,6-10,Male,JEE Main Foundation,Competitive Exam,11-12,Quarterly,Online,Trial - Not Converted,8.6,0.0,
STU12942,2024-08-19,2024,Aug,Ahmedabad,Tier 1,11-14,Male,JEE Main Foundation,Competitive Exam,11-12,Monthly,Online,Trial - Not Converted,7.1,0.0,
STU11496,2024-08-19,2024,Aug,Lucknow,Tier 2,11-14,Female,Class 10 CBSE Complete,School Curriculum,10,Annual,Offline,Churned,38.3,15653.94,3.5
STU13953,2024-08-19,2024,Aug,Bhopal,Tier 2,11-14,Male,Python for Beginners,Coding,6-8,Monthly,Online,Trial - Not Converted,23.0,0.0,
STU10578,2024-08-19,2024,Aug,Chennai,Tier 1,18+,Female,Spoken English Mastery,Skill Development,All,Annual,Online,Active,48.9,4785.07,4.8
STU11218,2024-08-19,2024,Aug,Patna,Tier 2,11-14,Female,Coding for Kids - Scratch,Coding,3-5,Quarterly,Online,Completed,100.0,2073.47,3.4
STU12550,2024-08-19,2024,Aug,Bengaluru,Tier 1,6-10,Male,NEET Crash Course,Competitive Exam,11-12,Monthly,Online,Trial - Not Converted,20.2,0.0,
STU15177,2024-08-20,2024,Aug,Kolkata,Tier 1,18+,Male,Robotics & AI Basics,Coding,6-8,Monthly,Online,Active,30.6,1187.58,4.4
STU11093,2024-08-20,2024,Aug,Bengaluru,Tier 1,15-17,Female,JEE Main Foundation,Competitive Exam,11-12,Annual,Offline,Active,36.0,35430.95,4.4
STU14739,2024-08-20,2024,Aug,Bengaluru,Tier 1,11-14,Male,NEET Crash Course,Competitive Exam,11-12,Annual,Offline,Churned,55.3,43012.84,4.9
STU12232,2024-08-20,2024,Aug,Hyderabad,Tier 1,18+,Male,JEE Main Foundation,Competitive Exam,11-12,Quarterly,Online,Trial - Not Converted,11.1,0.0,
STU14069,2024-08-20,2024,Aug,Hyderabad,Tier 1,6-10,Male,Class 10 CBSE Complete,School Curriculum,10,Quarterly,Online,Active,23.3,4305.4,3.8
STU15366,2024-08-20,2024,Aug,Chennai,Tier 1,6-10,Male,Coding for Kids - Scratch,Coding,3-5,Annual,Online,Trial - Not Converted,16.0,0.0,
STU11116,2024-08-21,2024,Aug,Mumbai,Tier 1,15-17,Female,JEE Main Foundation,Competitive Exam,11-12,Annual,Online,Active,45.0,34906.99,4.3
STU15953,2024-08-21,2024,Aug,Nagpur,Tier 2,18+,Male,NEET Crash Course,Competitive Exam,11-12,Quarterly,Online,Churned,55.3,13637.58,4.5
STU10569,2024-08-21,2024,Aug,Surat,Tier 2,11-14,Male,UPSC Prelims Foundation,Competitive Exam,Graduate,Quarterly,Offline,Active,64.3,13629.56,5.0
STU10460,2024-08-21,2024,Aug,Delhi,Tier 1,6-10,Female,Coding for Kids - Scratch,Coding,3-5,Quarterly,Online,Completed,100.0,2024.71,4.3
STU11320,2024-08-22,2024,Aug,Bengaluru,Tier 1,11-14,Female,Python for Beginners,Coding,6-8,Monthly,Online,Active,69.3,729.57,4.4
STU11183,2024-08-22,2024,Aug,Ranchi,Tier 3,15-17,Female,Robotics & AI Basics,Coding,6-8,Quarterly,Offline,Trial - Not Converted,23.4,0.0,
STU13928,2024-08-23,2024,Aug,Pune,Tier 1,15-17,Female,Class 6 Foundation,School Curriculum,6,Monthly,Online,Active,39.7,791.08,4.0
STU15737,2024-08-23,2024,Aug,Indore,Tier 2,15-17,Male,NEET Crash Course,Competitive Exam,11-12,Annual,Online,Active,67.4,44699.31,5.0
STU11718,2024-08-23,2024,Aug,Mumbai,Tier 1,18+,Male,Python for Beginners,Coding,6-8,Annual,Online,Completed,100.0,7456.81,4.5
STU11366,2024-08-23,2024,Aug,Kolkata,Tier 1,15-17,Male,Coding for Kids - Scratch,Coding,3-5,Quarterly,Online,Active,37.6,1854.78,3.7
STU13650,2024-08-23,2024,Aug,Jodhpur,Tier 3,6-10,Female,NEET Crash Course,Competitive Exam,11-12,Annual,Online,Active,81.9,45207.26,4.9
STU10795,2024-08-24,2024,Aug,Kanpur,Tier 2,6-10,Male,Robotics & AI Basics,Coding,6-8,Annual,Online,Completed,100.0,11463.1,3.0
STU14543,2024-08-24,2024,Aug,Delhi,Tier 1,6-10,Male,Class 6 Foundation,School Curriculum,6,Annual,Online,Active,48.9,8479.83,3.7
STU11806,2024-08-24,2024,Aug,Chennai,Tier 1,15-17,Male,Spoken English Mastery,Skill Development,All,Annual,Online,Active,60.3,4960.89,4.1
STU14192,2024-08-24,2024,Aug,Pune,Tier 1,15-17,Male,JEE Main Foundation,Competitive Exam,11-12,Annual,Online,Completed,100.0,38769.4,3.8
STU11353,2024-08-24,2024,Aug,Chennai,Tier 1,6-10,Female,JEE Main Foundation,Competitive Exam,11-12,Monthly,Online,Completed,100.0,3650.05,4.2
STU13675,2024-08-25,2024,Aug,Mumbai,Tier 1,11-14,Female,Class 6 Foundation,School Curriculum,6,Annual,Online,Completed,100.0,8338.96,3.2
STU15023,2024-08-25,2024,Aug,Varanasi,Tier 3,18+,Female,Class 8 Maths & Science,School Curriculum,8,Annual,Online,Active,68.3,10163.33,4.1
STU13820,2024-08-25,2024,Aug,Pune,Tier 1,15-17,Female,Class 8 Maths & Science,School Curriculum,8,Annual,Online,Active,91.5,9111.07,4.5
STU15127,2024-08-25,2024,Aug,Lucknow,Tier 2,6-10,Male,Class 10 CBSE Complete,School Curriculum,10,Monthly,Online,Trial - Not Converted,19.2,0.0,
STU12383,2024-08-25,2024,Aug,Patna,Tier 2,18+,Male,UPSC Prelims Foundation,Competitive Exam,Graduate,Annual,Online,Active,58.7,50597.07,4.1
STU15005,2024-08-25,2024,Aug,Bengaluru,Tier 1,6-10,Male,Spoken English Mastery,Skill Development,All,Quarterly,Online,Trial - Not Converted,0.2,0.0,
STU12711,2024-08-25,2024,Aug,Mumbai,Tier 1,15-17,Male,UPSC Prelims Foundation,Competitive Exam,Graduate,Quarterly,Online,Active,64.3,13767.16,4.3
STU11813,2024-08-26,2024,Aug,Indore,Tier 2,15-17,Male,Python for Beginners,Coding,6-8,Monthly,Online,Active,79.2,737.23,3.9
STU14184,2024-08-27,2024,Aug,Kanpur,Tier 2,15-17,Female,Robotics & AI Basics,Coding,6-8,Quarterly,Online,Active,43.7,3910.76,5.0
STU11476,2024-08-27,2024,Aug,Lucknow,Tier 2,18+,Male,Class 8 Maths & Science,School Curriculum,8,Annual,Offline,Completed,100.0,9229.58,5.0
STU10591,2024-08-28,2024,Aug,Pune,Tier 1,11-14,Male,NEET Crash Course,Competitive Exam,11-12,Quarterly,Online,Active,23.9,11907.02,2.8
STU10260,2024-08-28,2024,Aug,Lucknow,Tier 2,11-14,Male,Coding for Kids - Scratch,Coding,3-5,Monthly,Online,Active,59.5,625.3,5.0
STU15065,2024-08-28,2024,Aug,Pune,Tier 1,11-14,Female,Coding for Kids - Scratch,Coding,3-5,Monthly,Offline,Active,91.5,605.19,4.4
STU11900,2024-08-29,2024,Aug,Raipur,Tier 3,15-17,Female,UPSC Prelims Foundation,Competitive Exam,Graduate,Quarterly,Online,Churned,36.4,14463.65,3.9
STU12275,2024-08-29,2024,Aug,Kolkata,Tier 1,11-14,Female,NEET Crash Course,Competitive Exam,11-12,Annual,Offline,Active,96.2,42004.06,3.5
STU12513,2024-08-29,2024,Aug,Indore,Tier 2,6-10,Male,UPSC Prelims Foundation,Competitive Exam,Graduate,Monthly,Online,Active,89.0,4838.48,5.0
STU12164,2024-08-29,2024,Aug,Kolkata,Tier 1,11-14,Female,Class 6 Foundation,School Curriculum,6,Monthly,Online,Active,57.8,866.45,4.7
STU10391,2024-08-30,2024,Aug,Ahmedabad,Tier 1,18+,Female,Class 10 CBSE Complete,School Curriculum,10,Annual,Online,Active,89.9,15077.39,4.3
STU14847,2024-08-30,2024,Aug,Bhopal,Tier 2,11-14,Male,NEET Crash Course,Competitive Exam,11-12,Quarterly,Online,Active,34.3,12500.97,3.5
STU10357,2024-08-30,2024,Aug,Guwahati,Tier 3,6-10,Female,Coding for Kids - Scratch,Coding,3-5,Quarterly,Online,Active,63.6,1858.85,4.0
STU14357,2024-08-30,2024,Aug,Guwahati,Tier 3,18+,Female,NEET Crash Course,Competitive Exam,11-12,Annual,Online,Trial - Not Converted,15.2,0.0,
STU13939,2024-08-30,2024,Aug,Ahmedabad,Tier 1,6-10,Male,Class 10 CBSE Complete,School Curriculum,10,Quarterly,Offline,Active,59.9,4672.04,4.2
STU11985,2024-08-31,2024,Aug,Patna,Tier 2,15-17,Male,Robotics & AI Basics,Coding,6-8,Monthly,Online,Completed,100.0,1301.74,5.0
STU13161,2024-08-31,2024,Aug,Ranchi,Tier 3,15-17,Female,Class 6 Foundation,School Curriculum,6,Monthly,Online,Trial - Not Converted,7.9,0.0,
STU13898,2024-08-31,2024,Aug,Hyderabad,Tier 1,11-14,Male,Class 6 Foundation,School Curriculum,6,Annual,Offline,Completed,100.0,7725.38,4.1
STU15243,2024-08-31,2024,Aug,Bengaluru,Tier 1,6-10,Male,Robotics & AI Basics,Coding,6-8,Annual,Online,Active,62.6,12244.02,3.3
STU10827,2024-09-01,2024,Sep,Chennai,Tier 1,11-14,Female,Robotics & AI Basics,Coding,6-8,Quarterly,Offline,Active,98.4,3880.47,4.6
STU10156,2024-09-01,2024,Sep,Ranchi,Tier 3,11-14,Female,NEET Crash Course,Competitive Exam,11-12,Quarterly,Online,Active,67.2,12274.25,4.3
STU15293,2024-09-01,2024,Sep,Delhi,Tier 1,15-17,Female,UPSC Prelims Foundation,Competitive Exam,Graduate,Annual,Offline,Churned,32.2,46396.51,3.5
STU15119,2024-09-01,2024,Sep,Kolkata,Tier 1,18+,Male,UPSC Prelims Foundation,Competitive Exam,Graduate,Monthly,Online,Trial - Not Converted,23.6,0.0,
STU12286,2024-09-01,2024,Sep,Meerut,Tier 3,6-10,Female,Coding for Kids - Scratch,Coding,3-5,Quarterly,Offline,Trial - Not Converted,13.0,0.0,
STU12086,2024-09-01,2024,Sep,Surat,Tier 2,11-14,Female,UPSC Prelims Foundation,Competitive Exam,Graduate,Quarterly,Offline,Completed,100.0,14031.78,4.6
STU14491,2024-09-01,2024,Sep,Kanpur,Tier 2,6-10,Male,Class 8 Maths & Science,School Curriculum,8,Quarterly,Offline,Active,100.0,2827.93,3.9
STU15585,2024-09-01,2024,Sep,Bhopal,Tier 2,18+,Female,Robotics & AI Basics,Coding,6-8,Monthly,Online,Completed,100.0,1192.36,4.8
STU13372,2024-09-01,2024,Sep,Pune,Tier 1,11-14,Male,UPSC Prelims Foundation,Competitive Exam,Graduate,Annual,Offline,Completed,100.0,49570.7,4.5
STU11879,2024-09-02,2024,Sep,Patna,Tier 2,11-14,Male,Class 8 Maths & Science,School Curriculum,8,Annual,Online,Active,59.3,9147.33,3.8
STU14977,2024-09-02,2024,Sep,Bengaluru,Tier 1,11-14,Male,Robotics & AI Basics,Coding,6-8,Quarterly,Online,Completed,100.0,3559.19,4.5
STU13061,2024-09-02,2024,Sep,Mumbai,Tier 1,6-10,Female,NEET Crash Course,Competitive Exam,11-12,Annual,Offline,Active,26.7,44424.13,4.8
STU14658,2024-09-02,2024,Sep,Ranchi,Tier 3,11-14,Female,JEE Main Foundation,Competitive Exam,11-12,Monthly,Offline,Trial - Not Converted,1.9,0.0,
STU11179,2024-09-02,2024,Sep,Ranchi,Tier 3,18+,Male,UPSC Prelims Foundation,Competitive Exam,Graduate,Annual,Offline,Churned,30.3,51166.58,3.9
STU15088,2024-09-02,2024,Sep,Varanasi,Tier 3,15-17,Male,Robotics & AI Basics,Coding,6-8,Annual,Online,Active,47.9,12685.7,4.8
STU10053,2024-09-03,2024,Sep,Ahmedabad,Tier 1,15-17,Female,Robotics & AI Basics,Coding,6-8,Quarterly,Online,Active,28.9,3490.14,4.7
STU11771,2024-09-03,2024,Sep,Hyderabad,Tier 1,6-10,Male,Class 6 Foundation,School Curriculum,6,Annual,Online,Active,29.8,7609.18,4.9
STU13356,2024-09-03,2024,Sep,Patna,Tier 2,6-10,Female,Python for Beginners,Coding,6-8,Annual,Online,Trial - Not Converted,4.2,0.0,
STU15651,2024-09-04,2024,Sep,Pune,Tier 1,15-17,Female,JEE Main Foundation,Competitive Exam,11-12,Annual,Online,Trial - Not Converted,16.0,0.0,
STU15711,2024-09-04,2024,Sep,Ahmedabad,Tier 1,11-14,Male,NEET Crash Course,Competitive Exam,11-12,Monthly,Online,Completed,100.0,4239.34,4.4
STU11182,2024-09-04,2024,Sep,Pune,Tier 1,6-10,Female,Python for Beginners,Coding,6-8,Annual,Offline,Completed,100.0,7130.69,5.0
STU14764,2024-09-05,2024,Sep,Kolkata,Tier 1,11-14,Female,JEE Main Foundation,Competitive Exam,11-12,Annual,Online,Churned,43.8,38029.28,4.6
STU11507,2024-09-05,2024,Sep,Bengaluru,Tier 1,11-14,Male,Class 6 Foundation,School Curriculum,6,Monthly,Offline,Active,82.0,838.6,3.4
STU14801,2024-09-06,2024,Sep,Delhi,Tier 1,11-14,Female,JEE Main Foundation,Competitive Exam,11-12,Monthly,Offline,Active,42.1,3533.86,3.5
STU11541,2024-09-06,2024,Sep,Jodhpur,Tier 3,15-17,Male,Spoken English Mastery,Skill Development,All,Annual,Online,Active,81.0,4950.59,4.6
STU14050,2024-09-06,2024,Sep,Guwahati,Tier 3,18+,Female,Python for Beginners,Coding,6-8,Monthly,Online,Trial - Not Converted,16.4,0.0,
STU14324,2024-09-06,2024,Sep,Chennai,Tier 1,15-17,Male,NEET Crash Course,Competitive Exam,11-12,Annual,Online,Active,72.3,43922.6,4.9
STU10713,2024-09-07,2024,Sep,Surat,Tier 2,15-17,Female,Python for Beginners,Coding,6-8,Annual,Offline,Active,89.8,8273.1,4.6
STU10943,2024-09-07,2024,Sep,Jaipur,Tier 2,15-17,Male,JEE Main Foundation,Competitive Exam,11-12,Quarterly,Offline,Trial - Not Converted,3.1,0.0,
STU11478,2024-09-07,2024,Sep,Indore,Tier 2,11-14,Female,Class 10 CBSE Complete,School Curriculum,10,Monthly,Offline,Active,44.0,1477.71,3.9
STU11213,2024-09-07,2024,Sep,Delhi,Tier 1,18+,Male,Class 6 Foundation,School Curriculum,6,Quarterly,Offline,Active,73.7,2304.66,4.3
STU11023,2024-09-08,2024,Sep,Ahmedabad,Tier 1,15-17,Male,UPSC Prelims Foundation,Competitive Exam,Graduate,Annual,Offline,Active,31.4,45024.21,4.0
STU14679,2024-09-08,2024,Sep,Meerut,Tier 3,11-14,Female,UPSC Prelims Foundation,Competitive Exam,Graduate,Annual,Offline,Active,66.2,52405.74,3.8
STU13240,2024-09-08,2024,Sep,Hyderabad,Tier 1,18+,Female,JEE Main Foundation,Competitive Exam,11-12,Quarterly,Offline,Active,46.9,11167.27,4.5
STU12798,2024-09-08,2024,Sep,Hyderabad,Tier 1,6-10,Female,NEET Crash Course,Competitive Exam,11-12,Monthly,Online,Completed,100.0,3904.96,3.9
STU14144,2024-09-08,2024,Sep,Kolkata,Tier 1,18+,Female,Robotics & AI Basics,Coding,6-8,Quarterly,Online,Trial - Not Converted,3.5,0.0,
STU13925,2024-09-08,2024,Sep,Bengaluru,Tier 1,6-10,Male,Class 10 CBSE Complete,School Curriculum,10,Quarterly,Online,Active,28.5,4385.73,4.9
STU11263,2024-09-08,2024,Sep,Hyderabad,Tier 1,11-14,Female,Spoken English Mastery,Skill Development,All,Monthly,Online,Trial - Not Converted,7.4,0.0,
STU11318,2024-09-08,2024,Sep,Guwahati,Tier 3,18+,Female,Robotics & AI Basics,Coding,6-8,Annual,Online,Active,75.3,11504.97,4.5
STU13946,2024-09-09,2024,Sep,Kota,Tier 3,6-10,Female,UPSC Prelims Foundation,Competitive Exam,Graduate,Annual,Online,Active,81.3,45249.76,3.7
STU13142,2024-09-09,2024,Sep,Raipur,Tier 3,6-10,Male,Python for Beginners,Coding,6-8,Annual,Online,Completed,100.0,7452.93,4.0
STU13674,2024-09-09,2024,Sep,Surat,Tier 2,18+,Male,Robotics & AI Basics,Coding,6-8,Annual,Offline,Active,87.8,12838.7,3.1
STU14356,2024-09-09,2024,Sep,Nagpur,Tier 2,15-17,Male,Class 10 CBSE Complete,School Curriculum,10,Annual,Offline,Completed,100.0,15558.74,4.5
STU13734,2024-09-09,2024,Sep,Kolkata,Tier 1,18+,Male,Python for Beginners,Coding,6-8,Quarterly,Online,Active,71.0,2288.26,4.5
STU13989,2024-09-09,2024,Sep,Hyderabad,Tier 1,18+,Female,Class 8 Maths & Science,School Curriculum,8,Annual,Offline,Completed,100.0,10460.86,3.9
STU14888,2024-09-09,2024,Sep,Kolkata,Tier 1,11-14,Female,Python for Beginners,Coding,6-8,Quarterly,Offline,Active,94.5,2430.93,5.0
STU11737,2024-09-10,2024,Sep,Delhi,Tier 1,15-17,Male,Spoken English Mastery,Skill Development,All,Quarterly,Online,Active,75.3,1546.26,3.7
STU12205,2024-09-10,2024,Sep,Kanpur,Tier 2,18+,Male,UPSC Prelims Foundation,Competitive Exam,Graduate,Annual,Offline,Active,88.9,48962.15,4.2
STU12258,2024-09-10,2024,Sep,Ahmedabad,Tier 1,15-17,Female,Spoken English Mastery,Skill Development,All,Annual,Offline,Active,80.9,4805.83,4.6
STU15578,2024-09-11,2024,Sep,Bengaluru,Tier 1,15-17,Female,Class 10 CBSE Complete,School Curriculum,10,Annual,Online,Trial - Not Converted,15.2,0.0,
STU10026,2024-09-11,2024,Sep,Surat,Tier 2,6-10,Female,NEET Crash Course,Competitive Exam,11-12,Annual,Offline,Completed,100.0,42749.37,3.8
STU11273,2024-09-12,2024,Sep,Kolkata,Tier 1,11-14,Male,Python for Beginners,Coding,6-8,Annual,Offline,Trial - Not Converted,23.6,0.0,
STU10993,2024-09-13,2024,Sep,Jaipur,Tier 2,15-17,Male,Coding for Kids - Scratch,Coding,3-5,Monthly,Online,Active,83.5,680.94,4.3
STU14373,2024-09-13,2024,Sep,Mumbai,Tier 1,6-10,Female,Python for Beginners,Coding,6-8,Annual,Online,Churned,45.9,7235.59,4.3
STU12648,2024-09-13,2024,Sep,Patna,Tier 2,18+,Female,NEET Crash Course,Competitive Exam,11-12,Annual,Online,Active,53.2,40253.69,3.7
STU15648,2024-09-13,2024,Sep,Indore,Tier 2,15-17,Male,Coding for Kids - Scratch,Coding,3-5,Annual,Online,Active,40.5,6221.01,4.7
STU12671,2024-09-14,2024,Sep,Mumbai,Tier 1,6-10,Male,Class 8 Maths & Science,School Curriculum,8,Quarterly,Online,Churned,58.5,2740.35,4.0
STU14881,2024-09-14,2024,Sep,Bengaluru,Tier 1,18+,Male,Spoken English Mastery,Skill Development,All,Annual,Offline,Active,78.5,4727.7,2.9
STU13810,2024-09-14,2024,Sep,Chennai,Tier 1,11-14,Female,JEE Main Foundation,Competitive Exam,11-12,Monthly,Online,Churned,46.5,3490.55,3.7
STU15753,2024-09-14,2024,Sep,Chennai,Tier 1,6-10,Male,NEET Crash Course,Competitive Exam,11-12,Annual,Online,Completed,100.0,40121.6,4.1
STU15922,2024-09-15,2024,Sep,Ahmedabad,Tier 1,11-14,Female,Python for Beginners,Coding,6-8,Annual,Online,Trial - Not Converted,23.9,0.0,
STU13786,2024-09-15,2024,Sep,Lucknow,Tier 2,6-10,Female,Class 10 CBSE Complete,School Curriculum,10,Quarterly,Offline,Active,85.5,4569.87,3.8
STU13671,2024-09-15,2024,Sep,Bengaluru,Tier 1,6-10,Female,Class 6 Foundation,School Curriculum,6,Monthly,Online,Trial - Not Converted,14.6,0.0,
STU15135,2024-09-15,2024,Sep,Ranchi,Tier 3,18+,Male,Class 10 CBSE Complete,School Curriculum,10,Quarterly,Offline,Active,27.3,4473.58,4.8
STU13471,2024-09-16,2024,Sep,Guwahati,Tier 3,6-10,Male,Python for Beginners,Coding,6-8,Quarterly,Online,Active,28.6,2491.92,5.0
STU11696,2024-09-16,2024,Sep,Pune,Tier 1,11-14,Male,Class 8 Maths & Science,School Curriculum,8,Annual,Online,Churned,19.2,9647.89,5.0
STU13158,2024-09-17,2024,Sep,Mumbai,Tier 1,15-17,Male,Coding for Kids - Scratch,Coding,3-5,Annual,Online,Completed,100.0,6669.45,4.1
STU11640,2024-09-17,2024,Sep,Mumbai,Tier 1,6-10,Female,Python for Beginners,Coding,6-8,Annual,Online,Completed,100.0,8094.74,4.0
STU14793,2024-09-18,2024,Sep,Lucknow,Tier 2,6-10,Female,JEE Main Foundation,Competitive Exam,11-12,Monthly,Online,Trial - Not Converted,1.4,0.0,
STU10133,2024-09-18,2024,Sep,Indore,Tier 2,18+,Male,Class 8 Maths & Science,School Curriculum,8,Annual,Offline,Trial - Not Converted,5.6,0.0,
STU15706,2024-09-18,2024,Sep,Delhi,Tier 1,15-17,Male,UPSC Prelims Foundation,Competitive Exam,Graduate,Annual,Offline,Active,96.8,49765.75,3.7
STU15956,2024-09-18,2024,Sep,Lucknow,Tier 2,6-10,Male,Python for Beginners,Coding,6-8,Quarterly,Online,Active,64.8,2274.31,4.4
STU13975,2024-09-18,2024,Sep,Ahmedabad,Tier 1,15-17,Male,Class 10 CBSE Complete,School Curriculum,10,Annual,Online,Churned,39.8,15029.74,4.4
STU14285,2024-09-18,2024,Sep,Jodhpur,Tier 3,18+,Male,Python for Beginners,Coding,6-8,Monthly,Offline,Trial - Not Converted,17.5,0.0,
STU10472,2024-09-18,2024,Sep,Patna,Tier 2,11-14,Female,Python for Beginners,Coding,6-8,Annual,Online,Trial - Not Converted,0.8,0.0,
STU15096,2024-09-18,2024,Sep,Ahmedabad,Tier 1,18+,Male,NEET Crash Course,Competitive Exam,11-12,Monthly,Offline,Active,65.5,4012.85,4.0
STU15327,2024-09-18,2024,Sep,Ahmedabad,Tier 1,6-10,Male,Class 8 Maths & Science,School Curriculum,8,Quarterly,Offline,Active,52.2,2987.47,4.1
STU10922,2024-09-18,2024,Sep,Surat,Tier 2,6-10,Female,Class 8 Maths & Science,School Curriculum,8,Annual,Offline,Trial - Not Converted,9.3,0.0,
STU11146,2024-09-19,2024,Sep,Nagpur,Tier 2,15-17,Male,Class 6 Foundation,School Curriculum,6,Quarterly,Online,Active,50.6,2526.18,4.6
STU13540,2024-09-19,2024,Sep,Delhi,Tier 1,18+,Male,Robotics & AI Basics,Coding,6-8,Annual,Online,Active,22.0,11297.98,4.0
STU10491,2024-09-19,2024,Sep,Mumbai,Tier 1,18+,Male,Coding for Kids - Scratch,Coding,3-5,Annual,Online,Active,26.8,6480.8,4.0
STU12455,2024-09-19,2024,Sep,Kolkata,Tier 1,6-10,Male,JEE Main Foundation,Competitive Exam,11-12,Annual,Offline,Completed,100.0,35071.82,3.8
STU10632,2024-09-19,2024,Sep,Jaipur,Tier 2,18+,Male,Spoken English Mastery,Skill Development,All,Annual,Online,Churned,10.3,4828.55,4.4
STU10939,2024-09-20,2024,Sep,Pune,Tier 1,18+,Male,Class 8 Maths & Science,School Curriculum,8,Annual,Online,Active,82.5,9563.43,3.8
STU12013,2024-09-20,2024,Sep,Hyderabad,Tier 1,18+,Male,Coding for Kids - Scratch,Coding,3-5,Quarterly,Online,Active,32.8,1828.69,4.0
STU13336,2024-09-20,2024,Sep,Lucknow,Tier 2,18+,Female,JEE Main Foundation,Competitive Exam,11-12,Annual,Offline,Trial - Not Converted,2.0,0.0,
STU14404,2024-09-20,2024,Sep,Ahmedabad,Tier 1,15-17,Female,Robotics & AI Basics,Coding,6-8,Monthly,Online,Active,60.5,1234.43,4.0
STU12629,2024-09-21,2024,Sep,Nagpur,Tier 2,15-17,Male,JEE Main Foundation,Competitive Exam,11-12,Annual,Offline,Active,67.5,38137.86,4.3
STU11160,2024-09-21,2024,Sep,Kanpur,Tier 2,18+,Male,Class 8 Maths & Science,School Curriculum,8,Quarterly,Online,Active,82.0,2848.63,3.7
STU10380,2024-09-21,2024,Sep,Nagpur,Tier 2,6-10,Female,JEE Main Foundation,Competitive Exam,11-12,Annual,Offline,Trial - Not Converted,18.4,0.0,
STU15928,2024-09-21,2024,Sep,Varanasi,Tier 3,18+,Male,JEE Main Foundation,Competitive Exam,11-12,Monthly,Online,Completed,100.0,3665.5,4.5
STU12681,2024-09-21,2024,Sep,Delhi,Tier 1,18+,Female,Class 6 Foundation,School Curriculum,6,Annual,Offline,Active,67.5,8664.19,4.2
STU14218,2024-09-21,2024,Sep,Jaipur,Tier 2,18+,Male,Class 10 CBSE Complete,School Curriculum,10,Annual,Offline,Trial - Not Converted,18.2,0.0,
STU14337,2024-09-21,2024,Sep,Ahmedabad,Tier 1,18+,Female,Robotics & AI Basics,Coding,6-8,Annual,Offline,Active,95.7,12067.23,4.9
STU10954,2024-09-21,2024,Sep,Chennai,Tier 1,11-14,Male,Class 8 Maths & Science,School Curriculum,8,Annual,Online,Churned,59.2,9750.11,4.5
STU13609,2024-09-22,2024,Sep,Patna,Tier 2,6-10,Male,Python for Beginners,Coding,6-8,Monthly,Online,Trial - Not Converted,1.6,0.0,
STU11923,2024-09-22,2024,Sep,Pune,Tier 1,15-17,Female,UPSC Prelims Foundation,Competitive Exam,Graduate,Monthly,Offline,Active,25.4,4692.43,5.0
STU11101,2024-09-22,2024,Sep,Kolkata,Tier 1,6-10,Female,JEE Main Foundation,Competitive Exam,11-12,Quarterly,Online,Active,92.3,11032.66,4.5
STU14350,2024-09-22,2024,Sep,Delhi,Tier 1,18+,Female,Python for Beginners,Coding,6-8,Annual,Online,Trial - Not Converted,2.7,0.0,
STU14296,2024-09-22,2024,Sep,Delhi,Tier 1,15-17,Female,Coding for Kids - Scratch,Coding,3-5,Monthly,Offline,Trial - Not Converted,14.4,0.0,
STU11615,2024-09-23,2024,Sep,Bengaluru,Tier 1,6-10,Male,NEET Crash Course,Competitive Exam,11-12,Annual,Online,Active,80.0,40676.68,4.2
STU13823,2024-09-23,2024,Sep,Surat,Tier 2,15-17,Male,UPSC Prelims Foundation,Competitive Exam,Graduate,Annual,Offline,Trial - Not Converted,8.1,0.0,
STU12599,2024-09-23,2024,Sep,Kota,Tier 3,6-10,Female,Python for Beginners,Coding,6-8,Annual,Online,Active,97.8,7335.96,4.0
STU11310,2024-09-23,2024,Sep,Hyderabad,Tier 1,18+,Female,UPSC Prelims Foundation,Competitive Exam,Graduate,Annual,Offline,Active,84.6,49067.18,4.6
STU11857,2024-09-23,2024,Sep,Raipur,Tier 3,6-10,Male,Spoken English Mastery,Skill Development,All,Annual,Online,Active,38.1,4623.43,4.3
STU11291,2024-09-24,2024,Sep,Indore,Tier 2,15-17,Female,Class 8 Maths & Science,School Curriculum,8,Quarterly,Online,Active,31.8,2778.76,3.9
STU13480,2024-09-24,2024,Sep,Chennai,Tier 1,15-17,Female,Class 8 Maths & Science,School Curriculum,8,Annual,Offline,Active,47.2,10169.51,4.1
STU15554,2024-09-24,2024,Sep,Jaipur,Tier 2,6-10,Female,Robotics & AI Basics,Coding,6-8,Monthly,Offline,Completed,100.0,1211.53,4.0
STU13185,2024-09-24,2024,Sep,Chennai,Tier 1,11-14,Female,UPSC Prelims Foundation,Competitive Exam,Graduate,Quarterly,Offline,Active,83.4,13566.79,3.7
STU14773,2024-09-24,2024,Sep,Chennai,Tier 1,11-14,Female,Class 10 CBSE Complete,School Curriculum,10,Annual,Offline,Active,45.6,14658.17,4.9
STU11766,2024-09-24,2024,Sep,Delhi,Tier 1,6-10,Female,Python for Beginners,Coding,6-8,Annual,Offline,Trial - Not Converted,22.0,0.0,
STU10190,2024-09-24,2024,Sep,Lucknow,Tier 2,15-17,Male,Robotics & AI Basics,Coding,6-8,Annual,Online,Trial - Not Converted,22.9,0.0,
STU10847,2024-09-24,2024,Sep,Delhi,Tier 1,11-14,Male,Class 10 CBSE Complete,School Curriculum,10,Annual,Offline,Trial - Not Converted,24.9,0.0,
STU15475,2024-09-25,2024,Sep,Bhopal,Tier 2,15-17,Male,JEE Main Foundation,Competitive Exam,11-12,Annual,Offline,Active,37.9,38089.47,3.7
STU15353,2024-09-25,2024,Sep,Mumbai,Tier 1,11-14,Female,Class 6 Foundation,School Curriculum,6,Monthly,Online,Trial - Not Converted,14.7,0.0,
STU13140,2024-09-25,2024,Sep,Nagpur,Tier 2,11-14,Female,Class 10 CBSE Complete,School Curriculum,10,Quarterly,Offline,Trial - Not Converted,6.0,0.0,
STU12588,2024-09-25,2024,Sep,Kolkata,Tier 1,6-10,Female,Class 10 CBSE Complete,School Curriculum,10,Annual,Online,Completed,100.0,14697.84,4.2
STU15791,2024-09-25,2024,Sep,Kolkata,Tier 1,11-14,Male,Class 8 Maths & Science,School Curriculum,8,Annual,Online,Active,66.5,10019.84,4.1
STU14268,2024-09-26,2024,Sep,Varanasi,Tier 3,18+,Female,Coding for Kids - Scratch,Coding,3-5,Quarterly,Online,Trial - Not Converted,4.5,0.0,
STU13629,2024-09-26,2024,Sep,Ahmedabad,Tier 1,18+,Female,Robotics & AI Basics,Coding,6-8,Quarterly,Offline,Churned,40.1,3565.67,4.4
STU10507,2024-09-26,2024,Sep,Surat,Tier 2,6-10,Female,Class 6 Foundation,School Curriculum,6,Monthly,Offline,Active,35.8,783.13,4.0
STU14782,2024-09-26,2024,Sep,Delhi,Tier 1,11-14,Male,Class 10 CBSE Complete,School Curriculum,10,Annual,Online,Active,31.7,15117.34,3.9
STU15516,2024-09-26,2024,Sep,Delhi,Tier 1,15-17,Male,JEE Main Foundation,Competitive Exam,11-12,Quarterly,Online,Active,24.2,11509.47,3.8
STU12528,2024-09-27,2024,Sep,Delhi,Tier 1,11-14,Male,Robotics & AI Basics,Coding,6-8,Monthly,Online,Completed,100.0,1301.15,4.0
STU15356,2024-09-27,2024,Sep,Jaipur,Tier 2,6-10,Female,Spoken English Mastery,Skill Development,All,Quarterly,Online,Active,64.6,1427.01,3.5
STU14726,2024-09-27,2024,Sep,Bengaluru,Tier 1,18+,Male,Class 8 Maths & Science,School Curriculum,8,Annual,Online,Active,79.3,9003.6,3.8
STU12799,2024-09-27,2024,Sep,Kanpur,Tier 2,11-14,Female,Spoken English Mastery,Skill Development,All,Quarterly,Online,Active,90.5,1507.91,4.0
STU13043,2024-09-27,2024,Sep,Bengaluru,Tier 1,15-17,Female,NEET Crash Course,Competitive Exam,11-12,Quarterly,Offline,Completed,100.0,11937.37,4.7
STU10180,2024-09-27,2024,Sep,Delhi,Tier 1,6-10,Male,NEET Crash Course,Competitive Exam,11-12,Quarterly,Offline,Trial - Not Converted,20.8,0.0,
STU10615,2024-09-27,2024,Sep,Delhi,Tier 1,15-17,Female,Coding for Kids - Scratch,Coding,3-5,Quarterly,Online,Churned,28.5,1978.81,4.8
STU12038,2024-09-28,2024,Sep,Guwahati,Tier 3,11-14,Male,Robotics & AI Basics,Coding,6-8,Annual,Online,Active,91.0,11567.86,3.9
STU14260,2024-09-28,2024,Sep,Nagpur,Tier 2,11-14,Female,Class 6 Foundation,School Curriculum,6,Annual,Offline,Active,30.3,7766.12,4.0
STU10536,2024-09-28,2024,Sep,Kolkata,Tier 1,6-10,Female,Robotics & AI Basics,Coding,6-8,Annual,Online,Active,53.0,11287.03,4.1
STU11927,2024-09-28,2024,Sep,Surat,Tier 2,15-17,Male,JEE Main Foundation,Competitive Exam,11-12,Annual,Online,Churned,16.9,37947.47,4.2
STU15394,2024-09-28,2024,Sep,Bengaluru,Tier 1,6-10,Male,Python for Beginners,Coding,6-8,Monthly,Online,Trial - Not Converted,20.1,0.0,
STU14131,2024-09-29,2024,Sep,Kolkata,Tier 1,6-10,Female,Robotics & AI Basics,Coding,6-8,Annual,Online,Active,42.6,12383.23,4.3
STU11762,2024-09-29,2024,Sep,Hyderabad,Tier 1,18+,Female,Class 6 Foundation,School Curriculum,6,Annual,Offline,Trial - Not Converted,6.3,0.0,
STU10519,2024-09-29,2024,Sep,Delhi,Tier 1,18+,Female,UPSC Prelims Foundation,Competitive Exam,Graduate,Monthly,Online,Active,46.7,4597.37,2.9
STU13722,2024-09-29,2024,Sep,Surat,Tier 2,6-10,Male,Class 6 Foundation,School Curriculum,6,Quarterly,Offline,Completed,100.0,2289.8,4.7
STU14955,2024-09-29,2024,Sep,Chennai,Tier 1,18+,Female,Class 6 Foundation,School Curriculum,6,Quarterly,Offline,Active,34.2,2459.9,3.9
STU13582,2024-09-29,2024,Sep,Bhopal,Tier 2,6-10,Male,Class 10 CBSE Complete,School Curriculum,10,Annual,Online,Active,75.3,13646.39,4.3
STU15426,2024-09-30,2024,Sep,Chennai,Tier 1,15-17,Female,Class 8 Maths & Science,School Curriculum,8,Quarterly,Offline,Trial - Not Converted,2.5,0.0,
STU13437,2024-09-30,2024,Sep,Mumbai,Tier 1,18+,Male,Python for Beginners,Coding,6-8,Annual,Online,Active,86.7,7401.92,4.3
STU11951,2024-09-30,2024,Sep,Pune,Tier 1,6-10,Female,JEE Main Foundation,Competitive Exam,11-12,Annual,Online,Completed,100.0,38880.94,4.9
STU11086,2024-10-01,2024,Oct,Bhopal,Tier 2,15-17,Female,UPSC Prelims Foundation,Competitive Exam,Graduate,Quarterly,Online,Active,96.3,15112.08,4.0
STU14248,2024-10-01,2024,Oct,Kanpur,Tier 2,15-17,Female,Class 10 CBSE Complete,School Curriculum,10,Annual,Offline,Trial - Not Converted,8.6,0.0,
STU15881,2024-10-01,2024,Oct,Lucknow,Tier 2,18+,Male,Class 10 CBSE Complete,School Curriculum,10,Annual,Online,Trial - Not Converted,18.6,0.0,
STU10470,2024-10-02,2024,Oct,Pune,Tier 1,18+,Female,UPSC Prelims Foundation,Competitive Exam,Graduate,Annual,Offline,Active,70.5,50999.04,4.2
STU14499,2024-10-02,2024,Oct,Meerut,Tier 3,6-10,Female,Python for Beginners,Coding,6-8,Quarterly,Online,Active,36.6,2245.45,4.3
STU14246,2024-10-02,2024,Oct,Indore,Tier 2,18+,Female,UPSC Prelims Foundation,Competitive Exam,Graduate,Monthly,Offline,Active,28.7,4963.43,4.4
STU11579,2024-10-02,2024,Oct,Ahmedabad,Tier 1,11-14,Male,Class 10 CBSE Complete,School Curriculum,10,Quarterly,Online,Active,87.8,4589.18,4.2
STU11680,2024-10-02,2024,Oct,Guwahati,Tier 3,15-17,Female,Class 10 CBSE Complete,School Curriculum,10,Annual,Online,Active,97.2,14757.65,4.6
STU13541,2024-10-03,2024,Oct,Kolkata,Tier 1,15-17,Female,NEET Crash Course,Competitive Exam,11-12,Quarterly,Offline,Active,96.1,11705.62,4.0
STU14845,2024-10-03,2024,Oct,Chennai,Tier 1,15-17,Female,Python for Beginners,Coding,6-8,Annual,Online,Churned,28.6,7811.92,4.3
STU11049,2024-10-03,2024,Oct,Indore,Tier 2,15-17,Male,UPSC Prelims Foundation,Competitive Exam,Graduate,Monthly,Online,Active,83.4,4901.56,5.0
STU13063,2024-10-03,2024,Oct,Hyderabad,Tier 1,11-14,Female,Coding for Kids - Scratch,Coding,3-5,Annual,Online,Completed,100.0,6233.12,4.1
STU13906,2024-10-04,2024,Oct,Mumbai,Tier 1,6-10,Female,JEE Main Foundation,Competitive Exam,11-12,Annual,Online,Trial - Not Converted,1.8,0.0,
STU10509,2024-10-04,2024,Oct,Bengaluru,Tier 1,6-10,Female,Spoken English Mastery,Skill Development,All,Annual,Online,Active,80.5,5115.83,4.9
STU14600,2024-10-04,2024,Oct,Nagpur,Tier 2,6-10,Female,Python for Beginners,Coding,6-8,Annual,Offline,Active,99.4,8021.62,5.0
STU10202,2024-10-04,2024,Oct,Hyderabad,Tier 1,15-17,Female,Robotics & AI Basics,Coding,6-8,Annual,Online,Trial - Not Converted,15.0,0.0,
STU10007,2024-10-04,2024,Oct,Kolkata,Tier 1,6-10,Male,Python for Beginners,Coding,6-8,Monthly,Online,Completed,100.0,822.41,3.0
STU14566,2024-10-05,2024,Oct,Meerut,Tier 3,15-17,Male,Spoken English Mastery,Skill Development,All,Annual,Online,Active,87.6,4982.68,4.3
STU15203,2024-10-05,2024,Oct,Pune,Tier 1,11-14,Female,Spoken English Mastery,Skill Development,All,Quarterly,Online,Active,40.9,1374.34,4.3
STU10126,2024-10-05,2024,Oct,Raipur,Tier 3,15-17,Male,Class 8 Maths & Science,School Curriculum,8,Monthly,Offline,Trial - Not Converted,3.1,0.0,
STU10046,2024-10-05,2024,Oct,Jodhpur,Tier 3,15-17,Female,Class 10 CBSE Complete,School Curriculum,10,Annual,Offline,Completed,100.0,13713.38,4.2
STU12950,2024-10-05,2024,Oct,Jaipur,Tier 2,6-10,Male,Class 8 Maths & Science,School Curriculum,8,Monthly,Online,Completed,100.0,946.07,4.1
STU15260,2024-10-05,2024,Oct,Kota,Tier 3,18+,Male,Class 10 CBSE Complete,School Curriculum,10,Annual,Offline,Active,60.6,15402.16,4.5
STU13730,2024-10-05,2024,Oct,Lucknow,Tier 2,6-10,Female,Spoken English Mastery,Skill Development,All,Annual,Online,Active,89.2,4866.21,4.2
STU12829,2024-10-06,2024,Oct,Pune,Tier 1,15-17,Female,Class 8 Maths & Science,School Curriculum,8,Monthly,Offline,Active,55.5,940.28,4.3
STU14700,2024-10-06,2024,Oct,Kolkata,Tier 1,6-10,Male,Spoken English Mastery,Skill Development,All,Quarterly,Online,Active,43.6,1409.63,4.9
STU14929,2024-10-07,2024,Oct,Pune,Tier 1,15-17,Male,Robotics & AI Basics,Coding,6-8,Quarterly,Online,Active,95.3,3834.17,3.8
STU13585,2024-10-07,2024,Oct,Bengaluru,Tier 1,11-14,Female,UPSC Prelims Foundation,Competitive Exam,Graduate,Quarterly,Offline,Active,82.9,14805.72,5.0
STU14581,2024-10-07,2024,Oct,Mumbai,Tier 1,18+,Female,UPSC Prelims Foundation,Competitive Exam,Graduate,Annual,Online,Active,22.1,50440.73,4.1
STU13475,2024-10-08,2024,Oct,Pune,Tier 1,15-17,Female,Robotics & AI Basics,Coding,6-8,Monthly,Online,Trial - Not Converted,2.1,0.0,
STU15584,2024-10-08,2024,Oct,Bengaluru,Tier 1,18+,Female,Class 10 CBSE Complete,School Curriculum,10,Annual,Online,Completed,100.0,13745.06,3.8
STU14835,2024-10-08,2024,Oct,Indore,Tier 2,15-17,Male,Python for Beginners,Coding,6-8,Annual,Offline,Active,66.0,7206.42,2.9
STU10674,2024-10-08,2024,Oct,Bengaluru,Tier 1,18+,Female,Class 8 Maths & Science,School Curriculum,8,Annual,Offline,Active,83.3,10005.68,4.1
STU10733,2024-10-08,2024,Oct,Mumbai,Tier 1,6-10,Male,Coding for Kids - Scratch,Coding,3-5,Annual,Online,Trial - Not Converted,17.5,0.0,
STU15423,2024-10-08,2024,Oct,Delhi,Tier 1,11-14,Male,Python for Beginners,Coding,6-8,Annual,Online,Trial - Not Converted,1.5,0.0,
STU15085,2024-10-09,2024,Oct,Patna,Tier 2,11-14,Female,Spoken English Mastery,Skill Development,All,Quarterly,Online,Churned,59.0,1510.83,4.1
STU10585,2024-10-09,2024,Oct,Hyderabad,Tier 1,15-17,Male,Robotics & AI Basics,Coding,6-8,Annual,Offline,Active,70.6,11319.74,4.5
STU12770,2024-10-09,2024,Oct,Chennai,Tier 1,11-14,Male,Spoken English Mastery,Skill Development,All,Monthly,Online,Completed,100.0,469.06,4.7
STU15468,2024-10-09,2024,Oct,Hyderabad,Tier 1,11-14,Female,Class 8 Maths & Science,School Curriculum,8,Quarterly,Online,Completed,100.0,2885.58,5.0
STU12774,2024-10-09,2024,Oct,Delhi,Tier 1,11-14,Male,Class 10 CBSE Complete,School Curriculum,10,Monthly,Online,Trial - Not Converted,16.2,0.0,
STU15749,2024-10-10,2024,Oct,Ahmedabad,Tier 1,18+,Male,Class 8 Maths & Science,School Curriculum,8,Quarterly,Online,Active,28.8,2990.26,4.1
STU11691,2024-10-10,2024,Oct,Lucknow,Tier 2,6-10,Female,JEE Main Foundation,Competitive Exam,11-12,Annual,Online,Trial - Not Converted,3.8,0.0,
STU10376,2024-10-10,2024,Oct,Pune,Tier 1,15-17,Male,Class 8 Maths & Science,School Curriculum,8,Annual,Online,Active,65.2,9903.35,4.4
STU11412,2024-10-10,2024,Oct,Kolkata,Tier 1,18+,Female,Spoken English Mastery,Skill Development,All,Monthly,Online,Active,57.1,475.57,4.8
STU13163,2024-10-10,2024,Oct,Ahmedabad,Tier 1,11-14,Male,NEET Crash Course,Competitive Exam,11-12,Monthly,Online,Active,81.9,4356.35,2.7
STU13295,2024-10-11,2024,Oct,Jaipur,Tier 2,11-14,Female,Class 10 CBSE Complete,School Curriculum,10,Monthly,Offline,Active,86.6,1370.7,3.8
STU11130,2024-10-11,2024,Oct,Ranchi,Tier 3,18+,Female,Robotics & AI Basics,Coding,6-8,Quarterly,Online,Completed,100.0,3564.16,4.8
STU15473,2024-10-11,2024,Oct,Lucknow,Tier 2,6-10,Female,Spoken English Mastery,Skill Development,All,Annual,Online,Churned,22.0,4529.01,2.9
STU11381,2024-10-12,2024,Oct,Raipur,Tier 3,11-14,Male,Coding for Kids - Scratch,Coding,3-5,Quarterly,Online,Active,63.4,2080.75,4.7
STU10611,2024-10-12,2024,Oct,Kanpur,Tier 2,11-14,Female,Class 8 Maths & Science,School Curriculum,8,Annual,Offline,Active,68.1,9928.23,4.2
STU15815,2024-10-12,2024,Oct,Surat,Tier 2,15-17,Female,Class 10 CBSE Complete,School Curriculum,10,Annual,Offline,Active,25.2,14367.83,4.8
STU15288,2024-10-12,2024,Oct,Bengaluru,Tier 1,11-14,Male,Coding for Kids - Scratch,Coding,3-5,Annual,Online,Active,42.1,6206.68,3.6
STU13121,2024-10-12,2024,Oct,Pune,Tier 1,18+,Female,JEE Main Foundation,Competitive Exam,11-12,Annual,Offline,Active,95.3,35325.53,3.5
STU15180,2024-10-12,2024,Oct,Pune,Tier 1,15-17,Male,UPSC Prelims Foundation,Competitive Exam,Graduate,Monthly,Online,Completed,100.0,5145.44,3.4
STU14796,2024-10-13,2024,Oct,Chennai,Tier 1,11-14,Male,Coding for Kids - Scratch,Coding,3-5,Monthly,Online,Active,55.7,633.98,3.9
STU14398,2024-10-13,2024,Oct,Chennai,Tier 1,11-14,Male,UPSC Prelims Foundation,Competitive Exam,Graduate,Quarterly,Offline,Active,97.3,15705.15,3.6
STU10816,2024-10-13,2024,Oct,Pune,Tier 1,11-14,Male,Python for Beginners,Coding,6-8,Monthly,Online,Active,39.7,779.25,4.2
STU15736,2024-10-14,2024,Oct,Delhi,Tier 1,18+,Female,JEE Main Foundation,Competitive Exam,11-12,Annual,Online,Trial - Not Converted,2.7,0.0,
STU15040,2024-10-14,2024,Oct,Kota,Tier 3,18+,Male,NEET Crash Course,Competitive Exam,11-12,Annual,Online,Trial - Not Converted,17.1,0.0,
STU14186,2024-10-14,2024,Oct,Pune,Tier 1,11-14,Male,Class 6 Foundation,School Curriculum,6,Annual,Online,Trial - Not Converted,24.4,0.0,
STU10636,2024-10-15,2024,Oct,Jaipur,Tier 2,15-17,Male,Class 6 Foundation,School Curriculum,6,Quarterly,Offline,Active,56.2,2350.87,3.9
STU10494,2024-10-15,2024,Oct,Delhi,Tier 1,6-10,Male,JEE Main Foundation,Competitive Exam,11-12,Quarterly,Online,Active,91.9,11309.94,3.8
STU10443,2024-10-15,2024,Oct,Kota,Tier 3,11-14,Male,NEET Crash Course,Competitive Exam,11-12,Quarterly,Online,Completed,100.0,12058.47,3.7
STU12355,2024-10-15,2024,Oct,Chennai,Tier 1,18+,Female,Robotics & AI Basics,Coding,6-8,Annual,Online,Churned,12.8,13019.8,4.0
STU12386,2024-10-16,2024,Oct,Jodhpur,Tier 3,15-17,Female,Coding for Kids - Scratch,Coding,3-5,Monthly,Online,Trial - Not Converted,19.8,0.0,
STU10804,2024-10-16,2024,Oct,Kolkata,Tier 1,18+,Female,Class 8 Maths & Science,School Curriculum,8,Monthly,Online,Completed,100.0,936.16,5.0
STU11860,2024-10-17,2024,Oct,Bengaluru,Tier 1,11-14,Male,Spoken English Mastery,Skill Development,All,Annual,Online,Trial - Not Converted,13.6,0.0,
STU10753,2024-10-18,2024,Oct,Kolkata,Tier 1,18+,Female,Robotics & AI Basics,Coding,6-8,Quarterly,Online,Active,92.0,3868.99,4.1
STU13102,2024-10-18,2024,Oct,Jaipur,Tier 2,15-17,Male,Python for Beginners,Coding,6-8,Monthly,Online,Completed,100.0,756.32,4.4
STU15903,2024-10-18,2024,Oct,Varanasi,Tier 3,15-17,Male,JEE Main Foundation,Competitive Exam,11-12,Monthly,Offline,Trial - Not Converted,6.2,0.0,
STU11389,2024-10-18,2024,Oct,Chennai,Tier 1,18+,Male,Class 10 CBSE Complete,School Curriculum,10,Annual,Online,Completed,100.0,15252.11,4.3
STU13941,2024-10-19,2024,Oct,Hyderabad,Tier 1,15-17,Male,Class 10 CBSE Complete,School Curriculum,10,Quarterly,Online,Completed,100.0,4723.13,3.6
STU13081,2024-10-19,2024,Oct,Ranchi,Tier 3,11-14,Female,Spoken English Mastery,Skill Development,All,Annual,Online,Completed,100.0,5085.39,4.0
STU12895,2024-10-19,2024,Oct,Bhopal,Tier 2,11-14,Female,Robotics & AI Basics,Coding,6-8,Annual,Online,Completed,100.0,13061.77,5.0
STU15549,2024-10-19,2024,Oct,Chennai,Tier 1,15-17,Female,UPSC Prelims Foundation,Competitive Exam,Graduate,Quarterly,Online,Completed,100.0,15676.65,3.6
STU14747,2024-10-19,2024,Oct,Chennai,Tier 1,6-10,Female,Spoken English Mastery,Skill Development,All,Annual,Online,Completed,100.0,4905.85,4.7
STU10222,2024-10-19,2024,Oct,Kolkata,Tier 1,11-14,Female,Class 10 CBSE Complete,School Curriculum,10,Quarterly,Online,Active,79.3,4143.08,4.3
STU11070,2024-10-20,2024,Oct,Kolkata,Tier 1,15-17,Female,Python for Beginners,Coding,6-8,Annual,Online,Active,94.0,7199.56,4.2
STU10555,2024-10-20,2024,Oct,Kanpur,Tier 2,18+,Male,Spoken English Mastery,Skill Development,All,Annual,Offline,Trial - Not Converted,0.7,0.0,
STU11418,2024-10-20,2024,Oct,Surat,Tier 2,18+,Female,Class 6 Foundation,School Curriculum,6,Quarterly,Online,Active,78.3,2427.6,2.9
STU14947,2024-10-21,2024,Oct,Indore,Tier 2,15-17,Male,UPSC Prelims Foundation,Competitive Exam,Graduate,Annual,Online,Active,64.9,50188.26,4.6
STU13249,2024-10-21,2024,Oct,Varanasi,Tier 3,15-17,Female,Python for Beginners,Coding,6-8,Annual,Online,Trial - Not Converted,10.6,0.0,
STU15536,2024-10-22,2024,Oct,Bengaluru,Tier 1,6-10,Male,JEE Main Foundation,Competitive Exam,11-12,Quarterly,Online,Active,37.7,10452.44,3.6
STU10413,2024-10-24,2024,Oct,Kanpur,Tier 2,6-10,Male,Class 8 Maths & Science,School Curriculum,8,Annual,Online,Active,58.3,9755.43,4.8
STU10412,2024-10-24,2024,Oct,Kolkata,Tier 1,15-17,Male,Python for Beginners,Coding,6-8,Annual,Online,Churned,58.7,7680.94,3.5
STU12791,2024-10-24,2024,Oct,Bengaluru,Tier 1,18+,Female,Python for Beginners,Coding,6-8,Annual,Online,Churned,42.5,7388.43,4.8
STU10856,2024-10-24,2024,Oct,Varanasi,Tier 3,15-17,Male,Spoken English Mastery,Skill Development,All,Annual,Online,Active,86.0,4958.73,3.4
STU11173,2024-10-24,2024,Oct,Kolkata,Tier 1,6-10,Male,UPSC Prelims Foundation,Competitive Exam,Graduate,Annual,Offline,Churned,48.7,46981.35,3.8
STU15854,2024-10-25,2024,Oct,Ahmedabad,Tier 1,6-10,Female,NEET Crash Course,Competitive Exam,11-12,Monthly,Online,Active,70.4,4364.16,4.0
STU11356,2024-10-25,2024,Oct,Mumbai,Tier 1,18+,Female,NEET Crash Course,Competitive Exam,11-12,Annual,Online,Active,57.1,43846.01,3.2
STU10249,2024-10-25,2024,Oct,Mumbai,Tier 1,18+,Male,Class 10 CBSE Complete,School Curriculum,10,Annual,Online,Trial - Not Converted,7.1,0.0,
STU14149,2024-10-25,2024,Oct,Kolkata,Tier 1,6-10,Female,Robotics & AI Basics,Coding,6-8,Quarterly,Online,Active,35.0,3414.76,4.0
STU12175,2024-10-25,2024,Oct,Hyderabad,Tier 1,18+,Male,Python for Beginners,Coding,6-8,Quarterly,Offline,Active,96.0,2468.72,4.1
STU15880,2024-10-25,2024,Oct,Indore,Tier 2,18+,Female,Coding for Kids - Scratch,Coding,3-5,Quarterly,Online,Completed,100.0,1825.01,5.0
STU10383,2024-10-26,2024,Oct,Jodhpur,Tier 3,15-17,Female,Python for Beginners,Coding,6-8,Monthly,Online,Active,39.5,795.98,4.6
STU15157,2024-10-26,2024,Oct,Mumbai,Tier 1,6-10,Female,Python for Beginners,Coding,6-8,Annual,Online,Active,41.1,7838.11,4.4
STU11536,2024-10-26,2024,Oct,Raipur,Tier 3,15-17,Male,Coding for Kids - Scratch,Coding,3-5,Annual,Offline,Active,98.3,6453.8,3.3
STU12391,2024-10-26,2024,Oct,Mumbai,Tier 1,6-10,Female,JEE Main Foundation,Competitive Exam,11-12,Annual,Online,Churned,40.3,39032.35,4.5
STU15256,2024-10-26,2024,Oct,Patna,Tier 2,18+,Female,Class 8 Maths & Science,School Curriculum,8,Annual,Online,Active,37.8,9619.95,3.7
STU13814,2024-10-26,2024,Oct,Bhopal,Tier 2,15-17,Female,NEET Crash Course,Competitive Exam,11-12,Monthly,Online,Active,23.7,3973.27,3.9
STU11725,2024-10-26,2024,Oct,Lucknow,Tier 2,11-14,Female,JEE Main Foundation,Competitive Exam,11-12,Quarterly,Offline,Trial - Not Converted,8.1,0.0,
STU14715,2024-10-27,2024,Oct,Guwahati,Tier 3,11-14,Male,Class 10 CBSE Complete,School Curriculum,10,Annual,Offline,Active,82.9,14324.51,4.8
STU12835,2024-10-27,2024,Oct,Kolkata,Tier 1,18+,Female,Class 8 Maths & Science,School Curriculum,8,Annual,Offline,Active,91.5,9556.06,2.8
STU12708,2024-10-27,2024,Oct,Pune,Tier 1,6-10,Male,Spoken English Mastery,Skill Development,All,Annual,Online,Active,52.3,4881.26,3.5
STU15409,2024-10-27,2024,Oct,Jaipur,Tier 2,6-10,Female,Class 8 Maths & Science,School Curriculum,8,Annual,Online,Trial - Not Converted,3.4,0.0,
STU13911,2024-10-27,2024,Oct,Jaipur,Tier 2,11-14,Female,Class 6 Foundation,School Curriculum,6,Annual,Online,Churned,11.9,8575.88,4.4
STU13637,2024-10-27,2024,Oct,Surat,Tier 2,6-10,Male,Class 8 Maths & Science,School Curriculum,8,Annual,Online,Trial - Not Converted,2.9,0.0,
STU14765,2024-10-27,2024,Oct,Indore,Tier 2,6-10,Male,Spoken English Mastery,Skill Development,All,Annual,Online,Active,28.4,4894.56,3.5
STU15615,2024-10-28,2024,Oct,Bengaluru,Tier 1,11-14,Male,UPSC Prelims Foundation,Competitive Exam,Graduate,Quarterly,Offline,Active,20.3,13644.65,3.5
STU15168,2024-10-28,2024,Oct,Kota,Tier 3,15-17,Female,Coding for Kids - Scratch,Coding,3-5,Quarterly,Offline,Trial - Not Converted,4.9,0.0,
STU13011,2024-10-28,2024,Oct,Guwahati,Tier 3,6-10,Male,UPSC Prelims Foundation,Competitive Exam,Graduate,Annual,Online,Active,32.0,50763.53,3.2
STU14954,2024-10-29,2024,Oct,Raipur,Tier 3,18+,Male,NEET Crash Course,Competitive Exam,11-12,Monthly,Online,Completed,100.0,4115.48,4.3
STU15920,2024-10-29,2024,Oct,Pune,Tier 1,11-14,Female,NEET Crash Course,Competitive Exam,11-12,Quarterly,Offline,Trial - Not Converted,23.8,0.0,
STU14572,2024-10-29,2024,Oct,Nagpur,Tier 2,18+,Male,Coding for Kids - Scratch,Coding,3-5,Annual,Online,Active,36.9,6516.57,4.7
STU14210,2024-10-29,2024,Oct,Lucknow,Tier 2,15-17,Female,Python for Beginners,Coding,6-8,Quarterly,Online,Trial - Not Converted,14.5,0.0,
STU14691,2024-10-29,2024,Oct,Delhi,Tier 1,15-17,Male,JEE Main Foundation,Competitive Exam,11-12,Annual,Online,Active,64.8,37024.69,4.3
STU13526,2024-10-29,2024,Oct,Varanasi,Tier 3,6-10,Male,Class 6 Foundation,School Curriculum,6,Annual,Online,Active,72.0,8074.09,3.7
STU14852,2024-10-30,2024,Oct,Jaipur,Tier 2,15-17,Female,NEET Crash Course,Competitive Exam,11-12,Quarterly,Online,Churned,47.4,11989.79,4.6
STU10045,2024-10-30,2024,Oct,Ahmedabad,Tier 1,18+,Male,Robotics & AI Basics,Coding,6-8,Annual,Online,Completed,100.0,12412.23,3.5
STU14081,2024-10-30,2024,Oct,Indore,Tier 2,6-10,Male,NEET Crash Course,Competitive Exam,11-12,Annual,Online,Active,64.2,42602.57,4.6
STU14113,2024-10-30,2024,Oct,Delhi,Tier 1,11-14,Male,JEE Main Foundation,Competitive Exam,11-12,Annual,Online,Active,28.4,35719.01,4.0
STU10738,2024-10-31,2024,Oct,Mumbai,Tier 1,11-14,Female,Class 8 Maths & Science,School Curriculum,8,Annual,Online,Completed,100.0,10395.66,4.0
STU13668,2024-10-31,2024,Oct,Delhi,Tier 1,6-10,Male,Robotics & AI Basics,Coding,6-8,Monthly,Online,Churned,34.4,1290.0,3.9
STU14638,2024-10-31,2024,Oct,Bhopal,Tier 2,15-17,Male,Coding for Kids - Scratch,Coding,3-5,Monthly,Online,Active,52.4,613.66,4.3
STU14919,2024-11-01,2024,Nov,Guwahati,Tier 3,11-14,Female,Coding for Kids - Scratch,Coding,3-5,Monthly,Online,Churned,10.8,639.31,5.0
STU10437,2024-11-01,2024,Nov,Nagpur,Tier 2,18+,Female,Class 8 Maths & Science,School Curriculum,8,Annual,Offline,Active,89.3,9237.72,4.0
STU11440,2024-11-01,2024,Nov,Patna,Tier 2,18+,Female,JEE Main Foundation,Competitive Exam,11-12,Quarterly,Offline,Active,20.7,10626.84,5.0
STU10653,2024-11-01,2024,Nov,Hyderabad,Tier 1,11-14,Male,UPSC Prelims Foundation,Competitive Exam,Graduate,Quarterly,Online,Active,45.9,13911.35,4.7
STU15209,2024-11-01,2024,Nov,Lucknow,Tier 2,15-17,Male,Class 8 Maths & Science,School Curriculum,8,Annual,Offline,Trial - Not Converted,11.4,0.0,
STU10482,2024-11-01,2024,Nov,Pune,Tier 1,15-17,Male,Spoken English Mastery,Skill Development,All,Monthly,Offline,Active,41.5,469.5,4.0
STU13305,2024-11-01,2024,Nov,Kanpur,Tier 2,15-17,Female,Spoken English Mastery,Skill Development,All,Annual,Online,Active,36.9,4711.32,4.9
STU15656,2024-11-01,2024,Nov,Ahmedabad,Tier 1,6-10,Female,Coding for Kids - Scratch,Coding,3-5,Annual,Offline,Completed,100.0,6491.09,4.5
STU12005,2024-11-02,2024,Nov,Pune,Tier 1,11-14,Female,Robotics & AI Basics,Coding,6-8,Monthly,Online,Completed,100.0,1131.73,3.9
STU14956,2024-11-02,2024,Nov,Lucknow,Tier 2,18+,Male,Class 6 Foundation,School Curriculum,6,Quarterly,Offline,Churned,33.8,2271.95,3.5
STU14129,2024-11-02,2024,Nov,Chennai,Tier 1,18+,Female,Class 6 Foundation,School Curriculum,6,Annual,Offline,Active,67.8,8704.83,2.8
STU14535,2024-11-02,2024,Nov,Delhi,Tier 1,11-14,Male,UPSC Prelims Foundation,Competitive Exam,Graduate,Annual,Offline,Completed,100.0,50306.99,4.0
STU10478,2024-11-03,2024,Nov,Pune,Tier 1,11-14,Female,Spoken English Mastery,Skill Development,All,Monthly,Online,Active,82.6,517.82,4.6
STU11839,2024-11-03,2024,Nov,Patna,Tier 2,6-10,Male,Robotics & AI Basics,Coding,6-8,Annual,Online,Completed,100.0,12651.06,4.6
STU12856,2024-11-03,2024,Nov,Pune,Tier 1,6-10,Male,Class 10 CBSE Complete,School Curriculum,10,Annual,Online,Active,89.6,15418.87,4.7
STU15405,2024-11-03,2024,Nov,Kolkata,Tier 1,18+,Male,Class 10 CBSE Complete,School Curriculum,10,Annual,Online,Trial - Not Converted,5.1,0.0,
STU11140,2024-11-04,2024,Nov,Lucknow,Tier 2,15-17,Male,Spoken English Mastery,Skill Development,All,Annual,Online,Active,25.2,4777.88,4.2
STU14096,2024-11-04,2024,Nov,Hyderabad,Tier 1,18+,Male,Class 8 Maths & Science,School Curriculum,8,Monthly,Online,Active,64.0,1023.76,4.0
STU14368,2024-11-04,2024,Nov,Chennai,Tier 1,6-10,Male,Class 10 CBSE Complete,School Curriculum,10,Annual,Online,Active,85.0,14932.64,3.5
STU14436,2024-11-04,2024,Nov,Jaipur,Tier 2,15-17,Female,Class 8 Maths & Science,School Curriculum,8,Annual,Offline,Churned,27.4,9437.82,5.0
STU15520,2024-11-05,2024,Nov,Pune,Tier 1,11-14,Female,Robotics & AI Basics,Coding,6-8,Monthly,Online,Trial - Not Converted,17.6,0.0,
STU10289,2024-11-05,2024,Nov,Kolkata,Tier 1,18+,Male,Class 6 Foundation,School Curriculum,6,Annual,Offline,Active,70.3,7953.29,4.5
STU15447,2024-11-05,2024,Nov,Chennai,Tier 1,11-14,Female,JEE Main Foundation,Competitive Exam,11-12,Annual,Offline,Active,84.6,35228.29,4.1
STU12475,2024-11-05,2024,Nov,Bhopal,Tier 2,11-14,Female,Robotics & AI Basics,Coding,6-8,Quarterly,Online,Trial - Not Converted,7.7,0.0,
STU13275,2024-11-05,2024,Nov,Kanpur,Tier 2,11-14,Male,Class 10 CBSE Complete,School Curriculum,10,Monthly,Offline,Trial - Not Converted,7.6,0.0,
STU12494,2024-11-06,2024,Nov,Chennai,Tier 1,11-14,Male,NEET Crash Course,Competitive Exam,11-12,Annual,Online,Churned,19.8,42389.85,3.9
STU13902,2024-11-06,2024,Nov,Mumbai,Tier 1,18+,Female,NEET Crash Course,Competitive Exam,11-12,Quarterly,Offline,Trial - Not Converted,4.8,0.0,
STU11591,2024-11-06,2024,Nov,Hyderabad,Tier 1,15-17,Female,Coding for Kids - Scratch,Coding,3-5,Monthly,Online,Trial - Not Converted,9.5,0.0,
STU12765,2024-11-06,2024,Nov,Surat,Tier 2,18+,Female,NEET Crash Course,Competitive Exam,11-12,Monthly,Online,Active,44.1,4390.08,4.1
STU13552,2024-11-06,2024,Nov,Ranchi,Tier 3,15-17,Male,UPSC Prelims Foundation,Competitive Exam,Graduate,Monthly,Online,Trial - Not Converted,3.9,0.0,
STU12888,2024-11-06,2024,Nov,Hyderabad,Tier 1,18+,Female,NEET Crash Course,Competitive Exam,11-12,Annual,Online,Trial - Not Converted,23.3,0.0,
STU11187,2024-11-07,2024,Nov,Meerut,Tier 3,15-17,Male,Spoken English Mastery,Skill Development,All,Quarterly,Online,Active,84.7,1363.14,4.7
STU10484,2024-11-07,2024,Nov,Chennai,Tier 1,6-10,Female,Class 8 Maths & Science,School Curriculum,8,Monthly,Offline,Active,33.9,964.21,4.9
STU11287,2024-11-08,2024,Nov,Varanasi,Tier 3,6-10,Female,Coding for Kids - Scratch,Coding,3-5,Annual,Online,Completed,100.0,6141.66,4.4
STU15614,2024-11-08,2024,Nov,Surat,Tier 2,11-14,Male,UPSC Prelims Foundation,Competitive Exam,Graduate,Annual,Online,Completed,100.0,48352.38,4.2
STU10358,2024-11-08,2024,Nov,Bengaluru,Tier 1,18+,Female,Class 6 Foundation,School Curriculum,6,Monthly,Online,Active,24.5,824.07,4.1
STU12113,2024-11-09,2024,Nov,Ahmedabad,Tier 1,18+,Female,UPSC Prelims Foundation,Competitive Exam,Graduate,Quarterly,Online,Completed,100.0,15323.47,4.1
STU14501,2024-11-09,2024,Nov,Varanasi,Tier 3,6-10,Female,JEE Main Foundation,Competitive Exam,11-12,Annual,Offline,Churned,39.9,35231.14,5.0
STU11522,2024-11-09,2024,Nov,Lucknow,Tier 2,6-10,Male,Robotics & AI Basics,Coding,6-8,Monthly,Offline,Active,93.8,1198.54,4.7
STU13122,2024-11-09,2024,Nov,Meerut,Tier 3,15-17,Female,Spoken English Mastery,Skill Development,All,Annual,Online,Trial - Not Converted,13.8,0.0,
STU12797,2024-11-09,2024,Nov,Surat,Tier 2,15-17,Male,Class 6 Foundation,School Curriculum,6,Annual,Offline,Active,34.3,7992.95,3.2
STU11727,2024-11-09,2024,Nov,Hyderabad,Tier 1,18+,Female,Robotics & AI Basics,Coding,6-8,Monthly,Online,Trial - Not Converted,13.5,0.0,
STU11540,2024-11-09,2024,Nov,Delhi,Tier 1,11-14,Male,NEET Crash Course,Competitive Exam,11-12,Quarterly,Offline,Active,64.0,12305.7,4.9
STU13477,2024-11-10,2024,Nov,Raipur,Tier 3,15-17,Female,Coding for Kids - Scratch,Coding,3-5,Annual,Online,Trial - Not Converted,22.4,0.0,
STU10538,2024-11-11,2024,Nov,Patna,Tier 2,6-10,Male,Class 6 Foundation,School Curriculum,6,Annual,Offline,Completed,100.0,8662.5,3.4
STU12845,2024-11-11,2024,Nov,Hyderabad,Tier 1,11-14,Male,Coding for Kids - Scratch,Coding,3-5,Annual,Online,Active,28.6,6784.24,5.0
STU10300,2024-11-11,2024,Nov,Indore,Tier 2,11-14,Female,JEE Main Foundation,Competitive Exam,11-12,Annual,Online,Trial - Not Converted,3.2,0.0,
STU13040,2024-11-11,2024,Nov,Lucknow,Tier 2,11-14,Female,Class 6 Foundation,School Curriculum,6,Monthly,Online,Churned,22.3,787.79,4.5
STU13635,2024-11-11,2024,Nov,Bengaluru,Tier 1,6-10,Male,Robotics & AI Basics,Coding,6-8,Quarterly,Online,Active,91.9,3651.71,3.7
STU15571,2024-11-12,2024,Nov,Indore,Tier 2,15-17,Male,Class 6 Foundation,School Curriculum,6,Annual,Offline,Trial - Not Converted,8.9,0.0,
STU13038,2024-11-12,2024,Nov,Surat,Tier 2,18+,Female,Robotics & AI Basics,Coding,6-8,Annual,Online,Active,31.2,11448.53,4.5
STU11315,2024-11-12,2024,Nov,Bhopal,Tier 2,6-10,Female,Spoken English Mastery,Skill Development,All,Quarterly,Online,Completed,100.0,1447.54,4.4
STU11336,2024-11-12,2024,Nov,Raipur,Tier 3,6-10,Male,Coding for Kids - Scratch,Coding,3-5,Annual,Online,Trial - Not Converted,19.0,0.0,
STU13545,2024-11-12,2024,Nov,Surat,Tier 2,6-10,Female,Class 6 Foundation,School Curriculum,6,Quarterly,Online,Completed,100.0,2301.45,3.8
STU12428,2024-11-12,2024,Nov,Surat,Tier 2,6-10,Female,Class 10 CBSE Complete,School Curriculum,10,Annual,Offline,Active,75.7,15573.19,4.7
STU15310,2024-11-12,2024,Nov,Indore,Tier 2,6-10,Male,JEE Main Foundation,Competitive Exam,11-12,Annual,Offline,Churned,46.4,36041.79,3.6
STU12046,2024-11-12,2024,Nov,Patna,Tier 2,11-14,Female,UPSC Prelims Foundation,Competitive Exam,Graduate,Quarterly,Offline,Active,81.7,14422.23,4.1
STU14478,2024-11-13,2024,Nov,Bengaluru,Tier 1,15-17,Male,Python for Beginners,Coding,6-8,Monthly,Online,Churned,20.7,777.0,3.6
STU12487,2024-11-13,2024,Nov,Pune,Tier 1,11-14,Female,Class 8 Maths & Science,School Curriculum,8,Annual,Offline,Active,80.2,10189.69,3.3
STU14982,2024-11-13,2024,Nov,Pune,Tier 1,18+,Male,Robotics & AI Basics,Coding,6-8,Quarterly,Online,Trial - Not Converted,19.8,0.0,
STU11595,2024-11-14,2024,Nov,Delhi,Tier 1,15-17,Male,Spoken English Mastery,Skill Development,All,Quarterly,Online,Churned,25.4,1571.81,4.5
STU14595,2024-11-14,2024,Nov,Ahmedabad,Tier 1,11-14,Male,Class 8 Maths & Science,School Curriculum,8,Annual,Online,Active,25.6,10025.27,3.2
STU13105,2024-11-14,2024,Nov,Jaipur,Tier 2,6-10,Female,UPSC Prelims Foundation,Competitive Exam,Graduate,Annual,Offline,Active,74.3,45898.28,5.0
STU13136,2024-11-14,2024,Nov,Mumbai,Tier 1,15-17,Female,Spoken English Mastery,Skill Development,All,Annual,Online,Trial - Not Converted,24.7,0.0,
STU12963,2024-11-14,2024,Nov,Bengaluru,Tier 1,18+,Female,JEE Main Foundation,Competitive Exam,11-12,Annual,Online,Active,52.6,36280.79,4.2
STU12539,2024-11-14,2024,Nov,Mumbai,Tier 1,15-17,Female,Python for Beginners,Coding,6-8,Monthly,Online,Trial - Not Converted,6.5,0.0,
STU15658,2024-11-15,2024,Nov,Jodhpur,Tier 3,15-17,Male,Python for Beginners,Coding,6-8,Monthly,Online,Active,89.8,747.72,4.3
STU14024,2024-11-15,2024,Nov,Ahmedabad,Tier 1,18+,Male,Python for Beginners,Coding,6-8,Monthly,Online,Completed,100.0,793.86,4.2
STU14945,2024-11-15,2024,Nov,Bhopal,Tier 2,11-14,Female,Class 8 Maths & Science,School Curriculum,8,Quarterly,Offline,Active,83.3,2845.42,3.8
STU13403,2024-11-16,2024,Nov,Indore,Tier 2,6-10,Male,Class 8 Maths & Science,School Curriculum,8,Annual,Online,Trial - Not Converted,4.2,0.0,
STU11457,2024-11-16,2024,Nov,Patna,Tier 2,15-17,Female,Class 8 Maths & Science,School Curriculum,8,Monthly,Online,Active,24.8,960.94,3.7
STU14342,2024-11-16,2024,Nov,Hyderabad,Tier 1,11-14,Female,UPSC Prelims Foundation,Competitive Exam,Graduate,Annual,Offline,Churned,34.2,46753.86,4.9
STU15631,2024-11-16,2024,Nov,Lucknow,Tier 2,6-10,Female,Coding for Kids - Scratch,Coding,3-5,Annual,Online,Active,21.0,6032.88,4.4
STU10054,2024-11-16,2024,Nov,Nagpur,Tier 2,11-14,Male,Class 10 CBSE Complete,School Curriculum,10,Annual,Online,Trial - Not Converted,3.9,0.0,
STU11200,2024-11-16,2024,Nov,Delhi,Tier 1,6-10,Female,Coding for Kids - Scratch,Coding,3-5,Annual,Online,Active,63.6,6946.74,3.5
STU15912,2024-11-17,2024,Nov,Kota,Tier 3,18+,Male,Coding for Kids - Scratch,Coding,3-5,Annual,Online,Churned,17.1,6198.9,3.6
STU13410,2024-11-17,2024,Nov,Lucknow,Tier 2,11-14,Male,Class 8 Maths & Science,School Curriculum,8,Quarterly,Offline,Active,28.8,3038.89,3.7
STU10446,2024-11-17,2024,Nov,Hyderabad,Tier 1,15-17,Female,Robotics & AI Basics,Coding,6-8,Annual,Offline,Active,86.2,12699.62,4.6
STU15685,2024-11-17,2024,Nov,Pune,Tier 1,6-10,Male,Class 6 Foundation,School Curriculum,6,Annual,Offline,Churned,23.1,7541.11,4.8
STU12512,2024-11-17,2024,Nov,Chennai,Tier 1,18+,Male,JEE Main Foundation,Competitive Exam,11-12,Monthly,Offline,Completed,100.0,3612.37,3.1
STU15341,2024-11-18,2024,Nov,Hyderabad,Tier 1,15-17,Male,Class 6 Foundation,School Curriculum,6,Quarterly,Online,Completed,100.0,2268.09,4.5
STU11990,2024-11-18,2024,Nov,Nagpur,Tier 2,15-17,Male,Python for Beginners,Coding,6-8,Annual,Online,Active,38.1,8105.62,4.2
STU12854,2024-11-18,2024,Nov,Mumbai,Tier 1,18+,Male,UPSC Prelims Foundation,Competitive Exam,Graduate,Quarterly,Offline,Churned,37.3,15293.79,3.3
STU14624,2024-11-18,2024,Nov,Chennai,Tier 1,18+,Male,Spoken English Mastery,Skill Development,All,Quarterly,Online,Churned,25.8,1487.31,5.0
STU12518,2024-11-19,2024,Nov,Indore,Tier 2,11-14,Female,Coding for Kids - Scratch,Coding,3-5,Annual,Offline,Active,91.1,6098.53,3.9
STU12946,2024-11-19,2024,Nov,Patna,Tier 2,11-14,Male,JEE Main Foundation,Competitive Exam,11-12,Monthly,Offline,Active,85.8,3618.73,4.8
STU12789,2024-11-19,2024,Nov,Lucknow,Tier 2,6-10,Female,NEET Crash Course,Competitive Exam,11-12,Annual,Online,Active,35.1,43868.55,4.5
STU12262,2024-11-19,2024,Nov,Surat,Tier 2,18+,Female,Coding for Kids - Scratch,Coding,3-5,Quarterly,Offline,Active,34.8,2032.26,3.9
STU15577,2024-11-19,2024,Nov,Mumbai,Tier 1,18+,Female,Class 6 Foundation,School Curriculum,6,Annual,Online,Active,57.8,7559.06,3.6
STU10423,2024-11-19,2024,Nov,Pune,Tier 1,18+,Male,Class 8 Maths & Science,School Curriculum,8,Monthly,Offline,Trial - Not Converted,21.4,0.0,
STU11075,2024-11-20,2024,Nov,Delhi,Tier 1,15-17,Male,Python for Beginners,Coding,6-8,Quarterly,Online,Trial - Not Converted,6.6,0.0,
STU13028,2024-11-20,2024,Nov,Mumbai,Tier 1,18+,Female,Class 6 Foundation,School Curriculum,6,Annual,Online,Trial - Not Converted,14.0,0.0,
STU15603,2024-11-21,2024,Nov,Kolkata,Tier 1,11-14,Male,Coding for Kids - Scratch,Coding,3-5,Monthly,Online,Completed,100.0,670.78,4.5
STU13076,2024-11-22,2024,Nov,Indore,Tier 2,6-10,Female,Spoken English Mastery,Skill Development,All,Quarterly,Online,Active,61.0,1480.11,3.8
STU13271,2024-11-22,2024,Nov,Kolkata,Tier 1,6-10,Female,Robotics & AI Basics,Coding,6-8,Quarterly,Offline,Active,83.8,3642.09,3.3
STU11667,2024-11-22,2024,Nov,Kolkata,Tier 1,18+,Female,Python for Beginners,Coding,6-8,Quarterly,Online,Active,75.9,2207.68,5.0
STU10009,2024-11-23,2024,Nov,Lucknow,Tier 2,6-10,Female,Class 8 Maths & Science,School Curriculum,8,Quarterly,Online,Active,89.1,2900.84,5.0
STU15643,2024-11-24,2024,Nov,Indore,Tier 2,15-17,Female,Python for Beginners,Coding,6-8,Annual,Online,Active,40.4,7559.27,3.3
STU12912,2024-11-24,2024,Nov,Chennai,Tier 1,6-10,Female,Spoken English Mastery,Skill Development,All,Monthly,Online,Trial - Not Converted,2.0,0.0,
STU14449,2024-11-24,2024,Nov,Ranchi,Tier 3,15-17,Female,Class 10 CBSE Complete,School Curriculum,10,Quarterly,Offline,Active,21.2,4623.86,3.9
STU10248,2024-11-25,2024,Nov,Mumbai,Tier 1,15-17,Male,Python for Beginners,Coding,6-8,Annual,Online,Churned,33.6,8022.65,3.4
STU10722,2024-11-25,2024,Nov,Hyderabad,Tier 1,18+,Male,Spoken English Mastery,Skill Development,All,Annual,Online,Active,62.0,5146.04,5.0
STU10918,2024-11-25,2024,Nov,Indore,Tier 2,18+,Female,UPSC Prelims Foundation,Competitive Exam,Graduate,Annual,Offline,Trial - Not Converted,22.8,0.0,
STU10274,2024-11-25,2024,Nov,Surat,Tier 2,15-17,Female,Coding for Kids - Scratch,Coding,3-5,Annual,Online,Trial - Not Converted,8.6,0.0,
STU13181,2024-11-26,2024,Nov,Mumbai,Tier 1,6-10,Female,NEET Crash Course,Competitive Exam,11-12,Quarterly,Online,Active,47.0,12549.22,3.9
STU15995,2024-11-26,2024,Nov,Patna,Tier 2,18+,Male,Coding for Kids - Scratch,Coding,3-5,Annual,Online,Active,44.5,6770.52,4.4
STU14110,2024-11-27,2024,Nov,Delhi,Tier 1,15-17,Female,NEET Crash Course,Competitive Exam,11-12,Annual,Offline,Active,79.0,40314.16,5.0
STU11684,2024-11-27,2024,Nov,Meerut,Tier 3,6-10,Male,Python for Beginners,Coding,6-8,Quarterly,Offline,Trial - Not Converted,12.7,0.0,
STU10755,2024-11-28,2024,Nov,Meerut,Tier 3,18+,Female,Robotics & AI Basics,Coding,6-8,Annual,Online,Active,60.7,11784.33,4.5
STU13269,2024-11-28,2024,Nov,Mumbai,Tier 1,18+,Male,JEE Main Foundation,Competitive Exam,11-12,Annual,Offline,Completed,100.0,38505.54,5.0
STU11555,2024-11-28,2024,Nov,Delhi,Tier 1,15-17,Female,Class 10 CBSE Complete,School Curriculum,10,Monthly,Offline,Trial - Not Converted,9.6,0.0,
STU12362,2024-11-28,2024,Nov,Ahmedabad,Tier 1,11-14,Female,NEET Crash Course,Competitive Exam,11-12,Quarterly,Offline,Trial - Not Converted,24.0,0.0,
STU12061,2024-11-28,2024,Nov,Mumbai,Tier 1,6-10,Male,UPSC Prelims Foundation,Competitive Exam,Graduate,Quarterly,Offline,Churned,42.8,14652.26,4.0
STU10421,2024-11-29,2024,Nov,Bhopal,Tier 2,18+,Female,Class 10 CBSE Complete,School Curriculum,10,Monthly,Online,Active,82.1,1569.44,4.8
STU15105,2024-11-29,2024,Nov,Nagpur,Tier 2,11-14,Male,Class 8 Maths & Science,School Curriculum,8,Annual,Offline,Active,50.7,9868.48,4.0
STU13215,2024-11-29,2024,Nov,Mumbai,Tier 1,11-14,Female,Class 6 Foundation,School Curriculum,6,Quarterly,Offline,Active,37.2,2423.87,5.0
STU15532,2024-11-30,2024,Nov,Nagpur,Tier 2,11-14,Male,UPSC Prelims Foundation,Competitive Exam,Graduate,Annual,Offline,Active,92.7,49502.78,4.0
STU12385,2024-11-30,2024,Nov,Kolkata,Tier 1,15-17,Male,Python for Beginners,Coding,6-8,Quarterly,Online,Completed,100.0,2159.01,3.6
STU15869,2024-11-30,2024,Nov,Ahmedabad,Tier 1,11-14,Male,Spoken English Mastery,Skill Development,All,Quarterly,Offline,Active,30.4,1373.39,4.0
STU14250,2024-11-30,2024,Nov,Mumbai,Tier 1,18+,Female,Coding for Kids - Scratch,Coding,3-5,Annual,Online,Active,57.1,6852.21,4.0
STU13691,2024-11-30,2024,Nov,Jodhpur,Tier 3,18+,Male,JEE Main Foundation,Competitive Exam,11-12,Monthly,Offline,Active,36.7,3749.38,3.8
STU13134,2024-11-30,2024,Nov,Delhi,Tier 1,6-10,Female,Python for Beginners,Coding,6-8,Annual,Online,Trial - Not Converted,19.7,0.0,
STU10694,2024-11-30,2024,Nov,Hyderabad,Tier 1,6-10,Female,NEET Crash Course,Competitive Exam,11-12,Annual,Online,Trial - Not Converted,4.3,0.0,
STU12335,2024-12-01,2024,Dec,Jaipur,Tier 2,6-10,Male,JEE Main Foundation,Competitive Exam,11-12,Quarterly,Online,Trial - Not Converted,3.2,0.0,
STU10268,2024-12-01,2024,Dec,Lucknow,Tier 2,15-17,Female,Spoken English Mastery,Skill Development,All,Monthly,Online,Trial - Not Converted,16.2,0.0,
STU12408,2024-12-02,2024,Dec,Bengaluru,Tier 1,6-10,Female,Python for Beginners,Coding,6-8,Monthly,Online,Completed,100.0,800.66,5.0
STU11252,2024-12-02,2024,Dec,Pune,Tier 1,18+,Female,Coding for Kids - Scratch,Coding,3-5,Annual,Online,Active,72.9,6150.6,3.8
STU12202,2024-12-03,2024,Dec,Guwahati,Tier 3,18+,Male,Class 8 Maths & Science,School Curriculum,8,Monthly,Offline,Active,66.0,945.32,3.3
STU12501,2024-12-03,2024,Dec,Ahmedabad,Tier 1,15-17,Female,Class 8 Maths & Science,School Curriculum,8,Monthly,Online,Completed,100.0,975.32,3.5
STU13645,2024-12-03,2024,Dec,Delhi,Tier 1,6-10,Female,Class 8 Maths & Science,School Curriculum,8,Quarterly,Online,Active,96.9,2966.22,2.7
STU13651,2024-12-03,2024,Dec,Patna,Tier 2,6-10,Female,UPSC Prelims Foundation,Competitive Exam,Graduate,Annual,Offline,Completed,100.0,50629.47,4.0
STU11963,2024-12-04,2024,Dec,Kanpur,Tier 2,18+,Male,Class 6 Foundation,School Curriculum,6,Annual,Offline,Completed,100.0,8078.27,3.6
STU11979,2024-12-04,2024,Dec,Jaipur,Tier 2,11-14,Female,Coding for Kids - Scratch,Coding,3-5,Quarterly,Online,Active,35.5,1973.39,3.0
STU15519,2024-12-04,2024,Dec,Jaipur,Tier 2,15-17,Male,Coding for Kids - Scratch,Coding,3-5,Monthly,Online,Active,34.0,630.58,4.3
STU11610,2024-12-04,2024,Dec,Lucknow,Tier 2,18+,Female,Class 8 Maths & Science,School Curriculum,8,Monthly,Offline,Active,33.4,966.65,4.0
STU10250,2024-12-05,2024,Dec,Meerut,Tier 3,18+,Female,UPSC Prelims Foundation,Competitive Exam,Graduate,Quarterly,Online,Active,31.1,13842.24,3.8
STU11701,2024-12-05,2024,Dec,Nagpur,Tier 2,18+,Female,Class 8 Maths & Science,School Curriculum,8,Annual,Online,Active,22.5,9815.25,3.7
STU13008,2024-12-05,2024,Dec,Indore,Tier 2,11-14,Male,NEET Crash Course,Competitive Exam,11-12,Monthly,Offline,Active,66.9,3924.09,5.0
STU12209,2024-12-06,2024,Dec,Surat,Tier 2,11-14,Female,Spoken English Mastery,Skill Development,All,Annual,Online,Active,37.2,4512.56,3.3
STU15025,2024-12-06,2024,Dec,Ranchi,Tier 3,11-14,Male,Spoken English Mastery,Skill Development,All,Annual,Online,Active,84.4,4566.78,2.9
STU10685,2024-12-06,2024,Dec,Kolkata,Tier 1,6-10,Female,Coding for Kids - Scratch,Coding,3-5,Annual,Online,Active,74.2,6811.51,4.6
STU15296,2024-12-06,2024,Dec,Surat,Tier 2,11-14,Female,Class 6 Foundation,School Curriculum,6,Quarterly,Offline,Completed,100.0,2483.24,3.5
STU14676,2024-12-06,2024,Dec,Ranchi,Tier 3,18+,Female,NEET Crash Course,Competitive Exam,11-12,Annual,Online,Active,22.9,39754.92,3.9
STU14261,2024-12-08,2024,Dec,Pune,Tier 1,11-14,Male,Class 6 Foundation,School Curriculum,6,Quarterly,Online,Completed,100.0,2614.27,4.7
STU10101,2024-12-08,2024,Dec,Lucknow,Tier 2,15-17,Female,Robotics & AI Basics,Coding,6-8,Annual,Online,Active,27.0,12769.44,3.4
STU11465,2024-12-08,2024,Dec,Guwahati,Tier 3,18+,Female,Coding for Kids - Scratch,Coding,3-5,Monthly,Offline,Active,67.6,666.11,4.0
STU15339,2024-12-08,2024,Dec,Ahmedabad,Tier 1,6-10,Male,Python for Beginners,Coding,6-8,Annual,Online,Trial - Not Converted,5.4,0.0,
STU13794,2024-12-09,2024,Dec,Ahmedabad,Tier 1,15-17,Male,NEET Crash Course,Competitive Exam,11-12,Annual,Online,Active,82.2,45329.45,4.6
STU11375,2024-12-09,2024,Dec,Nagpur,Tier 2,15-17,Male,NEET Crash Course,Competitive Exam,11-12,Annual,Online,Active,61.3,44195.37,5.0
STU14100,2024-12-09,2024,Dec,Ahmedabad,Tier 1,15-17,Female,Class 8 Maths & Science,School Curriculum,8,Quarterly,Online,Trial - Not Converted,6.5,0.0,
STU14898,2024-12-09,2024,Dec,Ahmedabad,Tier 1,15-17,Female,Spoken English Mastery,Skill Development,All,Quarterly,Online,Active,31.1,1554.94,4.3
STU13665,2024-12-09,2024,Dec,Surat,Tier 2,11-14,Female,Python for Beginners,Coding,6-8,Quarterly,Online,Active,70.7,2461.78,3.9
STU10073,2024-12-10,2024,Dec,Ranchi,Tier 3,11-14,Male,Coding for Kids - Scratch,Coding,3-5,Annual,Online,Active,90.5,6855.38,4.1
STU15866,2024-12-10,2024,Dec,Jodhpur,Tier 3,18+,Male,Python for Beginners,Coding,6-8,Annual,Online,Churned,59.3,7586.48,4.1
STU15267,2024-12-10,2024,Dec,Chennai,Tier 1,18+,Female,Class 8 Maths & Science,School Curriculum,8,Annual,Offline,Active,34.0,10031.74,4.0
STU14685,2024-12-10,2024,Dec,Hyderabad,Tier 1,11-14,Male,Spoken English Mastery,Skill Development,All,Quarterly,Online,Active,92.6,1405.29,4.9
STU11405,2024-12-11,2024,Dec,Kolkata,Tier 1,18+,Female,JEE Main Foundation,Competitive Exam,11-12,Annual,Online,Active,34.5,35332.56,4.0
STU10238,2024-12-11,2024,Dec,Bengaluru,Tier 1,11-14,Male,UPSC Prelims Foundation,Competitive Exam,Graduate,Monthly,Online,Active,22.2,5224.72,3.2
STU11424,2024-12-11,2024,Dec,Kolkata,Tier 1,18+,Male,Class 6 Foundation,School Curriculum,6,Quarterly,Offline,Active,47.5,2363.12,3.5
STU12124,2024-12-11,2024,Dec,Guwahati,Tier 3,18+,Female,Class 6 Foundation,School Curriculum,6,Monthly,Offline,Active,87.4,771.73,4.0
STU14848,2024-12-11,2024,Dec,Kota,Tier 3,11-14,Female,JEE Main Foundation,Competitive Exam,11-12,Annual,Online,Active,62.3,34027.42,3.8
STU10905,2024-12-12,2024,Dec,Jaipur,Tier 2,18+,Male,NEET Crash Course,Competitive Exam,11-12,Quarterly,Offline,Trial - Not Converted,24.3,0.0,
STU13573,2024-12-12,2024,Dec,Bengaluru,Tier 1,18+,Female,JEE Main Foundation,Competitive Exam,11-12,Annual,Online,Trial - Not Converted,3.0,0.0,
STU14143,2024-12-12,2024,Dec,Delhi,Tier 1,11-14,Male,Class 6 Foundation,School Curriculum,6,Monthly,Offline,Trial - Not Converted,4.5,0.0,
STU15461,2024-12-13,2024,Dec,Jaipur,Tier 2,15-17,Male,Coding for Kids - Scratch,Coding,3-5,Quarterly,Online,Active,99.3,2004.9,4.5
STU12615,2024-12-13,2024,Dec,Delhi,Tier 1,11-14,Male,Class 6 Foundation,School Curriculum,6,Annual,Online,Active,99.0,8112.06,3.0
STU13658,2024-12-14,2024,Dec,Varanasi,Tier 3,18+,Male,Spoken English Mastery,Skill Development,All,Annual,Online,Trial - Not Converted,11.6,0.0,
STU10681,2024-12-14,2024,Dec,Surat,Tier 2,6-10,Female,NEET Crash Course,Competitive Exam,11-12,Quarterly,Online,Active,36.7,12772.35,3.9
STU12876,2024-12-14,2024,Dec,Delhi,Tier 1,11-14,Female,UPSC Prelims Foundation,Competitive Exam,Graduate,Annual,Offline,Active,32.7,45039.58,4.6
STU12793,2024-12-14,2024,Dec,Kota,Tier 3,18+,Male,Coding for Kids - Scratch,Coding,3-5,Monthly,Online,Completed,100.0,677.89,3.2
STU14829,2024-12-16,2024,Dec,Delhi,Tier 1,6-10,Male,Class 6 Foundation,School Curriculum,6,Annual,Online,Active,47.4,7617.3,4.4
STU14719,2024-12-16,2024,Dec,Kanpur,Tier 2,11-14,Female,Coding for Kids - Scratch,Coding,3-5,Annual,Offline,Active,35.9,6039.86,3.8
STU10762,2024-12-16,2024,Dec,Bengaluru,Tier 1,11-14,Male,Coding for Kids - Scratch,Coding,3-5,Quarterly,Offline,Active,23.3,1835.76,4.4
STU11871,2024-12-16,2024,Dec,Bhopal,Tier 2,15-17,Male,Class 10 CBSE Complete,School Curriculum,10,Annual,Online,Trial - Not Converted,24.1,0.0,
STU12814,2024-12-16,2024,Dec,Bhopal,Tier 2,6-10,Male,JEE Main Foundation,Competitive Exam,11-12,Quarterly,Online,Trial - Not Converted,23.0,0.0,
STU14802,2024-12-16,2024,Dec,Ahmedabad,Tier 1,6-10,Female,Spoken English Mastery,Skill Development,All,Monthly,Online,Trial - Not Converted,21.8,0.0,
STU11708,2024-12-17,2024,Dec,Lucknow,Tier 2,11-14,Male,Robotics & AI Basics,Coding,6-8,Annual,Online,Completed,100.0,13113.07,3.7
STU14687,2024-12-17,2024,Dec,Kanpur,Tier 2,11-14,Male,Python for Beginners,Coding,6-8,Quarterly,Online,Active,25.5,2286.61,5.0
STU10793,2024-12-17,2024,Dec,Nagpur,Tier 2,18+,Female,UPSC Prelims Foundation,Competitive Exam,Graduate,Annual,Offline,Completed,100.0,50043.1,3.7
STU15827,2024-12-17,2024,Dec,Surat,Tier 2,11-14,Male,Coding for Kids - Scratch,Coding,3-5,Annual,Online,Active,72.4,6592.98,3.9
STU11778,2024-12-17,2024,Dec,Delhi,Tier 1,18+,Male,Class 10 CBSE Complete,School Curriculum,10,Quarterly,Offline,Active,23.7,4580.85,4.7
STU10726,2024-12-18,2024,Dec,Kolkata,Tier 1,6-10,Female,Class 8 Maths & Science,School Curriculum,8,Monthly,Online,Active,46.8,928.82,3.7
STU13913,2024-12-18,2024,Dec,Jodhpur,Tier 3,18+,Male,Python for Beginners,Coding,6-8,Monthly,Online,Active,89.0,756.75,4.6
STU15364,2024-12-18,2024,Dec,Nagpur,Tier 2,15-17,Female,Robotics & AI Basics,Coding,6-8,Annual,Online,Churned,26.5,11437.54,3.3
STU15208,2024-12-18,2024,Dec,Patna,Tier 2,11-14,Female,Class 10 CBSE Complete,School Curriculum,10,Annual,Online,Active,63.9,14213.7,4.9
STU11987,2024-12-19,2024,Dec,Kolkata,Tier 1,15-17,Male,Class 8 Maths & Science,School Curriculum,8,Annual,Online,Completed,100.0,10416.69,4.5
STU13963,2024-12-19,2024,Dec,Chennai,Tier 1,11-14,Female,Python for Beginners,Coding,6-8,Annual,Offline,Churned,33.4,7490.27,4.8
STU12080,2024-12-19,2024,Dec,Kolkata,Tier 1,15-17,Female,UPSC Prelims Foundation,Competitive Exam,Graduate,Annual,Online,Active,38.4,47732.4,5.0
STU15852,2024-12-20,2024,Dec,Kota,Tier 3,15-17,Male,Spoken English Mastery,Skill Development,All,Quarterly,Online,Churned,13.9,1425.52,4.6
STU15501,2024-12-20,2024,Dec,Raipur,Tier 3,6-10,Male,Coding for Kids - Scratch,Coding,3-5,Annual,Online,Trial - Not Converted,5.6,0.0,
STU12342,2024-12-20,2024,Dec,Bengaluru,Tier 1,15-17,Male,Python for Beginners,Coding,6-8,Annual,Online,Active,41.2,8008.09,4.6
STU11764,2024-12-20,2024,Dec,Jodhpur,Tier 3,15-17,Female,Class 10 CBSE Complete,School Curriculum,10,Annual,Offline,Active,65.4,15533.19,5.0
STU10736,2024-12-20,2024,Dec,Jaipur,Tier 2,11-14,Female,Class 10 CBSE Complete,School Curriculum,10,Monthly,Online,Trial - Not Converted,22.9,0.0,
STU15483,2024-12-20,2024,Dec,Nagpur,Tier 2,11-14,Male,Robotics & AI Basics,Coding,6-8,Monthly,Online,Active,93.4,1165.99,5.0
STU13695,2024-12-21,2024,Dec,Surat,Tier 2,6-10,Male,UPSC Prelims Foundation,Competitive Exam,Graduate,Annual,Offline,Completed,100.0,48524.54,4.3
STU12873,2024-12-21,2024,Dec,Indore,Tier 2,15-17,Male,Class 8 Maths & Science,School Curriculum,8,Annual,Online,Trial - Not Converted,5.6,0.0,
STU15112,2024-12-22,2024,Dec,Delhi,Tier 1,11-14,Female,Class 10 CBSE Complete,School Curriculum,10,Quarterly,Offline,Active,93.6,4655.05,3.3
STU13248,2024-12-22,2024,Dec,Bhopal,Tier 2,15-17,Male,NEET Crash Course,Competitive Exam,11-12,Quarterly,Offline,Active,61.2,13035.8,3.7
STU10516,2024-12-22,2024,Dec,Nagpur,Tier 2,15-17,Female,NEET Crash Course,Competitive Exam,11-12,Annual,Online,Trial - Not Converted,1.8,0.0,
STU10215,2024-12-22,2024,Dec,Bhopal,Tier 2,15-17,Male,Class 10 CBSE Complete,School Curriculum,10,Annual,Offline,Active,22.5,14232.59,4.5
STU13778,2024-12-22,2024,Dec,Lucknow,Tier 2,6-10,Male,Robotics & AI Basics,Coding,6-8,Quarterly,Online,Active,33.8,3377.28,4.3
STU10799,2024-12-23,2024,Dec,Ahmedabad,Tier 1,15-17,Male,Class 8 Maths & Science,School Curriculum,8,Quarterly,Online,Completed,100.0,2912.8,3.2
STU10294,2024-12-23,2024,Dec,Meerut,Tier 3,15-17,Female,NEET Crash Course,Competitive Exam,11-12,Quarterly,Online,Active,31.7,13480.75,3.9
STU10652,2024-12-23,2024,Dec,Lucknow,Tier 2,18+,Female,Spoken English Mastery,Skill Development,All,Monthly,Offline,Active,24.2,469.69,3.5
STU15311,2024-12-23,2024,Dec,Chennai,Tier 1,6-10,Male,JEE Main Foundation,Competitive Exam,11-12,Monthly,Offline,Churned,52.4,3798.69,5.0
STU12709,2024-12-23,2024,Dec,Surat,Tier 2,6-10,Female,Class 6 Foundation,School Curriculum,6,Monthly,Online,Completed,100.0,861.29,4.4
STU14458,2024-12-23,2024,Dec,Kanpur,Tier 2,6-10,Male,Class 6 Foundation,School Curriculum,6,Annual,Offline,Completed,100.0,7732.45,5.0
STU11755,2024-12-24,2024,Dec,Ahmedabad,Tier 1,6-10,Female,Robotics & AI Basics,Coding,6-8,Annual,Online,Active,93.9,11705.82,4.6
STU13968,2024-12-24,2024,Dec,Chennai,Tier 1,15-17,Male,UPSC Prelims Foundation,Competitive Exam,Graduate,Quarterly,Offline,Active,98.2,15102.74,3.7
STU11698,2024-12-24,2024,Dec,Patna,Tier 2,18+,Female,UPSC Prelims Foundation,Competitive Exam,Graduate,Annual,Online,Active,27.6,46487.26,2.3
STU13204,2024-12-24,2024,Dec,Delhi,Tier 1,6-10,Female,NEET Crash Course,Competitive Exam,11-12,Quarterly,Offline,Trial - Not Converted,1.5,0.0,
STU15859,2024-12-24,2024,Dec,Indore,Tier 2,11-14,Male,Spoken English Mastery,Skill Development,All,Annual,Offline,Active,77.9,4691.93,3.6
STU14158,2024-12-24,2024,Dec,Ahmedabad,Tier 1,11-14,Male,Robotics & AI Basics,Coding,6-8,Monthly,Online,Active,50.7,1138.06,4.5
STU13672,2024-12-24,2024,Dec,Surat,Tier 2,11-14,Female,Class 6 Foundation,School Curriculum,6,Annual,Online,Active,67.3,8659.43,4.0
STU11887,2024-12-25,2024,Dec,Kanpur,Tier 2,18+,Female,Class 10 CBSE Complete,School Curriculum,10,Quarterly,Online,Active,43.6,4402.7,4.6
STU15812,2024-12-25,2024,Dec,Bengaluru,Tier 1,11-14,Male,JEE Main Foundation,Competitive Exam,11-12,Monthly,Offline,Active,67.9,3569.45,5.0
STU13206,2024-12-25,2024,Dec,Delhi,Tier 1,11-14,Male,Robotics & AI Basics,Coding,6-8,Annual,Offline,Trial - Not Converted,10.6,0.0,
STU11804,2024-12-25,2024,Dec,Bengaluru,Tier 1,11-14,Male,Robotics & AI Basics,Coding,6-8,Monthly,Online,Churned,32.7,1229.53,3.8
STU12541,2024-12-26,2024,Dec,Chennai,Tier 1,6-10,Male,Class 8 Maths & Science,School Curriculum,8,Annual,Online,Completed,100.0,9892.81,4.9
STU15011,2024-12-26,2024,Dec,Hyderabad,Tier 1,11-14,Female,NEET Crash Course,Competitive Exam,11-12,Monthly,Offline,Active,44.7,4471.62,4.9
STU13652,2024-12-26,2024,Dec,Kolkata,Tier 1,6-10,Female,Spoken English Mastery,Skill Development,All,Monthly,Online,Active,55.0,457.0,5.0
STU13044,2024-12-26,2024,Dec,Jaipur,Tier 2,15-17,Male,Python for Beginners,Coding,6-8,Annual,Online,Completed,100.0,7690.71,4.6
STU14723,2024-12-27,2024,Dec,Varanasi,Tier 3,6-10,Male,UPSC Prelims Foundation,Competitive Exam,Graduate,Annual,Online,Active,67.6,52426.4,4.1
STU14327,2024-12-27,2024,Dec,Ranchi,Tier 3,11-14,Male,Coding for Kids - Scratch,Coding,3-5,Quarterly,Online,Churned,32.4,2018.68,3.6
STU13575,2024-12-27,2024,Dec,Indore,Tier 2,6-10,Male,Class 8 Maths & Science,School Curriculum,8,Annual,Online,Trial - Not Converted,22.8,0.0,
STU10018,2024-12-27,2024,Dec,Hyderabad,Tier 1,15-17,Male,Class 6 Foundation,School Curriculum,6,Annual,Online,Active,26.3,7880.26,5.0
STU11300,2024-12-27,2024,Dec,Kolkata,Tier 1,18+,Female,Spoken English Mastery,Skill Development,All,Monthly,Offline,Completed,100.0,479.29,3.7
STU12194,2024-12-27,2024,Dec,Jaipur,Tier 2,15-17,Female,Class 8 Maths & Science,School Curriculum,8,Quarterly,Offline,Trial - Not Converted,11.2,0.0,
STU14662,2024-12-29,2024,Dec,Varanasi,Tier 3,15-17,Female,Python for Beginners,Coding,6-8,Annual,Online,Completed,100.0,7820.96,4.6
STU13834,2024-12-29,2024,Dec,Ahmedabad,Tier 1,6-10,Female,Class 6 Foundation,School Curriculum,6,Annual,Online,Active,70.6,7739.1,4.0
STU15047,2024-12-30,2024,Dec,Nagpur,Tier 2,15-17,Female,Coding for Kids - Scratch,Coding,3-5,Annual,Online,Trial - Not Converted,17.4,0.0,
STU14836,2024-12-30,2024,Dec,Jodhpur,Tier 3,6-10,Female,Class 6 Foundation,School Curriculum,6,Annual,Online,Churned,27.3,7982.98,4.1
STU15978,2024-12-30,2024,Dec,Lucknow,Tier 2,15-17,Female,Class 8 Maths & Science,School Curriculum,8,Annual,Online,Active,30.7,9080.91,4.7
STU14614,2024-12-30,2024,Dec,Nagpur,Tier 2,18+,Female,Class 10 CBSE Complete,School Curriculum,10,Quarterly,Online,Trial - Not Converted,3.5,0.0,
STU14697,2024-12-30,2024,Dec,Jaipur,Tier 2,6-10,Male,Coding for Kids - Scratch,Coding,3-5,Monthly,Online,Active,88.5,618.06,3.2
STU12345,2024-12-31,2024,Dec,Hyderabad,Tier 1,18+,Female,Class 8 Maths & Science,School Curriculum,8,Monthly,Offline,Active,75.0,999.65,4.6
STU13527,2024-12-31,2024,Dec,Mumbai,Tier 1,6-10,Female,Spoken English Mastery,Skill Development,All,Monthly,Offline,Trial - Not Converted,3.2,0.0,
STU14000,2024-12-31,2024,Dec,Kota,Tier 3,18+,Female,Class 6 Foundation,School Curriculum,6,Quarterly,Offline,Active,49.5,2357.16,4.9
STU11502,2024-12-31,2024,Dec,Bhopal,Tier 2,15-17,Female,Class 6 Foundation,School Curriculum,6,Quarterly,Offline,Active,75.4,2424.26,3.1
STU10194,2024-12-31,2024,Dec,Indore,Tier 2,6-10,Female,Robotics & AI Basics,Coding,6-8,Monthly,Online,Active,36.1,1170.91,4.6
